query_language,title,year,venue,authors,doi,openalex_url,matched_keywords,relation_sides,cited_by_count,type
ar,تعليم العربية بين التراث وتحديات المستقبل,2020,الإنسانيات,ا.د.محمود فراج عبد الحافظ فراج,10.21608/ins.2020.235022,https://openalex.org/W4285718280,['التراث'],arab,0,article
ar,التراث الثقافي العماني والتنمية المستدامة: دور المؤسسات البحثية وجهود منظمات المجتمع المدني التخصصية,2022,Journal of Arts and Social Sciences [JASS],علي بن سعيد الريامي; ناصر الصقري,10.53542/jass.v13i1.4938,https://openalex.org/W4388733207,['التراث الثقافي'],arab,0,article
ar,تأثیر العمران المستدام علی التنمیة السیاحیة بالمدن التراثیة,2020,Journal of Engineering Research - Egypt/Journal of Engineering Research,ولاء أ نور; مروة قمر الدولة; میار خورشد,10.21608/erjeng.2020.125461,https://openalex.org/W3112591060,['التنمية السياحية'],arab,1,article
ar,تقييم الخدمات المالية والمصرفية المقدمة للزوار في المدينة المنورة خلال موسم الحج لعام: 1434هـ,2017,مجلة بيت المشورة,Abid Al-Abdali,10.33001/m300420170631,https://openalex.org/W3111103670,['الحج'],arab,0,article
ar,أثر تطبیق إدارة الموارد البشریة الخضراءعلى تنمیة السیاحة الخضراء فی وجود الرشاقة التنظیمیة (کمتغیر وسیط) دراسة تطبیقیة على العاملین بشرکات السیاحة المصریة فئة (أ),2022,مجلة البحوث المالیة والتجاریة,شیماء البطران; نهلة مشهور; سماح الشناوى,10.21608/jsst.2022.155778.1463,https://openalex.org/W4295543222,['صناعة السياحة'],arab,0,article
ar,The tourism sector and its adaptation measures with the requirements of sustainable development and the green economy in Algeria.,2022,Revue Sciences Humaines (Université des Frères Mentouri Constantine 1),محمد بلعيدي; زهير زواش; Mohamed Belaidi; Zohir Zouache; Mohamed Belaidi; Zohir Zouache,,https://openalex.org/W7139210547,['التنمية السياحية'],arab,0,book
ar,أثر مكونات الهرم السكاني على التنمية السياحية المستدامة: دراسة حالة محافظة العقبة في الأردن,2017,دراسات,إبراهيم خليل إبراهيم بظاظو,10.34118/0136-000-052-018,https://openalex.org/W2953948825,['التنمية السياحية'],arab,0,article
ar,أثر إدراج مواقع العين على قائمة التراث العالمي في حماية تلك المواقع وإدارتها,2025,Al-Adab Journal,عبدالله الكعبي; مجد موسى,10.31973/13s7ek29,https://openalex.org/W4411245151,['التراث الثقافي'],arab,0,article
ar,تقييم الخدمات المالية والمصرفية المقدمة للزوار في المدينة المنورة خلال موسم الحج,2018,المجلة العملیة التجارة والتمویل,عابد بن عابد العبدلى,10.21608/caf.2018.126025,https://openalex.org/W4240366657,['الحج'],arab,0,article
ar,الآليات الوطنية و الدولية لحماية التراث الثقافي الجزائري,2015,مجلة التراث,سائحي العلاء,10.12816/0012035,https://openalex.org/W2512595868,['التراث الثقافي'],arab,0,article
ar,فحص وصیانة وترمیم بعض البردیات المحفوظة بالمتحف المصری – القاهرة,2019,The Conference Book of the General Union of Arab Archaeologists/The Conference Book of the General Union of Arab Archaeologists,Atef Brania,10.21608/cguaa.2019.39079,https://openalex.org/W2959036668,['المتحف'],arab,0,conference-paper
ar,آثار اختلاف القراءات المتواترة وتوجيهها ودلالاتها: نماذج تطبيقية مختارة من سورة (الحج),2020,DOAJ (DOAJ: Directory of Open Access Journals),عدنان بن عبد الرزاق الحموي العلبي,,https://openalex.org/W4309132341,['الحج'],arab,0,article
ar,الإعلام السياحي ودوره في الترويج للسياحة البيئية في الجزائر,2021,Recherchers economiques manageriales,نجود حمري; كلثوم البز,,https://openalex.org/W3205088341,['السياحي'],arab,0,article
ar,السياحة الخليجية بين سلوكيات الأفراد ومسؤولية السلطات,2014,مجلة الدراسات الإقتصادية والمالية,رجراج أحمد,,https://openalex.org/W2937756468,['السياحة'],arab,0,article
ar,دور التسویق الوردی فی إتخاذ السائح قرار الشراء: بالتطبیق على شرکات السیاحة المصریة,2021,مجلة کلية السياحة والفنادق - جامعة مدينة السادات,مهاد خلیل; تقی فهمی; محمود عبداللاه,10.21608/mfth.2021.205214,https://openalex.org/W4206266543,['السائح'],arab,0,article
ar,مواقع التراث العالمي المهدد بالخطر في شمال غرب سورية: بارك الجبل الأعلى- رقم (6),2025,مجلة الآداب,أنس أحمد حج زيدان,10.35696/joa.v13i2.2610,https://openalex.org/W4410774330,['المعالم الأثرية'],arab,0,article
ar,Entrepreneurship: A strategy for Creating Innovative Tourism Products in Egyptian Travel Agencies,2018,مجلة کلية السياحة والفنادق - جامعة مدينة السادات,Dalia Hassan; Nehad Kamal; Amany R. Mohammed; Habatallah Gaafar,10.21608/mfth.2018.26248,https://openalex.org/W2917299860,"['السفر', 'الضيافة', 'صناعة الضيافة']",arab,1,article
ar,المسارات التراثیة السیاحیة کأداة لتحقیق التنمیة المستدامة للمدن,2017,Journal of Al-Azhar University Engineering Sector,محمد شوقی أبولیله; مهند فوده,10.21608/auej.2017.19272,https://openalex.org/W2901215882,"['السائحين', 'السياحة التراثية', 'السياحة المستدامة']",arab,1,article
ar,فرصة تسويق صناعة السياحة الروحية الدينية وإمكانياتها بالجزائر,2013,Dirassat Journal Economic Issue,Miloud Zidelkhir; Med Tahar Kadri,10.34118/djei.v4i2.585,https://openalex.org/W4298300454,"['السياحة', 'السياحة الدينية', 'صناعة السياحة']",arab,0,article
ar,"دور التخطيط السياحي في دعم التنمية السياحية المستدامة الداخلية:, دراسة حالة الجزائر",2019,مجلة رماح للبحوث والدراسات,هارون العشي; فايزة بوراس,10.33953/1371-000-033-003,https://openalex.org/W3092934712,['التنمية السياحية'],arab,0,article
ar,أثر التخطیط السیاحی فی التنمیة السیاحیة المستدامة دراسة تحلیلیة / مدینة بغداد نموذجا,2022,مجلة کلية السياحة والفنادق جامعة المنصورة,موحان شعلان عبیس,10.21608/mkaf.2022.257836,https://openalex.org/W4295546932,"['التنمية السياحية', 'صناعة السياحة']",arab,0,article
ar,تقييم نظم ادارة الازمات في الشركات السياحية المصرية,2024,المجلة الدولية للتراث والسياحة والضيافة,ريم احمد; مصطفى محمود أبو حمد; محمد محمد فراج,10.21608/jihtha.2025.331166.1076,https://openalex.org/W4408627193,['السياحية'],arab,0,article
ar,تنمیة وتطویر وسائل التواصل الفعال لدى المرشد السیاحی واثرها على القطاع السیاحی,2019,مجلة کلية السياحة والفنادق جامعة المنصورة,مهدی محمد مهدی السعدی; صفاء عبد الجبار الموسوی; نرمین محمود شکری; رحاب محمود الشرنوبی,10.21608/mkaf.2021.164938,https://openalex.org/W3157966819,['السائح'],arab,0,article
ar,إعادة تأهیل الموارد البشریة فی قطاع الفنادق المصری من خلال تطویر مهارات الذکاء الاصطناعی,2022,مجلة کلية السياحة والفنادق - جامعة مدينة السادات,إسلام سید عبد الغنی یاسین; أشرف السید عبد المعبود; هشام عزت سعد; عمر السید قورة,10.21608/mfth.2022.238088,https://openalex.org/W4281262193,['صناعة السياحة'],arab,1,article
ar,الاستفادة من الکتابة المصرية القديمة (الرموز الهيروغليفية) لإثراء القيمة الجمالية للمفروشات السياحية.,2019,Al-Mağallah Al-ʿilmiyyaẗ Li Kulliyyaẗ Al-Tarbiyyaẗ Al-Nawʿiyyaẗ - Ǧāmiʿaẗ Al-Munūfiyyaẗ,إيمان السيد السيد أبوسنة; حنان حسنى يشار; دعاء عبد المجيد جعفر,10.21608/molag.2019.153225,https://openalex.org/W3134406477,['السائحين'],arab,0,article
ar,أربعة وثائق صدقة وتراجع عن الصدقة من العصر المملوکى (648-923هـ/1250-1517م),2022,مجلة الإتحاد العام للآثاريين العرب,Shaimaa abd-Allah Ibrahim,10.21608/jguaa.2021.70480.1177,https://openalex.org/W4210340464,['المتاحف'],arab,0,article
ar,ولفي يا مسافر,2014,,عدلي الهواري بحوث ومقالات وقصص,,https://openalex.org/W2970885453,['السفر'],arab,0,article
ar,تحف معدنية تراثية من المتحف العراقي,2013,مجلة مركز بابل للدراسات الإنسانية,مساعد عماد مهدى حسن,10.33843/1152-003-002-011,https://openalex.org/W4411759743,['المتحف'],arab,0,article
ar,"أحكام السفر والانتقال بالمحضون في التشريعات العربية:, دراسة مقارنة بين التشريعات المشرقية والمغاربية",2022,مجلة العلوم القانونية والاجتماعية,سلوغة عبدالرحمان; نور الدين فليغة,10.53419/2259-007-001-017,https://openalex.org/W4412144870,['السفر'],arab,0,article
ar,"تكنولوجيا الإعلام والاتصال كآلية لتحسين الجذب السياحي ""حالة الجزائر""",2020,,سيد أحمد بن ناصر; جيلالي مزواغي; جيلالي بوظراف,,https://openalex.org/W3172610983,['السياحي'],arab,0,article
ar,الأوضاع الاقتصادية والاجتماعية لأقاليم كيرينايكى من خلال المصادر المادية والأدبية في العصرين البطلمي والروماني 322ق. م – 305م,2024,مجلة الجامعة الأسمرية,عمران احمد حسين الشريف,10.59743/jau.v37i5.2146,https://openalex.org/W4406856532,['المعالم الأثرية'],arab,0,article
ar,واقع التنمية السياحية المستدامة في المناطق الصحراوية الحدودية بالجزائر_مؤشر قتنافسية قطاع السياحة والسفر_,2021,السياسة العالمية,مريم سعداوي,,https://openalex.org/W3168976723,['التنمية السياحية'],arab,0,article
ar,السعودية في المدرك الاستراتيجي الصيني,2025,Tikrit Journal For Political Science,زهراء امير حسن,10.25130/tjfps.v2i39.487,https://openalex.org/W4411952251,['مبادرة الحزام والطريق'],both,0,article
ar,نحو نظام قانوني لحماية السائح الأجنبي في ضوء تنظيم قطر لكأس العالم 2022,2020,DOAJ (DOAJ: Directory of Open Access Journals),أنس فيصل التورة; طارق جمعه السيد راشد,,https://openalex.org/W3166148086,['السائح'],arab,0,article
ar,الانعكاسات الايجابية والسلبية لتوجهات الدولة نحو خصخصة ا لمطارات المصرية,2025,مجلة کلية السياحة والفنادق - جامعة مدينة السادات,ريهام محمد محمود حواش,10.21608/mfth.2025.428590,https://openalex.org/W4410938763,['صناعة السياحة'],arab,0,article
ar,الأندلس وأدب الرحلات دراسة لتأثير الأندلس على رحلات المسافرين وأعمالهم الأدبية,2024,حولیة کلیة اللغة العربیة بجرجا,خلود ناصر منصور المطيري,10.21608/bfag.2024.283241.1484,https://openalex.org/W4400385169,['الرحلات'],arab,0,article
ar,التحليل المكاني لتوزيع الخدمات السياحية في بلدية مصراتة باستخدام نظم المعلومات الجغرافية,2020,,محمد المهدي الأسطى; فاطمة عبدالله المنقوش,10.33953/0381-003-003-052,https://openalex.org/W4411837631,['السياحية'],arab,2,article
ar,الآثار الاقتصادية للحرب الروسية الأوكرانية,2025,Maǧallaẗ Al-Buḥūṯ Al-Qānūniyyaẗ wa Al-Iqtiṣādiyyaẗ - Al-Munūfiyyaẗ,هيثم اسامه عبد المحسن مدين,10.21608/jslem.2025.368623.1376,https://openalex.org/W4408626245,['الآثار'],arab,0,article
ar,المضامين العلمية في الرحلات الحجازية الجزائرية- رحلة الورثيلاني أنموذجا,2019,افاق فكرية,حبيب بوزوادة,,https://openalex.org/W2952209464,['الرحلات'],arab,0,article
ar,التقنيات الحديثة في المتاحف ودورها في تعزيز الخبرة الثقافية لدى السائح بمصر,2022,"International Journal for Tourism, Archaeology and Hospitality",mayaada abdel hamid; Mayada Abdel Hamid,10.21608/ijtah.2022.171568.1015,https://openalex.org/W4312897668,"['السائح', 'المتاحف', 'المتحف']",arab,0,article
ar,العوامل المؤثرة في استخدام الإنترنت في شراء تذاكر السفر,2012,المجلة العربية للعلوم الإدارية.,عماد يوسف مسعود; محمد أحمد عربيات,10.34120/ajas.v19i3.831,https://openalex.org/W4403594377,['السفر'],arab,0,article
ar,العمارة القديمة في سوريا: جنوب حوران,2021,,Howard Crosby Butler; Aisha Muhammed Ali Moussa,10.1163/9789004463363,https://openalex.org/W3147383479,['المعالم الأثرية'],arab,0,book
ar,"القرى التراثیة کمدخل للتنمیة السیاحیة فی مصر, رصد وتسجیل القرى ذات القیمة بالأقصر - مصر",2021,مجلة العمارة والفنون والعلوم الإنسانية,عمر حسین,10.21608/mjaf.2021.107662.2562,https://openalex.org/W4206609392,"['السائحين', 'السياحة البيئية']",arab,0,article
ar,استراتيجية العمل السياحي والحركة السياحية في سورية,2013,DOAJ (DOAJ: Directory of Open Access Journals),مطانيوس مخول; منذر عواد; فداء موسى الدرويش,,https://openalex.org/W2732867075,"['السياحي', 'السياحية', 'صناعة السياحة']",arab,0,article
ar,دور سياسات تطوير المتاحف فى تنمية القطاع السياحى فى الأردن,2018,,خليل صالح العدوان; محمد شبيب الخصاونة,10.33948/1077-030-001-004,https://openalex.org/W4388700711,['المتاحف'],arab,0,article
ar,أثر تطبيق استراتيجية التسويق الموجه على التنمية السياحية بواحة سيوة - مصر,2023,مجلة کلية السياحة والفنادق - جامعة مدينة السادات,عبدالرحمن على عبدالسلام; مروة فوزى عبدالوارث; حميدة عبدالسميع,10.21608/mfth.2023.323068,https://openalex.org/W4388159136,['التنمية السياحية'],arab,0,article
ar,الآثار النفسية للدعاية في المجتمع الجزائري,2014,,هني الحاج أحمد,,https://openalex.org/W2773043311,['الآثار'],arab,0,article
ar,السیاحة البیئیة فی إقلیم الجبل الأخضر ودورها فی تحقیق التنمیة المستدامة فی لیبیا,2020,مجلة کلية السياحة والفنادق جامعة المنصورة,عبد الباسط علی عبد الجلیل داود; دعاء سمیر محمد حزه; ولید سید أمین عبد الله,10.21608/mkaf.2020.123269,https://openalex.org/W3106070841,['السياحة البيئية'],arab,0,article
ar,التراث الثقافي بالإسكندرية ودوره في ترسيخ الهوية المصرية,2025,تراثيات,عبد العزيز صلاح سالم,10.21608/tars.2025.501818,https://openalex.org/W7160764871,['التراث الثقافي'],arab,0,article
ar,القدرة التنافسية لقطاع السياحة والأسفار في الجزائر,2019,مجلة اقتصاديات الاعمال والتجارة,خلوفي سفيان; شريط كمال,,https://openalex.org/W2999373727,['السياحة'],arab,0,article
ar,السياحة المستدامة و المقاولاتية : الفرص و التحديات في الجزائر,2014,International Islamic Marketing Association Journal,محمد بن بو زيان; عبد الرزاق بن حبيب; سمير مليكي,10.12816/0007383,https://openalex.org/W2567956522,['السياحة المستدامة'],arab,0,article
ar,سبل تنمية السياحة الصحراوية في المملكة العربية السعودية,2025,مجلة کلية السياحة والفنادق - جامعة مدينة السادات,عبدالله محمد العمران; جهاد حمود الحلو; حسان احمد الخوير; صالح عبدالله القويعي; عبدالله مشعل المجلاد,10.21608/mfth.2025.437400,https://openalex.org/W4412360083,"['السياحة', 'السياحة الصحراوية']",arab,0,article
ar,واقع التسويق السياحي في الجزائر ومشاكله,2017,مجلة العلوم الانسانية,حياة بن سماعين,10.37136/1003-000-046-042,https://openalex.org/W2997674608,"['التسويق السياحي', 'السياحي']",arab,0,article
ar,واقع تمكين المرأة العاملة في خدمة ضيوف الرحمن ضمن منظومة الحج والعمرة,2023,المجلة العربیة للإدارة,فاطمه العصيمي; سعد عزيز حبيب العتيبي,10.21608/aja.2023.179697.1422,https://openalex.org/W4384498938,"['الحج', 'الحج والعمرة']",arab,0,article
ar,تقييم أثر التدريب على أداء العاملين (دراسة ميدانيه على الأدلاء السياحيين الأردنيين ),2013,DOAJ (DOAJ: Directory of Open Access Journals),علي يونس ميا; سالم سفاح العون; هايل فلاح السرحان,,https://openalex.org/W2606628408,['السائح'],arab,0,article
ar,التسویق المستدام للمحمیات الطبیعیة فی مصر: الفرص والتحدیات,2017,المجلة الدولية للتراث والسياحة والضيافة,منار عبدالظاهر; سوزان بکری; محمد سلیمان,10.21608/jihtha.2017.28002,https://openalex.org/W2920077700,['صناعة السياحة'],arab,0,article
ar,"الرحلات المغربية المشرقية:, مقاصدها وآثارها العلمية (5-9هـ. / 11-15م.)",2021,مجلة الدراسات التاريخية و الاجتماعية,تهاني سلامة حسن سلامة,10.36353/1515-000-053-004,https://openalex.org/W4411904197,['الرحلات'],arab,0,article
ar,توظيف التراث في تشکيل البيئة الروائية العربية لغة وسردا: رواية (توبة وسليى) لمها الفيصل نموذجا,2011,دورية کان التاريخية,محمد صالح الشنطي,10.21608/kan.2011.101380,https://openalex.org/W3167113307,['التراث'],arab,1,article
ar,طرق ومسالك أركاب الحج المغاربية بالجزائر العثمانية,2022,دراسات تاريخية,سعاد آل سيد الشيخ,10.37487/1421-010-001-016,https://openalex.org/W4411911424,['الحج'],arab,0,article
ar,"علاقة أباطرة الصين بإمبراطورية الهون التركية وتأثيرها على تجارة طريق الحرير ""220 ق. م. - 105 م.""",2024,مجلة دراسات وأبحاث,وفاء بوغرارة,10.35157/0578-016-003-006,https://openalex.org/W4411829355,['طريق الحرير'],china,0,article
ar,تقدير محددات الايراد العام للقطاع السياحي في الجزائر,2023,,مسعود بن جواد,10.54246/1548-016-001-022,https://openalex.org/W4411903615,['السياحي'],arab,0,article
ar,الحفاظ على اللغات العرقية كتراث ثقافي غير مادي لتنمية السياحة المستدامة - دراسة حالة اللغة النوبية في صعيد مصر,2023,المجلة العلمیة لکلیة السیاحة و الفنادق جامعة الأسکندریة,سمر .القصراوي,10.21608/thalexu.2024.259533.1119,https://openalex.org/W4390844022,"['التراث الثقافي', 'السائحين', 'السياحة التراثية', 'السياحة المستدامة']",arab,0,article
ar,دور الإنتاج التلیفزیونى فى تحسین الاتصـال المرئى لتنمیـة الاعلام السیاحـى بجمهوریة مصر العربیة,2019,مجلة العمارة والفنون والعلوم الإنسانية,ایمان مصطفی عبد الحمید عبد الحمید; صفوت عبد الحلیم; نانسى السید,10.21608/mjaf.2019.10487.1024,https://openalex.org/W2962973648,['التسويق السياحي'],arab,0,article
ar,السياحة الزراعية في أرياف عجلون: الدوافع والتحديات,2023,مجلة الجامعة الإسلامية للبحوث الإنسانية,Motasem A. Oliwa; Nidal M Alzboun; Hamzah A Khawaldah,10.33976/iugjhr.31.2/2023/8,https://openalex.org/W4378418529,['السياحة'],arab,0,article
ar,Domestic Guests' Perception of Hotel Capacity Management Practices,2017,مجلة کلية السياحة والفنادق - جامعة مدينة السادات,Abuelkassem Mohammad,10.21608/mfth.2017.26087,https://openalex.org/W2915419448,['السائحين'],arab,0,article
ar,الموروث الثقافي وإعادة تشكيل الهوية الجيلية: دراسة سوسيولوجية مقارنة لخصائص جيل زد وجيل ألفا في المجتمع المصري,2026,مجلة کلية الآداب بقنا,نجوان أحمد عاصم عبدالجواد,10.21608/qarts.2026.477385.2438,https://openalex.org/W7166860604,['الموروث الثقافي'],arab,0,article
ar,إبليس في التراث الأدبي الإسلامي,2021,,عادل ايت العسري,,https://openalex.org/W3121069718,['التراث'],arab,0,article
ar,مجلة حوليات التراث العدد 19,2019,DOAJ (DOAJ: Directory of Open Access Journals),د. محمد عباسة,,https://openalex.org/W7210782816,['التراث'],arab,0,article
ar,"التسويق السياحي الإلكتروني في المؤسسات السياحية الجزائرية:, الواقع والأفاق",2022,مجلة دفاتر اقتصادية,أمينة خطابت,10.36530/1661-013-001-041,https://openalex.org/W4411899777,"['التسويق السياحي', 'السياحية']",arab,0,article
ar,مؤشر المناخ السياحي وعلاقته بالحركة السياحية بمدينة شرم الشيخ Tourist climate index and its relationship to tourist activity in Sharm El Sheikh,2024,Maǧallaẗ Markaz Al-Buḥūṯ Al-Ǧuġrāfiyyaẗ wa Al-Kārtūğirāfiyyaẗ/Maǧallaẗ Markaz Al-Buḥūṯ Al-Ǧuġrāfiyyaẗ wa Al-Kārtūğirāfiyyaẗ,شيماء السيد عبد النبي,10.21608/mkgc.2023.253093.1110,https://openalex.org/W4392614268,"['السائح', 'السائحين']",arab,0,article
ar,المشاريع الرياضية والثقافية في دول الخليج والقوة الناعمة.,2021,مجلة دراسات الخليج والجزيرة العربية.,رشيد البزيم,10.34120/jgaps.v47i183.2845,https://openalex.org/W4399809756,['المتاحف'],arab,0,article
ar,أهمية اللغة العربية الوظيفية والتفاعلية في التسويق الشفهي للسياحة -دراسة تحليلية لبعض محتويات منصتا السفر Trivagoو Tripadvisor,2021,,مريم بن لقدر,,https://openalex.org/W3202570707,['السفر'],arab,0,article
ar,مقومات السياحة الصحراوية بالجزائر ومتطلبات تنشيطها,2016,مجلة التنمية الاقتصادية,قشوط الياس; كحول صورية,,https://openalex.org/W2788557554,"['السياحة', 'السياحة الصحراوية']",arab,0,article
ar,Two Titles for the Book of the Dead (P. Turin Cat. 1828/1–2),2018,Rivista del Museo Egizio,Thomas L. Christiansen,10.29353/rime.2018.1625,https://openalex.org/W2906209926,['المتحف'],arab,1,article
ar,معرض الأسلحة القديمة في المتحف الوطني للآثار القديمة – الجزائر (18 مايو – 30 ديسمبر) 2014,2014,دورية کان التاريخية,عز الدين حضري,10.21608/kan.2014.110811,https://openalex.org/W3083270856,['المتحف'],arab,0,article
ar,التنمية السياحية المستدامة بديل فعال لدعم الاقتصاد الجزائري Sustainable tourism development is an effective alternative to support the Algerian economy,2019,معالم للدراسات القانونية والسياسية,ابرادشة فريد,,https://openalex.org/W2996591538,['التنمية السياحية'],arab,0,article
ar,الآثار الإقتصادیة المترتبة على الشراکة الأوربیة- العربیة,2020,مجلة الدراسات التجارية المعاصرة,عزت ملوک قناوی,10.21608/csj.2020.143236,https://openalex.org/W3122246353,['الآثار'],arab,0,article
ar,"الموروث الثقافي الأمازيغي في الشرق الجزائري:, مدينة سوق أهراس أنموذجا",2020,مجلة جيل العلوم الإنسانية والاجتماعية,سمية بن جبار,10.33685/1316-000-067-003,https://openalex.org/W3180011428,['الموروث الثقافي'],arab,0,article
ar,فرضية النمو الاقتصادي الذي تقوده السياحة والعلاقة بين إيرادات السياحة الدولية والنمو الاقتصادي في المملكة العربية السعودية,2020,مجلة الدراسات والبحوث التجارية,حسن محمد عامر آل عبيد,10.21608/jcsr.2020.400471,https://openalex.org/W4405959434,['السياحة'],arab,0,article
ar,دراسة تحلیلیة لتأثیر التنمیة السیاحیة المستدامة فی توفیر فرص العمل والقضاء على البطالة بالمجتمع المحلى(بالتطبیق على سکان محافظة الفیوم),2021,المجلة الدولية للتراث والسياحة والضيافة,هناء حسن; غادة وفیق; فاروق عبد النبى; مصطفى أبوحمد,10.21608/jihtha.2021.226044,https://openalex.org/W4226148665,"['التنمية السياحية', 'صناعة السياحة']",arab,0,article
ar,حماية التراث الثقافي العقاري في التشريع الجزائري,2016,مجلة التراث,الهادي خضراوي; عثماني علي,10.12816/0029785,https://openalex.org/W2559474714,['التراث الثقافي'],arab,0,article
ar,أخبار العلم والعلماء بأرض الحجاز من خلال الرحلات المغربية رحلة أبي سالم العياشي وابن الطيب الشرقي والهلالي نماذجا,2017,قضايا تاريخية,موسى شرف,,https://openalex.org/W2788042992,['الرحلات'],arab,0,article
ar,الرحلات المعرفیة فی تنمیة مهارات الدمج القرائی والتفکیر المتشعب لتدریس المدلولات اللغویة الجغرافیة فی النصوص الأدبیة لطلاب الصف الأول الثانوی,2017,دراسات عربية في التربية و علم النفس,اسامة ابراهیم; هزاع الشمرى,10.21608/saep.2017.24675,https://openalex.org/W2911346546,['الرحلات'],arab,0,article
ar,الممر الاقتصادي بين الهند والشرق الأوسط وأوروبا.. الأهداف والدلالات,2024,Afāq Asyawiyyaẗ,محمد فوزي حسن,10.21608/sis.2024.275968.1141,https://openalex.org/W4399535130,['مبادرة الحزام والطريق'],both,0,article
ar,حماية التراث العمراني الكولونيالي: أنموذجا وادي,2023,المجلة العربية لعلوم السياحة والضيافة والآثار,الصافي عبد الرزاق; خليل السعداني; سيدي محمد معروف الدفالي,10.21608/kjao.2023.317419,https://openalex.org/W4387041264,['التراث'],arab,0,article
ar,التسويق السياحي و أثره في تعزيزه القطاع السياحي في مدينة زاخو,2024,Koya University Journal of Humanities and Social Sciences,Abdulwahid T. Shukri; Farhad S. Jameel,10.14500/kujhss.v7n2y2024.pp236-245,https://openalex.org/W4407136919,"['التسويق السياحي', 'السائح', 'السياحي']",arab,0,article
ar,المتاحف الفنية الافتراضية كأحد أساليب تعليم الفنون البصرية لطلاب مرحلة الصفوف الأولية في المملكة العربية السعودية,2024,Maǧallaẗ Kulliyyaẗ Al-Tarbiyyaẗ Ǧāmiʻaẗ Al-Minufiyyaẗ /Maǧallaẗ Kulliyyaẗ Al-Tarbiyyaẗ Ǧāmiʻaẗ Al-Minufiyyaẗ,لجين بنت زهير غنيم,10.21608/muja.2024.397494,https://openalex.org/W4405658762,['المتاحف'],arab,0,article
ar,دور التسويق السياحي الالكتروني في ترقية الخدمات السياحية دراسة بعض الوكالات السياحية الناشطة بولايات الشرق الجزائري,2021,,حمزة بعلي; خالد بن جلول; عبد القادر فلفول,,https://openalex.org/W3216850251,"['التسويق السياحي', 'السياحية']",arab,0,article
ar,إشکالیة التدین فی الوطن العربی من منظور علم الاجتماع الإسلامی,2015,مجلة قطاع الدراسات الإنسانیة,فرید بونیفة,10.21608/jsh.2015.27718,https://openalex.org/W2919717815,['الحج والعمرة'],arab,0,article
ar,الامن السياحي كأساس استراتيجي لتحقيق التنمية السياحية في الوطن العربي,2020,مجلة البحوث و الدراسات الإنسانية,شريفة معدن,,https://openalex.org/W3121085549,['التنمية السياحية'],arab,0,article
ar,أختام منبسطة من موقع تل الولاية في المتحف العراقي Flat seals from the Al-welayia hill site in the of the Iraqi Museum,2013,DOAJ (DOAJ: Directory of Open Access Journals),Abbas Zowayed AlJubouri عباس زويد الجبوري; Ahmed Aziz Salman احمد عزيز سلمان,,https://openalex.org/W2807441520,['المتحف'],arab,0,article
ar,الاستغلال الأمثل للمحمیات الطبیعیة وتأثیرها على حرکة السیاحة الوافدة بالتطبیق على محمیة الصحراء البیضاء,2019,مجلة کلية السياحة والفنادق جامعة المنصورة,أمیرة حسن عبد المنعم; نهاد محمد کمال یحیى; رانیا محمد بهاء الدین بدرالدین,10.21608/mkaf.2019.106996,https://openalex.org/W3068583708,['صناعة السياحة'],arab,0,article
ar,نموذج مقترح لتوظيف تكنولوجيا الواقع الافتراضي لغرض تحقيق متعة السفر، (بالتطبيق على شركة مصر للطيران),2022,Mağallaẗ Al-Maʿhad Al-ʿālī Lil Dirāsāt Al-Nawʿiyyaẗ /Mağallaẗ Al-Maʿhad Al-ʿālī Lil Dirāsāt Al-Nawʿiyyaẗ,ريهام حواش,10.21608/hiss.2022.315800,https://openalex.org/W4386571525,['السفر'],arab,0,article
ar,نشر ودراسة قالب ختم فريد للإله بس بالمتحف المصري,2023,أوراق کلاسيکية,رانيا سمير زيدان; سهام دياب المصرى,10.21608/acl.2023.329071,https://openalex.org/W4389552218,['المتحف'],arab,0,article
ar,مساءلة أبستمولوجية لسانية لأصواتيات التراث العربية,2025,مجلة العلوم الأساسـية,أنفال جاسم محمّد,10.31185/bsj.vol20.iss30.1200,https://openalex.org/W4414446395,['التراث'],arab,0,article
ar,السياحة في ليبيا : مقوماتها وسبل تعزيزها,2015,,نجاة محمد المهدوي,10.35778/1742-000-015-004,https://openalex.org/W2978840967,['السياحة'],arab,0,article
ar,"الخطاب والنص في التراث العربي:, الأصول في التراث العربي",2020,مجلة آفاق للعلوم,سمية مويلح,10.37167/1677-005-001-022,https://openalex.org/W3025368565,['التراث'],arab,0,article
ar,رهاصات التداولية في التراث اللغوي العربي,2011,Al Athar مجلة  الأثـــــــــــــــر,صلاح الدين زرال,,https://openalex.org/W2944728386,['التراث'],arab,0,article
ar,دور العمارة الداخلية في تنشيط السياحة لمتاحف التاريخ الطبيعي,2024,Mağallaẗ Al-Maʿhad Al-ʿālī Lil Dirāsāt Al-Nawʿiyyaẗ /Mağallaẗ Al-Maʿhad Al-ʿālī Lil Dirāsāt Al-Nawʿiyyaẗ,هالة الزيات,10.21608/hiss.2024.307059.1385,https://openalex.org/W4401525861,['المتاحف'],arab,0,article
ar,ترقية الاستثمار السياحي في الجزائر بين السياسات والواقع,2018,,إيمان حسينات,10.34277/1455-000-011-001,https://openalex.org/W2964789014,['السياحي'],arab,0,article
ar,معوقات الحج إلى بيت الله الحرام في العصور الاسلامية,2017,Journal of Education College Wasit University,جواد كاظم النصرالله; انتصار عدنان العواد,10.31185/eduj.vol1.iss28.15,https://openalex.org/W2799530835,['الحج'],arab,0,article
ar,"مشارکة القنوات الفضائیة المصریة فی دعم التنمیة السیاحیة بعد أحداث ثورة 25 ینایر ""دراسة مقارنة""",2011,مجلة البحوث الإعلامیة,إیمان عز الدین محمد دوابه,10.21608/jsb.2011.64394,https://openalex.org/W2995883055,['التنمية السياحية'],arab,0,article
ar,مساهمــــــة ترقية المتاحف في النهوض بالسياحـــــة في الجــــــــزائر دراسة حالة المتحف الجهوي للمجاهد- العقيد محمد شعباني بسكرة,2016,مجلة الباحث الإقتصادي,وسيلة السبتي; لطيفة السبتي,,https://openalex.org/W2798155800,"['المتاحف', 'المتحف']",arab,0,article
ar,العرف المغولي وانعكاساته على المجتمع العراقي,2022,journal of the college of basic education,أ. م. د. عباس عبد الستار عبد القادر الزهاوي,10.35950/cbej.v19i80.7733,https://openalex.org/W4399147799,['طريق الحرير'],arab,0,article
ar,التنمية السياحة المستدامة وواقع السياسة الصحراوية في الجزائر,2021,مجلة العلوم الإنسانية,بلقاسم بن علال; بورداش شهرزاد; مريم شعنبي,10.35395/1728-008-002-049,https://openalex.org/W4293128416,['السياحة المستدامة'],arab,0,article
ar,التعاون السياحي بين العراق والدول العربية والاقليمية والاجنبية 1963 – 1968,2022,Journal of Kufa Studies Center,فؤاد العميدي; بهاء عبد الله,10.36322/jksc.v1i67.10701,https://openalex.org/W4311112453,"['التعاون السياحي', 'صناعة السياحة']",arab,0,article
ar,اللغة الإنسانية بين التراث العربي وتشومسكي,2020,دراسات,أسماء بن منصور,10.34118/0136-000-085-010,https://openalex.org/W3110808052,['التراث'],arab,0,article
ar,مقدمة,2013,Centre français de recherche de la péninsule Arabique eBooks,‛Abd al-‛Azīz Ḥamūd Al-Jandārī; Audrey Peli,10.4000/books.cefas.1202,https://openalex.org/W4231697134,['المتحف'],arab,0,book-chapter
ar,الطعام المحلى کعامل محفز لسیاحة الغذاء فی صناعة الفنادق المصریة,2020,مجلة کلية السياحة والفنادق - جامعة مدينة السادات,محمد زهری; نورهان محمد,10.21608/mfth.2020.105179,https://openalex.org/W3047116965,['السائحين'],arab,0,article
ar,الوظائف التنموية للجهاز المصرفي وانعكاساتها على مسار التنمية السياحية المستدامة في العراق,2020,Iraqi Journal of Economic Sciences,أ.م.د وفاء جعفر امين; م.م نسرين غالي,10.31272/ijes.2019.62.5,https://openalex.org/W3012629311,['التنمية السياحية'],arab,0,article
ar,دراسة أثرية لغوية لأوانى كانوبية من عصر الدولة الوسطى لـلمدعو NDm,2023,مجلة الإتحاد العام للآثاريين العرب,نبيل مختار الفار,10.21608/jguaa.2023.174943.1277,https://openalex.org/W4315488878,['المتحف'],arab,0,article
ar,تجارب رائدة في مجال السياحة البيئية: الإمارات العربية المتحدة أنموذجا,2019,Route Educational and Social Science Journal,الباحثة كوندة سلمى,10.17121/ressjournal.1730,https://openalex.org/W2908638262,['السياحة البيئية'],arab,0,article
ar,الآثار الغيبية في الشعر بين الجاهلية والإسلام,2010,DOAJ (DOAJ: Directory of Open Access Journals),ضياء علي عبد الرضا,,https://openalex.org/W2560310553,['الآثار'],arab,0,article
ar,"الآثار الاقتصادية لتحويلات السودانيين العاملين بالخارج ""1977-2000""",2022,مجلة الدراسات المالية والمحاسبية والإدارية,عبدالمنعم محمد الطيب حمد النيل,10.35392/1772-009-002-061,https://openalex.org/W4411881158,['الآثار'],arab,0,article
ar,السياحة,2013,Presses de l’Ifpo eBooks,مريم عبابسة; ايزابل كروزل; نوريغ نفو,10.4000/books.ifpo.7779,https://openalex.org/W4251479770,['السياحة'],arab,0,book-chapter
ar,تحليل سوسيو- اقتصادي لأثر الموسمية على التنمية السياحية المستدامة في الأقاليم السياحية الجزائرية -دراسة حالة إقليم جيجل السياحي-,2020,المشكاة في الاقتصاد التنمية و القانون,صفية درويش; عبد الحفيظ مسكين; فتحية غريبي,,https://openalex.org/W3116394063,"['التنمية السياحية', 'السياحية']",arab,0,article
ar,دراسة مقارنة في مسيرة التنمية بين الأدبين الصيني والعربي القديمين,2020,Al-Adab Journal,Yanglu Li,10.31973/aj.v0i134.745,https://openalex.org/W4239909285,['الصين والعالم العربي'],both,1,article
ar,التناص في كتب أدب الرحلات في القرن الرابع الهجري,2024,المجلة العلمیة لکلیة الآداب-جامعة دمياط,علياء جمدي جابر محمد الصعيدي,10.21608/artdau.2024.215185.1178,https://openalex.org/W4399288293,['الرحلات'],arab,0,article
ar,توظیف الخامات المحلیة فی تصمیم الأثاث بمنطقة الأهوار فی جنوب العراق,2021,مجلة العمارة والفنون والعلوم الإنسانية,عامرة فائق خضیر; محمد حسن امام; اشرف حسین,10.21608/mjaf.2021.50794.2076,https://openalex.org/W3119207538,['الموروث الثقافي'],arab,0,article
ar,- السياحة الدينية فى مصر فى العصر الرومانى: دراسة وثائقية,2026,مجلة الدراسات الأفريقية,د. سندس أحمد السيد,10.21608/mafs.2026.512410,https://openalex.org/W7166862869,['السياحة الدينية'],arab,0,article
ar,الازمة السياسية التركية-الروسية عام (2015) وأثرها على النشاط السياحي التركي ((دراسة في الجغرافية السياحية)),2022,مجلة واسط للعلوم الانسانية,رافد صالح مهدي,10.31185/.vol15.iss44.308,https://openalex.org/W4367157380,['صناعة السياحة'],arab,0,article
ar,السياحة في الجزائر ومتطلبات تنميتها,2019,مجلة الدراسات القانونية والاقتصادية,قبايلي محمد,,https://openalex.org/W3138705623,['السياحة'],arab,0,article
ar,اتجاهات التنمية السياحية في محافظتي الكرك والطفيلة – المملكة الأردنية الهاشمية,2024,مجلة کلية السياحة والفنادق جامعة المنصورة,محمد فاضل المحاسنة; بشار محمد النجداوي; اسامة الغصاونة الرواشده; مي منير علي,10.21608/mkaf.2024.363697,https://openalex.org/W4400384515,['التنمية السياحية'],arab,0,article
ar,الرحلات النيلية في مصر في القرنين التاسع عشر و العشرين,2024,مجلة کلية السياحة والفنادق - جامعة مدينة السادات,أحمد محمد علي غباشي; شيماء عبد التواب سيد,10.21608/mfth.2024.409326,https://openalex.org/W4407067309,"['الرحلات', 'السائحين']",arab,0,article
ar,""" صياغة بعض الأغاني الشعبية الكويتية بمصاحبة كونترابنطية للاستفادة منها لدارسي قسم التربية الموسيقية بكلية التربية الأساسية بدولة الكويت",2019,Buḥūṯ fi Al-Tarbiyyaẗ Al-Nawʿiyyaẗ - Ǧāmiʿaẗ Al-Qāhirah/Buḥūṯ fi Al-Tarbiyyaẗ Al-Nawʿiyyaẗ - Ǧāmiʿaẗ Al-Qāhiraẗ,,10.21608/bedcu.2019.290034,https://openalex.org/W4324004502,['السفر'],arab,0,article
ar,معايير علم لغة النص مقاربة نسقية,2013,Journal of Arabic Language and Literature,هاتف بريهي شياع,10.36318/jall/2013/v1.i17.6668,https://openalex.org/W97090439,['الموروث الثقافي'],arab,0,article
ar,دور التنمية السياحية المستدامة في ترقية السياحة الصحراوية في الجزائر,2016,مجلة التنمية الاقتصادية,دي هاجر; لعلام لامية,,https://openalex.org/W2788589645,"['التنمية السياحية', 'السياحة الصحراوية']",arab,0,article
ar,تمثال كتلة من العصر الصاوي المتحف المصري بالقاهرة JE 37434,2024,مجلة کلية السياحة والفنادق - جامعة مدينة السادات,نهى شلبي; دينا الجابرى,10.21608/mfth.2024.406858,https://openalex.org/W4407067258,['المتحف'],arab,0,article
ar,دور لغة الجسم في تسويق الخدمة السياحية,2016,Al-Ghary Journal of Economic and Administrative Sciences,مؤيد عبد الحسين الفضل; كريم حاتم جاسم سبتي,10.36325/ghjec.v13i37.5690,https://openalex.org/W2584191819,"['السائح', 'السياحية']",arab,0,article
ar,التراث الأثری بالمغرب الشرقی فی خدمة التنمیة المستدامة,2011,The Conference Book of the General Union of Arab Archaeologists/The Conference Book of the General Union of Arab Archaeologists,Al Hassan Awragh,10.21608/cguaa.2011.34554,https://openalex.org/W2953411311,['السياحة الثقافية'],arab,0,conference-paper
ar,"التراث الأثري في الجزائر ""التحديات والحلول""",2018,مجلة المعارف للبحوث والدراسات التاريخية,قسيبة رشيد,,https://openalex.org/W3101846777,['التراث'],arab,0,article
ar,أهمية دراسة التاريخ وعلاقتها بالتنمية الاقتصادية المستدامة في اليمن: طريق اللبان، طريق الحرير، تجارة البن,2022,دورية کان التاريخية,رياض محمد أحمد الصفواني,10.21608/kan.2022.296762,https://openalex.org/W4376057946,['طريق الحرير'],arab,0,article
ar,Private Sector Partnerships in Culture Heritage Management,2022,Mağallaẗ Al-Maʿhad Al-ʿālī Lil Dirāsāt Al-Nawʿiyyaẗ /Mağallaẗ Al-Maʿhad Al-ʿālī Lil Dirāsāt Al-Nawʿiyyaẗ,Ahmed Abulata,10.21608/hiss.2022.226938,https://openalex.org/W4225849198,"['التراث الثقافي', 'المتاحف']",arab,0,article
ar,البشر أم الآلة: دراسة استکشافیة لأثر استخدام تقنیات الذکاء الاصطناعی على جودة الخدمة,2022,مجلة کلية السياحة والفنادق - جامعة مدينة السادات,إسلام سید عبد الغنی یاسین; أشرف السید عبد المعبود; هشام عزت سعد; عمر السید قورة,10.21608/mfth.2022.238093,https://openalex.org/W4281262152,['صناعة السياحة'],arab,0,article
ar,دور العمارة البیئیة المستدامة فی التصمیم الداخلی للمنتجعات السیاحیة,2018,مجلة العمارة والفنون والعلوم الإنسانية,إیمان الحوتی,10.21608/0048946,https://openalex.org/W3161113650,['المنتجعات'],arab,0,article
ar,الاستراتيجيات التسويقية المطبقة في القطاع السياحي الجزائري في إطار التنمية المستدامة,2019,Alternatives Managériales Economiques,صبرية كهينة لاغا,10.48374/imist.prsm/ame-v1i1.18538,https://openalex.org/W2994444271,['التنمية السياحية'],arab,0,article
ar,المشاركة المجتمعية للمرأة في مكة وعلاقتها بمواسم الحج خلال العصرين الأيوبي والمملوكي: دراسة تاريخية إحصائية,2025,مجلة کلية الآداب بقنا,إيمان بنت سالم بن الفريدي,10.21608/qarts.2026.457487.2384,https://openalex.org/W7127285388,['الحج'],arab,0,article
ar,التسویق المستدام للمقصد السیاحی المصری ودوره فی تحقیق استدامة العملاء,2022,مجلة کلية السياحة والفنادق جامعة المنصورة,آیة محمد حامد; أحمد عادل حماد; رانیا محمد بهاء الدین; دعاء سمیر محمد حزّه,10.21608/mkaf.2022.264146,https://openalex.org/W4312995859,['السائحين'],arab,0,article
ar,تطوير النقل السياحي كأداة لتنشيط السياحة في الجزائر,2016,مجلة دفاتر البحوث العلمية,منير العايب,10.37218/1426-000-008-008,https://openalex.org/W2997593141,['السياحي'],arab,0,article
ar,أثر انتشار الأوبئة العالمیة على صناعة السیاحة فی مصر بالتطبیق على فیروس کورونا المستجد- کوفید-19.,2020,المجلة العلمیة لکلیة السیاحة و الفنادق جامعة الأسکندریة,باسم محمود أبو العلا هریدی هریدی,10.21608/thalexu.2020.27521.1005,https://openalex.org/W3040519270,"['السائحين', 'صناعة السياحة']",arab,0,article
ar,قافلة الحج العراقية ودرب زبيدة في وصف الليدي آن بلنت (Lady Anne Blunt) 1296هـ/1879م,2021,دورية کان التاريخية,د.سعيد دبيس العتيبي,10.21608/kan.2021.259376,https://openalex.org/W4297835045,['الحج'],arab,0,article
ar,تقییم مدى تطبیق الاتصال التسویقى المتکامل وتأثیره على أداء شرکات السیاحة المصریة فئة (أ),2020,المجلة الدولية للتراث والسياحة والضيافة,أسماء ماهر على محمد,10.21608/jihtha.2020.99108,https://openalex.org/W3039419764,['السائحين'],arab,0,article
ar,دور القادرية الكنتية في التبادل الثقافي بين بلاد شنقيط و المغرب خلال القرنين 18 - 19 م,2016,مجلة الدراسات التاريخية و الاجتماعية,أج ولد محمد ولد أمينوه,10.12816/0028077,https://openalex.org/W2530194438,['التبادل الثقافي'],arab,0,article
ar,تقييم الاستراتيجيات التشغيلية للمطارات المصرية وأثرها في تحسين القدرة التنافسية للمطارات الصغيرة والمتوسطة,2024,المجلة العلمیة لکلیة السیاحة و الفنادق جامعة الأسکندریة,ايتن الروبي; نشوي فؤاد; سارة السباعي; إيمان الطناحي,10.21608/thalexu.2024.365392,https://openalex.org/W4400616588,['السائحين'],arab,0,article
ar,مقومات التنمية المكانية المستدامة في واحة الجغبوب شرق ليبيا: تحليل للفرص والتحديات,2025,Humanitarian and Natural Sciences Journal,أ. صالح أمهنى، د. عصام عبدالصمد، د. حسن دواس، أ. سالم النعاس، أ. حمال عبدالناصر الراعي، أ. إدريس التواتي,10.53796/hnsj64/12,https://openalex.org/W4409073063,['السياحة الثقافية'],arab,0,article
ar,التسويق السياحي و أثره على الطلب السياحي - حالة الجزائر,2011,Dépôt Institutionnel de lUniversité de Tlemcen,Merouane Sahraoui,,https://openalex.org/W7135260632,"['التسويق السياحي', 'السياحي']",arab,0,dissertation
ar,الوسائط الرقمية ودورها في تفعيل التنمية السياحية في المدن الجزائرية -بوسعادة أنموذجا,2012,حوليات التاريخ والجغرافيا,ضهير أمير عبد الحميد; خلف الله بوجمعة,,https://openalex.org/W2916325351,['التنمية السياحية'],arab,0,article
ar,قاعة الجيبسوتيكا بمتحف الإسكندرية اليوناني الروماني,2025,مجلة کلية السياحة والفنادق - جامعة مدينة السادات,أحمد السيد حافظ خليل السخاوي,10.21608/mfth.2025.429878,https://openalex.org/W4410938778,"['التراث الثقافي', 'المتاحف', 'المتحف']",arab,0,article
ar,دور المراسم والاتكيت في ترقية الخدمات السياحية في السودان,2023,Humanitarian and Natural Sciences Journal,مناضل الطيب سليمان بين,10.53796/hnsj4134,https://openalex.org/W4313533345,['السياحية'],arab,0,article
ar,واقع الثقافة التسويقية في الوكالات السياحية الجزائرية - دراسة عينة من الوكالات السياحية بولاية الجزائر العاصمة –,2020,recherches économiques,كاتبة خالف; أحلام حناش,,https://openalex.org/W3029845106,['السياحية'],arab,0,article
ar,محددات ميزان السياحة في مصر (1977-2022),2024,Al-Mağallah Al-Dawliyyaẗ Lil Sīyāsāt Al-ʿāmaẗ fi Miṣr,أحمد محمد حسين,10.21608/ijppe.2024.338771,https://openalex.org/W4391717261,['السياحة'],arab,0,article
ar,مصر : علم الآثار,2017,,Vanessa Desclaux,,https://openalex.org/W2825406735,['الآثار'],arab,0,article
ar,العلاقة بين الارتباط بالعمل الأخضر وسلوك المواطنة التنظيمية الخضراء في الفنادق ووكالات السفر: الدور المعدل للثقافة التنظيمية البيئية,2024,مجلة کلية السياحة والفنادق - جامعة مدينة السادات,رانيا السيد إبراهيم أبو; محمد هانى عبد الهادى; صالح حسن إبراهيم طاحون; أسماء سعيد أحمد الأسرج,10.21608/mfth.2024.333018,https://openalex.org/W4390497255,"['السفر', 'الضيافة']",arab,1,article
ar,"الواحات في موريتانيا بين التراث الثقافي والتحديات السوسيو-مجالية ""حالة ولاية آدرار""",2026,مجلة کلیة الآداب القاهرة,محمد المامي محمد عبد الله,10.21608/jarts.2026.485151.1642,https://openalex.org/W7160772742,['التراث الثقافي'],arab,0,article
ar,المتاحف في السودان: ربط الأجيال الجديدة بحيزها الجغرافي,2018,Route Educational and Social Science Journal,د. أحمد حسين عبد الرحمن,10.17121/ressjournal.1033,https://openalex.org/W2790733388,['المتاحف'],arab,0,article
ar,استلهام التراث فى الشعر العربى المعاصر من التعبير عن التراث إلى التعبير به,2022,المجلة العربية مداد,محمد السيد إسماعيل,10.21608/mdad.2022.249231,https://openalex.org/W4285606094,['التراث'],arab,0,article
ar,Smart Museum Design Criteria in Egypt | معايير تصميم المتاحف الذكية في مصر,2020,Engineering Research Journal,Rania A. F. Mahmoud; Osama Alnahas; Khaled Abdelhady; Wageh Yousef,10.21608/erjsh.2020.405440,https://openalex.org/W4406699884,['المتاحف'],arab,0,article
ar,تأثير فظاظة العملاء على نية الموظفين لترك العمل بفنادق الخمس نجوم: الدور المعدل للتعاطف الذاتي والصداقة في مكان العمل,2025,مجلة کلية السياحة والفنادق - جامعة مدينة السادات,جمال إبراهيم; فريده مصطفى إبراهيم العدوى; محمد عزت حشاد; أميرة حسن عبدالمنعم حسن,10.21608/mfth.2025.415675,https://openalex.org/W4408172884,['الضيافة'],arab,0,article
ar,"Notes on the Royal Ptolemaic Head CG 693 in the Egyptian Museum, Cairo",2021,حولية الاتحاد العام للآثاريين العرب دراسات فى آثار الوطن العربى,میرفت ماهر أمین امین,10.21608/cguaa.2021.60469.1068,https://openalex.org/W3198185068,['المتحف'],arab,0,article
ar,الأهمية الجغرافية والتاريخية لمدينة لبدة الكبرى,2017,مجلة الجامعة الأسمرية,د. حميدة محمد إكتبيى,10.59743/jau.v28i.927,https://openalex.org/W4387200078,['المعالم الأثرية'],arab,0,article
ar,دور التسويق بالواقع الافتراضي على تنمية شخصية العلامة التجارية للمواقع السياحية المصرية,2026,Mağallaẗ Rāyaẗ Al-Dawliyyaẗ Lil ʿulūm Al-Tiğāriyyaẗ,أ.د طه قاسم; أ.د. محمود محمد عوض دويدار; عزالدين سعيد ابراهيم الفارسي,10.21608/rijcs.2026.473131.1530,https://openalex.org/W7134240658,['السائح'],arab,0,article
ar,"السياحة في الجزائر:, مقوماتها ومعوقاتها",2015,مجلة دفاتر البحوث العلمية,نوال بن لكحل; تغريد الأغا,10.37218/1426-000-006-019,https://openalex.org/W2997781011,['السياحة'],arab,0,article
ar,دور السياحة المستدامة في تنمية الوعي السياحي دراسة استطلاعية لآراء عينة من السياح الوافدين الى مدينة دهوك في اقليم كوردستان- العراق,2023,Academic Journal of Nawroz University,Aveen Idrees Saddon,10.25007/ajnu.v12n3a1565,https://openalex.org/W4381594616,"['السائح', 'السياحة المستدامة']",arab,0,article
ar,"ممارسات السياحة المستدامة في الجزائر:, دراسة تحليلية عن الفترة 2010-2019",2023,,عمار بلعادي,10.51841/2159-006-001-005,https://openalex.org/W4412181275,['السياحة المستدامة'],arab,0,article
ar,أثر مضاربة الأسعار أوقات الأزمات على الصورة الذهنیة للمقصد السیاحی المصری,2021,المجلة الدولية للتراث والسياحة والضيافة,محمد كمال حامد عبد البادی; غادة عبد الله محمد; أمال فهمی,10.21608/jihtha.2021.282482,https://openalex.org/W4318831917,['السائح'],arab,0,article
ar,مدى فاعلیة الحافز المعنوی فی رفع مستوى أداء العاملین بشركات السیاحة المصریة فئة (أ) فی ظل تداعیات جائحة الكرونا بالتطبیق على القاهرة الكبرى,2021,المجلة الدولية للتراث والسياحة والضيافة,تحیة طلال نصر,10.21608/jihtha.2021.278894,https://openalex.org/W4315699249,"['السفر', 'السفر والسياحة']",arab,0,article
ar,الاستثمار السياحي في الجزائر بين الواقع والآفاق,2018,مجلة الدراسات التاريخية و الاجتماعية,راوية حناشي; سامية لحول; ريمة باشة,10.12816/0050112,https://openalex.org/W2905342706,['السياحي'],arab,0,article
ar,تأثیر التغیرات المناخیة على التنمیة السیاحیة المستدامة بمدینة الغردقة,2022,المجلة الدولية للتراث والسياحة والضيافة,أسماء عبدالرءوف خلف عبد الموجود,10.21608/jihtha.2022.272708,https://openalex.org/W4311078203,['التنمية السياحية'],arab,0,article
ar,تقییم شخصیة العلامة السیاحیة ودورها فى تطویر مصر کمقصد سیاحى,2010,المجلة العلمیة لکلیة السیاحة و الفنادق جامعة الأسکندریة,دلال محمد عبد الهادى محمد عبد الهادى; لمیاء ابراهیم السید,10.21608/thalexu.2010.160428,https://openalex.org/W3153560172,"['السائح', 'السائحين']",arab,0,article
ar,معوقات السياحة الرياضية في جنوب الصعيد,2022,Al-Mağallah Al-ʿilmiyyaẗ Li ʿulūm Al-Tarbiyyaẗ Al-Badaniyyaẗ wa Al-Rīyāḍiyyaẗ Al-Mutaẖaṣiṣah,محمد مجدي,10.21608/pemas.2022.151946.1089,https://openalex.org/W4308405617,['السياحة'],arab,1,article
ar,"لوحة جنائزية لـ ""خادم الكا"" وكم (GEM 14648)",2025,مجلة کلية السياحة والفنادق - جامعة مدينة السادات,سنيه إبراهيم; حسام حجازى; حبيبه المنياوى,10.21608/mfth.2025.470653,https://openalex.org/W4417533016,['المتحف'],arab,0,article
ar,أثر منطقة بلاد ما وراء النهر على العلوم الإسلامية (الرحلات العلمية أنموذجا),2024,المجلة العربية للعلوم الإنسانية والاجتماعية,م.م عقيل فاضل نجم عبود الدعمي; أ.د. قاسم الصمد,10.59735/arabjhs.vi28.1292,https://openalex.org/W4410916989,"['الرحلات', 'السفر']",arab,0,article
ar,إنتاج الدلالة في مواقع ومعالم التراث الثقافي المادي في الجزائر - دراسة سيميولوجية بمدينة تيمقاد الأثرية -,2020,,ميلود بوخنون; طاهر بصيص,,https://openalex.org/W3113767417,['التراث الثقافي'],arab,0,article
ar,""" ترمیم وإعادة تأهیل المبانی الأثریة – سبیل محمد علی باشا کنموذج لتحفة معماریة تحتضن متحف النسیج المصری""",2021,مجلة العمارة والفنون والعلوم الإنسانية,دالیا عبدالعال,10.21608/mjaf.2020.45953.1908,https://openalex.org/W3124896962,['المتحف'],arab,0,article
ar,أثر الاستثمار السياحي على التنويع الاقتصادي في الجزائر,2020,Mağallaẗ al-ՙulūm al-iqtiṣādiyaẗ wa al-tasyīr wa al-ՙulūm al-tiğāriyaẗ,كاهنة قماط; أحمد رجراج,,https://openalex.org/W3046042703,['السياحي'],arab,0,article
ar,"""الآثار الاقتصادیة لجائحة کورونا (کوفید-19) على شرکات السیاحة المسجلة فی هیئة السوق المالیة السعودیة""",2022,The Journal of the Faculty of Economics and Political Science,على ناجح منصور,10.21608/jpsa.2022.211367,https://openalex.org/W4205513915,['العمرة'],arab,0,article
ar,واقع السياحة البيئية في الدول العربية مع عرض لتجارب بعض الدول,2017,,عبدالحميد بوخاري; عبدالله عياشي,10.54246/1548-010-001-046,https://openalex.org/W2788757288,"['السياحة البيئية', 'صناعة السياحة']",arab,0,article
ar,الآثار الاجتماعية لتغير المناخ على الشعوب العربية,2022,Afāq ʿarabiyyaẗ wa Iqlīmiyyaẗ,سالى عاشور,10.21608/afar.2022.160927.1001,https://openalex.org/W4308412761,['الآثار'],arab,0,article
ar,مفهوم الشعرية العربية بين التراث والحداثة,2020,,فاطمة دخية,,https://openalex.org/W3092177020,['التراث'],arab,0,article
ar,أثر الرحلات الافتراضية البانورامية وثلاثية الأبعاد في تنمية تحصيل مفاهيم منهج العلوم لدى طلاب المرحلة المتوسطة بدولة الكويت,2018,مجلة العلوم التربوية و النفسية,نعيس زيد شبيب المطيري,10.26389/ajsrp.n270518,https://openalex.org/W3217792950,['الرحلات'],arab,0,article
ar,الزجاج واثره فی المعالجات التشکیلیة لتصمیم وحدات سکنیة متعددة الاغراض,2019,مجلة العمارة والفنون والعلوم الإنسانية,مروة صادق,10.21608/mjaf.2019.10534.1164,https://openalex.org/W2967195025,['المنتجعات'],arab,0,article
ar,"رعاية الرياضات التقليدية بين دعم الأهداف التسويقية للشركات وتعزيز الموروث الثقافي للمجتمعات:, حالة رعاية شركة طيران الإمارات لسباقات الخيل",2022,,هدى حفصي; مولود حواس,10.47173/2134-005-001-016,https://openalex.org/W4412139600,['الموروث الثقافي'],arab,0,article
ar,المنشآت الاقتصادية في مدينة نابلس خلال القرن الثالث عشر الهجري/ التاسع عشر الميلادي- الوكالات التجارية أنموذجا,2024,حوليات الأداب والعلوم الإجتماعية.,محمد ماجد الحزماوي,10.34120/aass.v45i660.31,https://openalex.org/W4405560701,['التبادل الثقافي'],arab,0,article
ar,برامج ومقررات المتاحف بأقسام المکتبات والمعلومات: دراسة في التکامل المعرفي,2022,Al-Mağallah Al-ʿilmiyyaẗ Lil-Maktabāt wa Al-Waṯā'iq wa Al-Ma'lūmāt,سمية سيد محمد عامر,10.21608/jslmf.2020.47187.1051,https://openalex.org/W4283779552,['المتاحف'],arab,0,article
ar,الصین نحو تنافسیة قطبیة متعددة فی القرن الحادی والعشرین: مبادرة الحزام والطریق أنموذجا (2013- 2021) China beyond Multipolar Competitiveness in the 21st century: Belt and Road Initiative as a model (2013- 2021),2022,مجلة السياسة والاقتصاد,صفاء صابر خلیفة محمدین,10.21608/jocu.2021.88367.1131,https://openalex.org/W4206703115,['مبادرة الحزام والطريق'],china,0,article
ar,THE IMPACT OF SOCIAL MEDIA ON THE CHOICE OF INCOMING TOURISTS TO EGYPT FOR TOURISM AND HOSPITALITY SERVICE SUPPLIERS,2023,مجلة کلية السياحة والفنادق جامعة المنصورة,Abdelrahman Ahmed Abdelhai Abdelghani; Hamad Ali Batikh Hamdoun; Hebatalla Ahmed Mokhtar Taha Ahmed,10.21608/mkaf.2023.326832,https://openalex.org/W4389066705,"['السائحين', 'صناعة السياحة']",arab,3,article
ar,تقيم دور خدمات النقل الجوي في أنشطة الشركات السياحية,2022,Al-Ghary Journal of Economic and Administrative Sciences,عبد الأمير عبد الله كاظم زوين; محمد صالح مهدي الاسدي; رائـد جــواد كاظــم الجــناحـي,10.36325/ghjec.v18i00.15233,https://openalex.org/W4399713200,['السفر'],arab,0,article
ar,تقييم فعالية تطبيق بطاقات الصعود للطائرة عبر الهواتف المحمولة في شركات الطيران المصرية: دراسة حالة مبنية على آراء ضباط الحركة,2024,مجلة کلية السياحة والفنادق - جامعة مدينة السادات,فاخوري شهدي أيوب; دعاء عبد المطلب; مراد الوزّة,10.21608/mfth.2024.421464,https://openalex.org/W4409437874,['السفر'],arab,0,article
ar,دور الابتکار التسویقی فی تأصیل الهویة السیاحیة المصریة,2022,مجلة کلية السياحة والفنادق - جامعة مدينة السادات,محمد زیدان محمد الشربینی; محمود محمد عبد المنعم عبد اللاه,10.21608/mfth.2022.222739,https://openalex.org/W4220974139,"['التسويق السياحي', 'صناعة السياحة']",arab,0,article
ar,دراسة تأثير أبعاد جودة الخدمة السياحية على ترقية الوكالات السياحية الجزائرية (دراسة حالة الوكالات السياحة بوهران),2020,Recherchers economiques manageriales,مباركة موساوي; ابتسام قارة,,https://openalex.org/W3042752245,['السياحية'],arab,0,article
ar,"الحركة الوطنية الجزائرية:, النشأة – التطور - الآثار",2017,,صالح فركوس,10.52359/2231-000-006-015,https://openalex.org/W3166951673,['الآثار'],arab,0,article
ar,دور الرحلات الميدانية للمتاحف في تنمية الوعي الثقافي لأطفال الروضة بمدينة بريدة,2025,Al-Maǧallaẗ Al-ʿilmiyyaẗ Li Tarbiyyaẗ Al-Ṭufūlaẗ Al-Mubakiraẗ,,10.21608/aatm.2024.329893.1058,https://openalex.org/W4410179757,"['الرحلات', 'المتاحف']",arab,0,article
ar,"إستراتيجية ترقية الصناعة السياحية في الجزائر:, مستغانم نموذجا",2019,,بوعبدالله هوان; إبراهيم مبرك; عبدالقادر شاعة,10.35779/2004-001-002-003,https://openalex.org/W3092316482,['السياحية'],arab,0,article
ar,"ادارة مقومات التراث الثقافي الأثري , والديني في منطقة تل بسطة",2022,مجلة کلية السياحة والفنادق جامعة المنصورة,سارة علي حمايل,10.21608/mkaf.2022.335815,https://openalex.org/W4390847302,['التراث الثقافي'],arab,0,article
ar,مجلة حوليات التراث العدد 12,2022,DOAJ (DOAJ: Directory of Open Access Journals),Annales du patrimoine,,https://openalex.org/W4318585810,['التراث'],arab,0,article
ar,فنون الكف والنميم في مصر والسودان دراسة ميدانية في الأنثروبولوجيا الثقافيه,2024,Maǧallaẗ Ǧāmiʿaẗ Aswān Lil ʿulūm Al-Insāniyyaẗ/Maǧallaẗ Ǧāmiʿaẗ Aswān Lil ʿulūm Al-Insāniyyaẗ ,رضا عبد العاطي حسن علي,10.21608/masuh.2024.269377.1104,https://openalex.org/W4395691870,['الموروث الثقافي'],arab,0,article
ar,نظرية التلقي في التراث النقدي العربي,2017,Mağallaẗ Kulliyyaẗ Al-Adāb Ǧāmiʿaẗ Aswan,أحمد حسن محمد الخُرشِي,10.21608/mkasu.2017.212591,https://openalex.org/W4206484521,['التراث'],arab,0,article
ar,التطور التكنولوجي وتأثيره على النمو السياحي في اقليم كردستان العراق لعام 2023,2024,Journal of Education College Wasit University,م.م رنا مزاحم جهاد العزاوي,10.31185/eduj.vol56.iss2.4023,https://openalex.org/W4402700081,['الضيافة'],arab,0,article
ar,حكمة لقمان بين التراث الإسلامي و التراث الشرقي القديم,2014,مجلة المعيار,عبد الله بلمهدي,10.37138/almieyar.v18i1.3692,https://openalex.org/W4324323656,['التراث'],arab,0,article
ar,أثر استراتيجية الرحلات المعرفية لتدريس الكيمياء في اكتساب المفاهيم العلمية وتنمية مهارات العلم الأساسية لدى طالبات الصف العاشر الأساسي في الأردن,2022,مجلة المشكاة للعلوم الإنسانية والاجتماعية,أنسام محمد نمر عيسى; بثينة عبدالرحمن حسين عيسى,10.35703/1471-009-002-004,https://openalex.org/W4411904954,['الرحلات'],arab,0,article
ar,الآخر في الرحلات المغربية,2017,مجلة آفاق للعلوم,لخضر حشلافي; جميلة روباش,10.37167/1677-000-008-001,https://openalex.org/W2765507470,['الرحلات'],arab,0,article
ar,"فرص التكامل بين الجزائر، تونس والمغرب للتسويق لمبدأ المقصد السياحي الأعظم = The Opportunity of Integration between Algeria, Tunisia and Morocco for Marketing to Principle of Mega Tourism Destination",2017,مجلة البحوث الاقتصادية والمالية,أسماء سفاري,10.12816/0050885,https://openalex.org/W2898361799,"['التسويق السياحي', 'السفر', 'السفر والسياحة']",arab,0,article
ar,الآثار الإقتصادية والإجتماعية للتضخم في الجزائر,2018,,هواري بن شيخ; إيمان عشار,10.35156/1193-000-014-013,https://openalex.org/W2922467105,['الآثار'],arab,0,article
ar,تقییم التخطیط الأمنى للمزارات السیاحیة فى مصر (دراسة تطبیقیة على المتاحف القومیة بمدینة القاهرة),2020,مجلة کلية السياحة والفنادق جامعة المنصورة,رضوى السید حسن محمد السید حسن محمد; رانیا محمد بهاء الدین بدر الدین; سهى محمد عبد الوهاب,10.21608/mkaf.2020.153246,https://openalex.org/W3138349673,['المتاحف'],arab,0,article
ar,أهمية القطاع السياحي في تحقيق التنمية في الجزائر,2015,مجلة دفاتر البحوث العلمية,مصطفى العثمانى; نذير بوسهوة,10.37218/1426-000-006-021,https://openalex.org/W2998590134,['السياحي'],arab,0,article
ar,الآثار الاقتصادية للخطوط الجوية الكويتية على الاقتصاد الكويتي,2024,Mağallaẗ Al-Buḥūṯ wa Al-Dirāsāt Al-Ifrīqiyyaẗ wa Duwal Ḥūḍ Al-Nīl/Mağallaẗ Al-Buḥūṯ wa Al-Dirāsāt Al-Ifrīqiyyaẗ wa Duwal Ḥūḍ Al-Nīl,عبد الهادي مبارك,10.21608/mbddn.2024.247311.1098,https://openalex.org/W4405797748,['الآثار'],arab,0,article
ar,تطور الاستثمار السياحي في الجزائر وأفاقه المستقبلية,2017,Le Manager,امال قويدر,,https://openalex.org/W2909138666,['السياحي'],arab,0,article
ar,The Environmental Impact and Societal Conditions of PV Power Plants: A Case Study of Jericho Gate-Palestine Stat Of,2025,Wadi Alshatti University Journal of Pure and Applied Sciences,Maher Al-Maghalseh,10.63318/waujpasv3i2_03,https://openalex.org/W4410266140,['الآثار'],arab,19,article
ar,الصورة الذهنية للسائحوأثرها في تحقيق النجاح الاستراتيجي لمنظمات الضيافة,2018,Al-Ghary Journal of Economic and Administrative Sciences,نوفل عبد الرضا الكمري; عماد حسين سعود,10.36325/ghjec.v15i2.5399,https://openalex.org/W2910037742,"['السائح', 'الضيافة']",arab,0,article
ar,دور السياحة البيئية في تثمين التنوع البيولوجي في التشريع الجزائري,2021,مجلة البحوث في الحقوق والعلوم السياسية,سليمان خروبي,,https://openalex.org/W3177444532,['السياحة البيئية'],arab,0,article
ar,"الاستثمارات السياحية كمحرك للتنمية السياحية المستدامة:, حالة الجزائر",2015,مجلة دفاتر البحوث العلمية,محمد يدو; سمية بوخارى,10.37218/1426-000-006-012,https://openalex.org/W2998688763,['السياحية'],arab,0,article
ar,إعادة البناء الافتراضية للمواقع الأثرية، تفسيرها وتقديمها باستخدام تكنولوجيا المعلومات والاتصالات، دراسة حالة المسجد الأموي في جبل القلعة في عمان -الأردن,2025,Dirasat Human and Social Sciences,Husam Osama Ababneh; Monther Jamhawi,10.35516/hum.v52i3.5715,https://openalex.org/W4407069876,['التراث الثقافي'],arab,1,article
ar,"تتبع التطور التاريخي والجذور اللغوية والأهمية الثقافية للمصطلح ""كتوموتو"" في التراث الثقافي المصري",2025,مجلة کلية السياحة والفنادق - جامعة مدينة السادات,راندا علاء الدين فؤاد; رغدا يحيي صديق,10.21608/mfth.2025.453473,https://openalex.org/W4414294381,"['التبادل الثقافي', 'التراث الثقافي']",arab,0,article
ar,التسويق السياحي عبر الانترنت وظرورة اعتماده في الدول العربية,2014,مجلة الإقتصاد الجديد,مجبــر محمــد,,https://openalex.org/W2955603281,['التسويق السياحي'],arab,0,article
ar,أضرحة الصحابة ودورها في تنشيط السياحة الدينية والثقافية في محافظة الكرك: اضرحة الصحابة في المزار انموذجا,2025,مجلة کلية السياحة والفنادق جامعة المنصورة,محمد المحاسنة; أسامة الرواشدة; زيد القطان; محمد العزام,10.21608/mkaf.2025.344831.1047,https://openalex.org/W4412358675,"['السياحة الدينية', 'الضيافة', 'الموروث الثقافي']",arab,0,article
ar,دور قطاع السياحة في تعزيز النمو الاقتصادي - دراسة تحليلية مع التطبيق على المملكة العربية السعودية.,2026,مجلة البحوث القانونية والإقتصادية (المنصورة),ظافر صالح ظافر الشهري,10.21608/mjle.2026.496167,https://openalex.org/W7151051189,"['التنمية السياحية', 'السياحة الثقافية']",arab,0,article
ar,السياحة الرياضية كمدخل لتنمية وتطوير قطاع السياحة في الجزائر,2018,,عبدالهادي مقراني; أحمد رمزي صياغ,10.35156/1193-000-013-003,https://openalex.org/W3009888400,['السياحة'],arab,0,article
ar,"الأنماط السياحية في محافظة شمال سيناء ""دراسة في الجغرافية الاقتصادية""",2022,Mağallaẗ Al-Dirāsāt Al-Insāniyyah wal-Adabiyyah /Mağallaẗ Al-Dirāsāt Al-Insāni yyaẗ wa Al-Adabiyyaẗ,يمن عبد المطلب السعيد التمامي,10.21608/shak.2022.93163.1065,https://openalex.org/W4220653295,"['التنمية السياحية', 'السائحين']",arab,0,article
ar,دور الرحلات المعرفیة عبر الویب فی تنمیة مهارات الأداء اللغوی لدى الطلاب المعلمین تخصص اللغة العربیة,2019,,سمر جابر علی العطار,10.12816/jfeb.2019.61288,https://openalex.org/W2995556919,['الرحلات'],arab,0,article
ar,فاعلية استراتيجية الرحلات المعرفية عبر الويب (WebQuests) في تنمية التفكير التأملي لدى طلبة الصف الخامس الأساسي,2022,IUG Journal of Educational and Psychological Studies,AHMAD FAYIZ AYASRAH,10.33976/iugjeps.30.2/2022/15,https://openalex.org/W4221043068,['الرحلات'],arab,0,article
ar,السياحة كبديل مستديم للريع النفطي في الجزائر,2016,مجلة دراسات في علم إجتماع المنظمات,التيجاني ثريا; رســــــــــــــــول محفوظ,,https://openalex.org/W2964837708,['السياحة'],arab,0,article
ar,شئون الحج والأماکن المقدسة فی العلاقات المصریة الحجازیة 1923 - 1937,2020,مجلة کلیة اللغة العربیة بإتاى البارود,نبیل عبدالمولى,10.21608/jlt.2020.123841,https://openalex.org/W3107497600,['الحج'],arab,0,article
ar,ترقية منتجات السياحة الحلال في الجزائر : بين الفرص الإستثمارية و المحاذير الشرعية,2013,International Islamic Marketing Association Journal,ثابتي الحبيب; بن عبو الجيلالي,10.12816/0000061,https://openalex.org/W2323640815,['السياحة الحلال'],arab,0,article
ar,تحليل جغرافي لشواطئ السياحة الميسرة لذوي الاحتياجات الخاصة في مصر دراسة فى جغرافية السياحة,2024,مجلة کلیة الآداب جامعة الفیوم,ولاء محمد احمد نجيب,10.21608/jfafu.2024.319566.2102,https://openalex.org/W4405164625,"['السفر', 'السياحة']",arab,0,article
ar,التعليم ووسائله في الآثار العربية الاسلامية,2021,Al-Adab Journal,صلاح حسين العبيدي,10.31973/aj.v0i27.2360,https://openalex.org/W4317032919,['الآثار'],arab,0,article
ar,دور الاستثمار السياحي في تنمية الاقتصاد الجزائري,2020,مجلة الإحياء,حيزية هني; محمد زيدان; عامر عيسانى,10.35553/1699-020-025-033,https://openalex.org/W3039699009,['السياحي'],arab,0,article
ar,"الآثار الاقتصادية لأزمة ""كورونا"" على الأردن",2020,مجلة دراسات شرق أوسطية,عصام قضمانى,10.47084/0836-024-093-006,https://openalex.org/W4411817594,['الآثار'],arab,0,article
ar,توظیف تقنیات معالجة اللغات الطبیعیة فى مجال التراث الثقافی بمصر,2022,مجلة کلية السياحة والفنادق جامعة المنصورة,سهى محمود أحمد,10.21608/mkaf.2022.259484,https://openalex.org/W4295546756,['التراث الثقافي'],arab,0,article
ar,"الجراب "" حكاية نجع "" ذاكرة السيرة وذاكرة التراث الشعبي الليبي",2023,Al-Mukhtar Journal of Social Science,أريج محمد طيب خطاب,10.54172/jg3ap131,https://openalex.org/W4403981674,['التراث الثقافي'],arab,0,article
ar,نص مسماري غير منشور من المتحف العراقي لحاكم مدينة كارنيني GAR3-NE-NEki,2017,مجلة جامعة كركوك للدراسات الإنسانية,محمود حامد أحمد; عبدالمكرم محمود محمد,10.32894/1911-012-004-007,https://openalex.org/W2966493366,['المتحف'],arab,0,article
ar,"""سلوك السائح وخصائص الرحلة في السياحة الصحية والعلاجية: دراسة حالة من بئر الرفدي في منطقة حائل، المملكة العربية السعودية""",2025,مجلة البحث العلمي في الآداب,إيهاب ربيع محمد علي,10.21608/jssa.2025.424489.1776,https://openalex.org/W4417236023,"['السائح', 'السفر', 'السياحة العلاجية']",arab,0,article
ar,أثر سياسة التسعير على رضا السائحين للمواقع السياحية : دراسة ميدانية على المواقع الدينية في الأردن,2016,International Islamic Marketing Association Journal,عبد الحميد محمد عبد الله الخرابشة,10.12816/0017781,https://openalex.org/W2342833580,['السائحين'],arab,0,article
ar,"زخرفة الباربوتين على الاواني الرومانية "" دراسة لمجموعة اواني باربوتين لم تنشر من قبل في بعض المتاحف المصرية """,2021,مجلة الإتحاد العام للآثاريين العرب,أمل عبد الصمد حشاد,10.21608/jguaa.2021.57991.1154,https://openalex.org/W3172627451,['المتاحف'],arab,0,article
ar,مقومات ومعوقات السياحة الصحراوية الطبيعية في ليبيا - الواحات الشمالية الشرقية أنموذجا,2024,Mağallaẗ al-ʿulūm wa-al-dirāsāt al-insāniyyaẗ.,د. فضل الله محمود المهدي; د. عثمان الناجي عثمان; د. رمزي الجارح محمد; أ. فرج عبدالله حسين; أ. نجاة سليمان سعد,10.37376/jsh.vi68.5653,https://openalex.org/W4399346326,"['السياحة البيئية', 'السياحة الصحراوية', 'صناعة السياحة']",arab,0,article
ar,دور الإعلام السياحي في الترويج للسياحة الجزائرية,2020,,فاطمة لانصاري; سارة مشري; العيد حاج قويدر; مؤطر,,https://openalex.org/W3094146696,['السياحي'],arab,0,dissertation
ar,المستحدثات التکنولوجیة فی التصویر ودورها فی توثیق الاثار من خلال تصمیم الجولات الالکترونیة للموروثات الفنیة على مواقع التواصل الاجتماعی,2021,مجلة العمارة والفنون والعلوم الإنسانية,عمرو محمد جلال,10.21608/mjaf.2020.46072.1913,https://openalex.org/W3118855032,['السائح'],both,0,article
ar,Dr. Hamed Gohar and the establishment of the National Institute of Oceanography and Fisheries in Hurghada from 1928-2020 AD الدکتور حامد جوهر وإنشاء المعهد القومي لعلوم البحار والمصايد بالغردقة من 1928-2020 م,2021,مجلة بحوث الشرق الأوسط,أشرف محمد عبد الرحمن مؤنس; عبدالرحيم حامد أحمد محمود,10.21608/mercj.2021.205836,https://openalex.org/W4200441658,['المعالم الأثرية'],arab,0,article
ar,الآثار المترتبة على معوقات التنمية السياحية في مصر : دراسة ميدانية,2024,مجلة کلية الآداب و العلوم الإنسانية جامعة قناة السويس,هبة مصطفى عبد الهادي,10.21608/jfhsc.2024.420456,https://openalex.org/W4409179634,['التنمية السياحية'],arab,0,article
ar,تداعيات جائحة كورونا المستجد على القطاع السياحي المصري,2020,Egyptian Journal of Development and Planning,أ.د. سلوى مرسي د. زینب الصادي,,https://openalex.org/W3123955600,['السياحي'],arab,0,article
ar,دور الإعلام القطري في تشكيل اتجاهات المواطنين نحو جهود الحكومة في مواجهة أثار الحصار,2018,,Ashraf Galal Hassan Mohamed Bayoumy,10.5339/qfarc.2018.ssahpp58,https://openalex.org/W2795091371,['العمرة'],arab,0,conference-paper
ar,الكرد وإمارة الحج خلال الفترة (551-757هـ/1156-1356م),2019,Govara zanistîn mirovayetî ya-zankoya Zaxo,Farhad H. Aboush,10.26436/hjuoz.2019.7.2.494,https://openalex.org/W2957737073,['الحج'],arab,0,article
ar,الذكاء الاصطناعي و الواقعية الافتراضية في الاحتفالات الرسمية و تعزيز الهوية المصرية,2025,مجلة الفنون والعمارة,علياء صابر صالح محمد,10.21608/jaaj.2025.446886.1042,https://openalex.org/W7117476426,['المتحف'],arab,0,article
ar,"التنمية السياحية المستدامة وأبعادها:, القانون الجزائري",2023,مجلة القانون والمجتمع,بهية هوادف,10.35780/1937-011-001-012,https://openalex.org/W4412148433,"['التنمية السياحية', 'السياحية']",arab,0,article
ar,الاستدامة المالية للأسرة الكويتية: أثر الاستهلاك والوازع الديني.,2025,العلوم التربوية,أ شـاهه حـطاب الحـطاب,10.21608/ssj.2025.428007,https://openalex.org/W4410469869,['السفر'],arab,0,article
ar,ماهیة العقل الحداثی فی المجتمع العربی وتحدیات الحداثة,2018,Mağallaẗ Al-Qirā'aẗ wa Al-Maʿrifaẗ/Mağallaẗ Al-Qirā'aẗ wa Al-Maʿrifaẗ,حنان خلیفة الغوات,10.21608/mrk.2018.100603,https://openalex.org/W3041408646,['الموروث الثقافي'],arab,0,article
ar,العـلاقات العـامة ودورها فى التنـمیة السیـاحـیة (دراســة میـدانـیـة),2018,Scientific Journal of Media Researches and Communication Technology,,10.21608/mktc.2018.151163,https://openalex.org/W4213080621,['السياحة الثقافية'],arab,0,article
ar,التسويق الإعلامي لمعلومات الآثار البيئية للحرب العالمية الثانية في طبرق : دراسة تحليلية للكتابات عنها ـ دليل الصور ـ المتحف ــ المناطق الأثرية,2020,Mağallaẗ al-ʿulūm wa-al-dirāsāt al-insāniyyaẗ.,د . محمد صديق الزين; د . المبروك أبوبكر امجاور,10.37376/1571-000-018-006,https://openalex.org/W3033057287,['المتحف'],arab,0,article
ar,كتب الرحلات مصدرا لوصف المنشآت العمرانية في فلسطين في القرنين 4 - 5 هـ / 10 - 11 م : رحلتي المقدسي وخسرو نموذجا,2017,Rewaq History and Heritage,عبد الحميد جمال الفراني,10.12816/0040220,https://openalex.org/W2800472841,['الرحلات'],arab,0,article
ar,واقع التسويق السياحي في مدينة القدس، وأثره في اقتصاد المدينة : من وجهة نظر الشركات السياحية العاملة في المدينة = The Fact of Tourism Marketing in the City of Jerusalem and Its Impact on the City's Economy : The Study Is from the Point of View of the Working Tourism Companies in the City,2017,مجلة جامعة الأقصى سلسلة العلوم الإنسانية,أمجد سميح القاضي,10.12816/0038375,https://openalex.org/W2768621313,['التسويق السياحي'],arab,0,article
ar,اللغة والهویة,2018,Mağallaẗ̈ Kulliyyaẗ Al-Dirāsāt Al-Islāmiyyaẗ wa Al-ʿarabiyyaẗ Lil-Banin Bil-Qāhiraẗ,محمد أنور باد شاه السریلانکی,10.21608/bfsa.2018.41215,https://openalex.org/W4231699800,['التبادل الثقافي'],arab,0,article
ar,الاستثمار السياحي في مصر المقومات والمعوقات,2023,المجلة الدولية للتراث والسياحة والضيافة,اشرف اسماعيل صوفى ميهوب; هدى لُطيف; مصطفى محمود أبو حمد,10.21608/jihtha.2023.186965.1023,https://openalex.org/W4380152729,['السياحي'],arab,0,article
ar,"السياسة الصينية نحو الطاقة المتجددة: طريق الحرير الأخضر ""نموذجا""",2022,Afāq Asyawiyyaẗ,د.سمر ابراهيم,10.21608/sis.2022.165471.1042,https://openalex.org/W4312875691,"['طريق الحرير', 'مبادرة الحزام والطريق']",china,0,article
ar,A Folk Story from Dhofar : A Pathway to Indigenous Knowledge = قصص شعبية من ظفار : سبيل للمعرفة المحلية,2015,Journal of Arts and Social Sciences [JASS],Ali Tigani ElMahi; Ahmed Mohamed al Khatheri,10.12816/0023781,https://openalex.org/W2509220115,['التراث الثقافي'],arab,0,article
ar,تحليل استجابات الجمهور نحو توظيف الجولات الافتراضية بتقنية 360 درجة كأداة لترويج السياحة التراثية في مصر,2024,المجلة العلمية لبحوث العلاقات العامة و الإعلان,مروة صبحي محمد,10.21608/sjocs.2024.397205,https://openalex.org/W4405672497,"['التسويق السياحي', 'التنمية السياحية', 'السياحة التراثية']",arab,0,article
ar,التحليل المكاني للصناعات الحرفية اليدوية في المواقع الاثرية في العراق ودورها في التنمية السياحية,2025,journal of the college of basic education,م.د. محمد صبيح صبر; أ.م.د. حسام كنعان وحيد,10.35950/cbej.v30i131.13239,https://openalex.org/W4412080022,"['التنمية السياحية', 'السائح']",arab,0,article
ar,السياحة البيئية في منطقة حائل,2022,University of Sharjah (UoS) Journal of Humanities and Social Sciences,صفاء صبابحة,10.36394/jhss/14/1/9,https://openalex.org/W4294792474,"['السائح', 'السفر', 'السياحة', 'السياحة البيئية']",arab,0,article
ar,تأثیر الممارسات البیئیة على الصورة الذهنیة واتخاذ قرار السفر للمقاصد السیاحیة البیئیة: دراسة مقارنة بین الإمارات والجزائر ومصر,2021,مجلة کلية السياحة والفنادق - جامعة مدينة السادات,قعید لطیفة; محمد أبوشوق; محمود سالم,10.21608/mfth.2021.199853,https://openalex.org/W3208633712,"['السائح', 'السائحين', 'السفر', 'السياحة البيئية']",arab,0,article
ar,Architecture of The heritage buildings in Najaf and its role in promoting national identity,2019,Al-Adab Journal,Abd Al-Satar Shnin Alganaby,10.31973/aj.v0i129.586,https://openalex.org/W2968214192,['التراث الثقافي'],arab,1,article
ar,سيميائية الجسد ألذكوري في الخطاب الروائي الجزائري تلك المحبة أنموذجا للكاتب الحبيب السائح,2016,,أ شريط بدرة,,https://openalex.org/W2787678974,['السائح'],arab,0,article
ar,تقییم الخدمات المقدمة لذوی الاحتیاجات الخاصة فى المقصد السیاحی المصری,2018,مجلة کلية السياحة والفنادق جامعة المنصورة,عصام أحمد محمد یوسف; می محمد باهر عمر; شیماء أبوخنجر محمد عبدالله,10.21608/mkaf.2018.107860,https://openalex.org/W3072400287,['السائحين'],arab,0,article
ar,إنعكاسات الاستثمار في المصادر المتجددة للطاقة علي التنمية السياحية في مصر The impact of investment in renewable energy sources on tourism development in Egypt,2026,مجلة بحوث الشرق الأوسط,أيمن عبدالله محمد,10.21608/mercj.2026.441695.1863,https://openalex.org/W7166842670,['التنمية السياحية'],arab,0,article
ar,جماليات اللغة والخطاب في تجربة الحبيب السائح الروائية قراءة في المنجز النقدي الجزائري,2019,مجلة الاستهلال,سحنين على,10.37299/1591-000-021-004,https://openalex.org/W3092883806,['السائح'],arab,0,article
ar,"""الرحلات الجزائرية إلى بلاد الحرمين: رحلتي البجائي والورثلاني أنموذجا"" أ. د. عبد القادر صحراوي جامعة جيلالي ليابس – سيدي بلبعاس الجزائر",2018,الحوار المتوسطي,Abd‐El‐Kader Sahraoui,,https://openalex.org/W2806175530,['الرحلات'],arab,0,article
ar,How potential tourists’ perception of interaction with local people impact their overall experience and destination image in emerging destination?,2021,المجلة العلمیة لکلیة السیاحة و الفنادق جامعة الأسکندریة,سلمان العتیبی,10.21608/thalexu.2021.99547.1068,https://openalex.org/W4205152511,['السائح'],arab,2,article
ar,السياحة في الدول العربية واقع وتحديات,2012,مجلة الإدارة والتنمية للبحوث والدراسات,إبراهيم عليوات,10.51991/2230-000-002-003,https://openalex.org/W4412143133,['السياحة'],arab,0,article
ar,دراسة أثر استخدام الإدارة الإلكترونية من طرف مصالح الخدمة العمومية في تحسين جودة الخدمة العمومية في الجزائر: دراسة استطلاعية حول خدمة استخراج جواز السفر البيومتري,2017,مجلة مجاميع المعرفة,حورية قارطي; إيمان مداوي,10.37166/2058-000-004-018,https://openalex.org/W2764250017,['السفر'],arab,0,article
ar,استلهام التراث فی الأدب الحائلی,2023,مجلة کلیة اللغة العربیة بإتاى البارود,شیمة محمد فالح الشمری,10.21608/jlt.2023.289652,https://openalex.org/W4323982161,['التراث'],arab,0,article
ar,الاعتماد على التكنولوجيا الحديثة لتحقيق السياحة الرقمية وواقعها في السياحة الجزائرية,2018,مجلة افاق علوم الادارة والاقتصاد,شنبي صورية; بن لخضر السعيد,,https://openalex.org/W2927223002,['السياحة'],arab,0,article
ar,القطاع السياحي في الجزائر بين إستراتيجية التنمية السياحية(2030SDAT) وأهداف المتعاملين السياحيين -دراسة تحليلية باستخدام تقنية ماكتور-,2021,مجلة التنمية الاقتصادية,صفية درويش; فتحية غريبي; عبد الحفيظ مسكين,,https://openalex.org/W3186732972,['التنمية السياحية'],arab,0,article
ar,السياحة من منظور السنة النبوية,2020,مجلة جامعة القرآن الكريم والعلوم الاسلامية,مالك سيف الدين القواسمي,10.61821/ywg6b356,https://openalex.org/W4388778677,['السياحة'],arab,0,article
ar,مفهوم المصیر المشترک والعلاقات العربیة الصینیة: بین مبادرة الحزام والطریق وجائحة الکورونا,2022,مجلة السياسة والاقتصاد,هبه جمال,10.21608/jocu.2021.87839.1129,https://openalex.org/W4205117716,"['العلاقات الصينية العربية', 'مبادرة الحزام والطريق']",both,1,article
ar,تأهيل المحميات الطبيعية لتنمية السياحة البيئية في الأراضي الفلسطينية باستخدام GIS : دراسة تطبيقية على محمية وادي غزة,2017,المجلة الأردنية للعلوم الاجتماعية,عبدالقادر إبراهيم عطية حماد,10.35516/0211-010-002-001,https://openalex.org/W2996458631,['السياحة البيئية'],arab,0,article
ar,الآثار التنموية للشمول المالي في الوطن العربي,2023,L Egypte Contemporaine,منال ابراهيم احمد ابراهيم; جهاد سويلم,10.21608/espesl.2023.197844.1053,https://openalex.org/W4383033778,['الآثار'],arab,0,article
ar,"دور التخطيط السياحي في دعم التنمية بالقطاع السياحي الجزائري:, دراسة تقييمية",2022,,نهاد حمدان; كريمة بن حواس,10.51841/2159-005-001-066,https://openalex.org/W4412139123,['السياحي'],arab,0,article
ar,العلاقة بین التنمیة السیاحیة وسعر الصرف والنمو الاقتصادى دراسة تطبیقیة على الإقتصاد المصری بإستخدام نموذج الإنحدار الذاتى (VAR),2019,المجلة العلمية للبحوث التجارية (جامعة المنوفية),نشوى محمد عبد ربه; فاروق فتحى السيد الجزار,10.21608/sjsc.2019.110485,https://openalex.org/W3202644995,['التنمية السياحية'],arab,0,article
ar,تقييم الأثر الإقتصادى لتسريح العمالة السياحية خلال فترة الأزمة,2023,مجلة کلية السياحة والفنادق جامعة المنصورة,ميشلين وجيه اليان بدارو; بسمة مسعد حراز; رانيا بهاء الدين بدر الدين; طلعت أسعد عبد الحميد,10.21608/mkaf.2023.328676,https://openalex.org/W4389577595,"['السائحين', 'السفر والسياحة', 'صناعة السياحة']",arab,0,article
ar,"تقييم النخبة المصرية لتغطية المواقع الإخبارية العربية والموجهة باللغة العربية لاحتفالية افتتاح المتحف المصري الكبير نوفمبر 2025م ""دراسة تقييمية""",2025,مجلة البحوث والدراسات الإعلامية,فوزية جمال عبد التواب إمام,10.21608/mjsm.2026.451415.1316,https://openalex.org/W7134246620,['المتحف'],arab,0,article
ar,المواقع الأثرية والسياحية في منطقة عسير ودورها في تعزيز التنمية المستدامة: دراسة جيوأركيولوجية تاريخية,2026,مجلة کلیة الآداب جامعة بورسعید,منا محمد عصام العسال; فوزى عارف إبراهيم علي,10.21608/jfpsu.2025.423058.1474,https://openalex.org/W7125770762,['السياحة التراثية'],arab,0,article
ar,دور السياحة البيئية في تحقيق التنمية السياحية المستدامة: التجربة المصرية نموذجا,2017,مجلة البديل الاقتصادي,بوحديد ليلى; يحياوي الهام,,https://openalex.org/W2916179610,"['التنمية السياحية', 'السياحة البيئية']",arab,0,article
ar,الآثار النفسية وتأثيرها على طلبة الجامعة في ليبيا,2020,مجلة مركز بابل للدراسات الإنسانية,سعدة على خليفة,10.33843/1152-010-001-011,https://openalex.org/W3113227885,['الآثار'],arab,0,article
ar,An Object Detection Model based on Augmented Reality for Iraqi Archaeology,2024,Baghdad Science Journal,Suha Dh. Athab; Abdulamir A. Karim,10.21123/bsj.2024.9199,https://openalex.org/W4397050361,['التراث الثقافي'],arab,0,article
ar,جهود دار الإفتاء المصرية في النوازل المتعلقة بالصيام,2022,Mağallaẗ Al-Dirāsāt Al-Afrū Asyawīyaẗ,شعبان محمد عبد السلام هنداوي,10.21608/aass.2022.339777,https://openalex.org/W4391721806,['السفر'],arab,0,article
ar,تسویق الدولة کعلامة تجاریة دراسة سیمیولوجیة تتبعیة لحملة ’’هی دی مصر‘‘ عبر انستجرام تسویق الدولة کعلامة تجاریة,2017,المجلة العلمية لبحوث العلاقات العامة و الإعلان,أمانی ألبرت,10.21608/sjocs.2017.88341,https://openalex.org/W3024330373,['السائحين'],arab,0,article
ar,بيئة الجزر الريفية بنطاق القاهرة الكبرى جزيرة القرصاية نموذجا,2025,Mağallaẗ Al-Dirāsāt Al-Insāniyyah wal-Adabiyyah /Mağallaẗ Al-Dirāsāt Al-Insāni yyaẗ wa Al-Adabiyyaẗ,أ.د.سعيد محمد الحسيني مدكور,10.21608/shak.2025.346910.1732,https://openalex.org/W4409437082,['السائحين'],arab,0,article
ar,تحليل خطاب المواقع الإلكترونية الرسمية عن السياحة العلاجية في مصر: بالتطبيق على موقع مركز المعلومات ودعم اتخاذ القرار التابع لمجلس الوزراء,2025,Al-Mağallah Al-ʿilm iyyaẗ Li-Buḥūṯ Al-Id̲̲āʿẗ wa Al-Tilifizyūn,غادة ممدوح أمين,10.21608/ejsrt.2025.414283,https://openalex.org/W4408171274,['السياحة العلاجية'],arab,0,article
ar,ثقافة الصحراء والتنمية السياحية بولاية أدرار بجنوب الجزائر دراسة ميدانية في الأنثروبولوجيا,2021,Mağallaẗ Al-Dirāsāt Al-Insāniyyah wal-Adabiyyah /Mağallaẗ Al-Dirāsāt Al-Insāni yyaẗ wa Al-Adabiyyaẗ,,10.21608/shak.2021.193058,https://openalex.org/W4245451905,"['التنمية السياحية', 'السائحين']",arab,0,article
ar,السياحة العلاجية في الجزائر كمدخل لتحقيق التنمية المحلية : ولاية قالمة نموذجا = Medical Tourism in Algeria as a Way to Achieve Local Development : Guelma Province Model,2017,مجلة جامعة القدس المفتوحة للأبحاث و الدراسات,شريف غياط; أسماء خليل,10.12816/0039412,https://openalex.org/W2770488145,['السياحة العلاجية'],arab,0,article
ar,أثر تحریر سعر الصرف على النشاط السیاحی المصری بالتطبیق على شرکات السیاحة العاملة فی مجال السیاحة الدینیة,2017,المجلة الدولية للتراث والسياحة والضيافة,محمود معوض,10.21608/jihtha.2017.28083,https://openalex.org/W2915929536,"['السياحة الدينية', 'العمرة']",arab,0,article
ar,استنباط معايير تصميم الحديقة المصرية القديمة,2024,Journal of Urban Research /Journal of Urban Research,Noha Soliman Mohammed; Zeinab Aly Mohamed Mahrso; Noha Abd el Aziz,10.21608/jur.2024.269727.1152,https://openalex.org/W4400616200,['المتاحف'],arab,0,article
ar,فعالية إعلانات السياحة المحلية في سلطنة عمان,2011,الإداري,سالم أحمد الرحيمي,10.52789/0302-033-125-002,https://openalex.org/W4411702355,['السياحة'],arab,0,article
ar,دور الرياضات التقليدية الترويحية في تشجيع السياحة بالجزائر,2018,مجلة المنظومة الرياضية,محمد بن نعجة; خير الدين بن رابح; محمد فيصل خروبي,,https://openalex.org/W2803779112,['السياحة'],arab,0,article
ar,الواح فخارية محفوظة في المتحف العراقي غير منشورة (دراسة تحليلية فنية),2024,Kufa Journal of Arts,علي عبد,10.36317/kja/2024/v1.i60.14359,https://openalex.org/W4399274946,['المتحف'],arab,0,article
ar,[الآثار الثقافية والاقتصادية للحج على الدولة والمواطنين: المملكة العربية السعودية نموذجا],2025,International Journal of Scientific Studies Publishing,الأستاذ المشارك - قسم علوم الحديث والدراسات الإسلامية - كلية الشريعة والدراسات الإسلامية-الجامعة الإسلامية العالمية شيتاغونغ; الدكتور محمد أبو الكلام,10.62690/ijssp2622,https://openalex.org/W4413464216,['التبادل الثقافي'],arab,0,article
ar,طریق الحج فی مصر الاسلامیة من الفتح العربی إلى نهایة الدولة الإخشیدیة (21- 358ه / 641 – 969م),2020,مجلة البحث العلمي في الآداب,ندى سید محمد أحمد,10.21608/jssa.2020.121312,https://openalex.org/W3106408865,"['الحج', 'الحج والعمرة', 'السفر']",arab,0,article
ar,زاوية الفايدية: تاريخها وتخطيطها,2020,Mağallaẗ al-ʿulūm wa-al-dirāsāt al-insāniyyaẗ.,كريمة أحمد محمد عوض,10.37376/1571-000-057-009,https://openalex.org/W3033602005,['المعالم الأثرية'],arab,0,article
ar,السياحة الصحراوية كأداة لتحقيق التنمية المستدامة في الجزائر.,2021,,محمد العيد ختيم,,https://openalex.org/W3161819653,['السياحة الصحراوية'],arab,0,article
ar,"تأثير أدوات التحول الرقمي في تعزيز أنشطة الشركات السياحية:, دراسة ميدانية في بعض شركات السفر والسياحة في محافظة بغداد - العراق",2024,,أحمد طه حميد,10.32894/1913-014-998-001,https://openalex.org/W4411624987,"['السفر', 'السفر والسياحة']",arab,0,article
ar,دور الرحلات الترويحيه فى تنميه الوعى السياحى لدى طلاب کليات التربيه الرياضيه,2022,Maǧallaẗ Buḥūṯ Al-Tarbiyyaẗ Al-Rīyāḍiyyaẗ/Maǧallaẗ Buḥūṯ Al-Tarbiyyaẗ Al-Rīyāḍiyyaẗ  ,محمد عبدالجواد احمد محمد,10.21608/mbtr.2022.130743.1121,https://openalex.org/W4281618212,['الرحلات'],arab,0,article
ar,الآثار النفسية للطلاق من وجهة نظر المرأة المطلقة في المجتمع الجزائري : دراسة ميدانية استكشافية مقارنة بولايتي باتنة و المسيلة,2016,مجلة جيل العلوم الإنسانية والاجتماعية,حمزة بركات,10.12816/0030597,https://openalex.org/W2557977876,['الآثار'],arab,1,article
ar,"Block Statue in the Cairo Museum JE 37185 from Karnak Cachette, Excavation Number K.382 تمثال کتلة من المتحف المصری من خبیئة الکرنک , رقم الکشف (K.382)",2016,The Conference Book of the General Union of Arab Archaeologists/The Conference Book of the General Union of Arab Archaeologists,Eman Abu-Zaid,10.21608/cguaa.2016.29693,https://openalex.org/W2939801994,['المتحف'],arab,0,conference-paper
ar,دمى فخارية غير منشورة من المتحف العراقي– المرأة العازفة إنموذجا,2019,,م.د. عادل شاكر وهام,,https://openalex.org/W3004626914,['المتحف'],arab,0,article
ar,حضور التراث الشعبي في المسرح العربي,2015,مجلة النص,معروف مختارية حنان,,https://openalex.org/W3115377648,['التراث'],arab,0,article
ar,حماية وإدارة التراث الثقافي – الجزائر أنموذجا,2024,مجلة العمارة والفنون والعلوم الإنسانية,حازم الأشهب,10.21608/mjaf.2024.293782.3416,https://openalex.org/W4401187482,"['التراث', 'التراث الثقافي']",arab,0,article
ar,السياحة ومتطلبات تنميتها بالجزائر,2017,دراسات,رقية بوشويشة,10.34118/0136-000-053-008,https://openalex.org/W2955232447,['السياحة'],arab,0,article
ar,السياحة الدينية في المدينة المنورة ومستقبلها: دراسة باستخدام نظم المعلومات الجغرافية,2020,Journal of Arts and Social Sciences [JASS],Basimah Yahya AL Talib,10.24200/jass.vol11iss1pp5-25,https://openalex.org/W3096247989,['السياحة الدينية'],arab,0,article
ar,أثر سقوط بغداد على أداء العراقيين لشعائر الحج,2023,Mağallaẗ Kulliyyaẗ Uṣūl Al-Din wa Al-Daʿwah Bil-Munūfiyyāẗ,رحمة بنت حمود بن فطيس النفيعي,10.21608/bfdm.2023.310226,https://openalex.org/W4385465006,['الحج'],arab,0,article
ar,تعزيز التجربة البيئية في الحيزات الداخلية بالمنشآت السياحية في محمية رأس محمد,2025,مجلة التراث والتصميم,حنان فاروق; أشرف حسين; مروة زينهم,10.21608/jsos.2025.436651.1808,https://openalex.org/W4417235349,['السياحة البيئية'],arab,0,article
ar,متطلبات تثمين مواقع التراث الثقافي من أجل تطوير السياحة الثقافية في الجزائر,2020,مجلة المعيار,نور الدين شارف,10.54191/2320-011-003-003,https://openalex.org/W3115898196,"['التراث الثقافي', 'السياحة الثقافية']",arab,0,article
ar,التنويع الاقتصادي كخيار تنموي مستدام القطاع السياحي المغربي أنموذجا,2020,Dirassat Journal Economic Issue,Ikram Hadjab; Kamal Lakrib,10.34118/djei.v11i1.96,https://openalex.org/W3000951476,['التنمية السياحية'],arab,0,article
ar,الخداع البصری وأثره الوظیفی والجمالی فی التصمیم الداخلی(دراسة حالة متحف الغموض بدبی),2023,مجلة الفنون والعلوم التطبيقية,فاطمة أحمد محمد حسین,10.21608/maut.2023.281682,https://openalex.org/W4317761675,['المتاحف'],arab,0,article
ar,الآثار الاجتماعية للدروس الخصوصية في سلطنة عمان,2024,المجلة العربية للعلوم التربوية والنفسية,راشد محمد الحجري; عبد الله علي محمد الفارسي; محمد خلفان الصقري; علي سعيد سليم المطري,10.21608/jasep.2024.333573,https://openalex.org/W4390497747,['الآثار'],arab,0,article
ar,مجتمع المدينة المنورة من خلال كتب الرحلات الهندية في القرن الرابع عشر الهجري/العشرين الميلادي (دراسـة تاريخية),2026,مجلة کلیة اللغة العربیة بإتاى البارود,محمد شهادة حسين محمد شفيع الله; سامح عبد العزيز,10.21608/jlt.2026.510178,https://openalex.org/W7165798915,['الرحلات'],arab,0,article
ar,طريق الحرير الجديد واثاره الاقتصادية على العراق,2020,Journal of Petroleum Research and Studies,HUSSIEN الجزائري,10.52716/jprs.v10i3.334,https://openalex.org/W3162704889,"['طريق الحرير', 'مبادرة الحزام والطريق']",both,0,article
ar,تدريس اللغة العربية وإشكال الكتابة بين الوظيفية والإبداعية التعليم الثانوي نموذجا,2021,مسالك التربية والتكوين,عبد العالي احميد,10.48403/imist.prsm/massalek-v4i1.25676,https://openalex.org/W3188299869,['التراث الثقافي'],arab,0,article
ar,دور التصميم الداخلي في المنتجعات السياحية بين تكنولوجيا النانو و الهوية المصرية,2026,مجلة التراث والتصميم,آيه شوقي أحمد محمد,10.21608/jsos.2026.492438.1899,https://openalex.org/W7165776398,['المنتجعات'],arab,0,article
ar,توظیف الإنفوجرافیک کمدخل- لتصمیم الملصق الإرشادی لتوعیة زوار المتحف الآتونی بالمنیا Employing the infographic as an input to design the guiding poster To educate visitors to the Athenian Museum in Minia,2022,مجلة الفنون التشکیلیة والتربیة الفنیة,فاطمة رمضان سید عبد العزیز; هند سعد محمد حسین عبید; سارة ربیع قناوی,10.21608/jfea.2022.230834,https://openalex.org/W4224138071,"['المتاحف', 'المتحف']",arab,0,article
ar,الآثار السورية بين نيران الاشتباکات والتعديات المتعمدة,2019,,خليل اقطيني,10.21608/kan.2019.123747,https://openalex.org/W3170863385,['الآثار'],arab,0,article
ar,"المصالح الجوهرية الصينية ومبادرة ""الحزام والطريق"": هل تتبع الصين سياسة خارجية تعديلية؟",2023,Zenodo (CERN European Organization for Nuclear Research),حمدي اتراس,10.5281/zenodo.7692035,https://openalex.org/W4322759661,['طريق الحرير'],china,0,article
ar,الریاضة التقلیدیة بین المنظومة السیاحیة والبیئیة: دراسة حالة السیاحة الصحراویة فی الجزائر,2021,المجلة العربية لعلوم السياحة والضيافة والآثار,مولود حواس; هدى حفصی,10.21608/kjao.2021.156237,https://openalex.org/W3138119765,"['التنمية السياحية', 'السياحة الصحراوية', 'الموروث الثقافي']",arab,0,article
ar,استجابة قطاع السياحة والسفر للاقتصاد الرقمي,2025,Business Series,عبدالله غزو; زياد ابو ليلى,10.59759/business.v4i2.725,https://openalex.org/W4413231628,['السياحة'],arab,0,article
ar,السياسة الخارجية الصينية تجاه دول مجلس التعاون الخليجي (مبادرة الحزام والطريق),2023,Humanitarian and Natural Sciences Journal,د. صلاح مصلح أبو ختلة,10.53796/hnsj487,https://openalex.org/W4385446196,['مبادرة الحزام والطريق'],both,0,article
ar,"أثر وسائل التسويق المباشر لجذب السائحين إلى الأردن:, دراسة ميدانية على عينة من المواقع السياحية في شمال الاردن",2019,,عبدالفتاح محمود العزام,10.52471/1470-004-002-003,https://openalex.org/W3167084694,['السائحين'],arab,0,article
ar,إدراج التراث الثقافي العراقي بلائحة التراث الثقافي العالمي (اليونسكو) وأثره في الترويج السياحي للعراق,2025,مجلة کلية السياحة والفنادق جامعة المنصورة,حيدر ابراهيم منعم; ريهام ممدوح عبدالمقصود; رانيا محمد بهاء الدين بدر,10.21608/mkaf.2025.482861,https://openalex.org/W7127413500,"['التراث', 'التراث الثقافي']",arab,0,article
ar,علاقة الدولة القاسمية في اليمن بأشراف الحجاز (1050-1100هـ/1650-1700م) (محمل الحج اليمني أنموذجا),2019,مجلة الآداب,محمد فيصل عبدالعزيز الأشول,10.35696/.v1i12.621,https://openalex.org/W4319158162,['الحج'],arab,1,article
ar,تماثيل السيدات الحضرية المحفوظة في المتحف العراقي بغداد,2023,المجلة العلمية بکلية الآداب,علي سامي فرحان; ممدوح ناصف المصري; هاله السيد ندا,10.21608/jartf.2023.312350,https://openalex.org/W4385846421,['المتحف'],arab,0,article
ar,"القطاع السياحي في الجزائر:, آفاق وتحديات: دراسة تحليلية",2024,,يوسف بلخامسة; مراد صاولي,10.37487/0845-023-002-025,https://openalex.org/W4411816552,['السياحي'],arab,0,article
ar,تصورات طلبة التعليم الأساسي بسلطنة عمان عن أبعاد السياحة البيئية المستدامة في ضوء بعض المتغيرات,2022,المجلة التربوية.,عبدالله بن خميس أمبوسعيدي; خالد خميس علي السعدي; هدى بنت مبارك بن حميد الدايري; خالد بن سالم بن سعيد البسامي,10.34120/0085-037-145-006,https://openalex.org/W4312544109,"['السياحة', 'السياحة البيئية']",arab,1,article
ar,السياحة كبديل لتفعيل التنويع الإقتصادي في الجزائر,2016,مجلة البحوث الاقتصادية المتقدمة,بغداد بنين; عبد الرحمان بنين,,https://openalex.org/W3081345290,['السياحة'],arab,0,article
ar,دراسة تحلیلیة لأوشحة زوار بیت الله الحرام (التصمیم والتطبیق),2018,مجلة العمارة والفنون والعلوم الإنسانية,نجلاء طعیمة,10.12816/0046520,https://openalex.org/W2941250175,['العمرة'],arab,0,article
ar,الاستفادة من القیم الجمالیة للرموز التراثیة بسیوة فى تصمیم أقمشة المعلقات المطبوعة لتحقیق التنمیة السیاحیة,2019,مجلة العمارة والفنون والعلوم الإنسانية,مروة عثمان; عزة البرى,10.21608/mjaf.2019.25794,https://openalex.org/W3115770788,['التنمية السياحية'],arab,0,article
ar,تحليل دور الألوان الداخلية في تشكيل تجربة الزوار: دراسة بأسلوب البحث المختلط في المتاحف التراثية بمدينة الطائف، المملكة العربية السعودية,2025,مجلة العمارة والفنون والعلوم الإنسانية,فاتن ينكصاري; جمانه الأحمدي; آلاء الغامدي; سجى الشربي; روان المالكي; هند ناصر,10.21608/mjaf.2025.416217.3812,https://openalex.org/W4415911835,"['السياحة الثقافية', 'المتاحف']",arab,0,article
ar,الأبعـــاد الاقتصادية والاجتماعية للسياحة الدينية في العراق _ دراسة مقارنة,2023,مجلة المعهد,أ.د سحر جبار يعقوب; صلاح حسن عبود الكلابي,10.61353/ma.0120071,https://openalex.org/W4392898879,['السياحة الدينية'],arab,0,article
ar,أثر جائحة فيروس كورونا COVID 19 على السياحة في الصين,2023,المجلة الجزائرية للعولمة و السياسات الاقتصادية,راضية سعدي; زهير عدلي,10.54245/2210-014-000-002,https://openalex.org/W4412142685,['السياحة في الصين'],china,0,article
ar,"السیاحة الریفیة فی قریة تونس بمحافظة الفیوم ودورها فی تمکین المرأة الریفیة ""دراسة فی جغرافیة السیاحة"" باستخدام نظم المعلومات الجغرافیة",2022,مجلة کلیة الآداب جامعة الفیوم,ولاء محمد احمد نجیب,10.21608/jfafu.2022.136769.1752,https://openalex.org/W4281260278,['السياحة الريفية'],arab,0,article
ar,معالجة الصحف الإلكترونية لموضوعات التنمية السياحية العربية (دراسة تحليلية مقارنة),2024,Al-Mağallah Al-ʿarabiyyaẗ Li Buḥūṯ Al-Itiṣāl wa Al-Iʿlām Al-Raqamī,إيمان عرفات; هند الغمري,10.21608/ajscd.2024.347242,https://openalex.org/W4393148957,['التنمية السياحية'],arab,0,article
ar,زيارة الأربعين وأثرها في تنمية السياحة الدينية في العراق,2019,السبط,حسين قاسم محمد الياسري,10.52790/2239-005-002-018,https://openalex.org/W3172986342,['السياحة الدينية'],arab,0,article
ar,نحو إرساء السياحة البيئية كخيار لاستدامة السياحة الصحراوية في الجزائر,2016,مجلة العلوم الانسانية,محمد الناصر حميداتو; إلياس شاهد,10.37136/1003-000-043-034,https://openalex.org/W2911183952,"['السياحة', 'السياحة البيئية', 'السياحة الصحراوية']",arab,0,article
ar,دور المتاحف الافتراضية في تنمية مهارات التفكير ماوراء المعرفى لدى طلاب كلية التربية الأساسية بدولة الكويت.,2020,العلوم التربوية,د عبد اللطيف صقر العنزي,10.21608/ssj.2020.303558,https://openalex.org/W4381250136,"['المتاحف', 'المتحف']",arab,0,article
ar,ترجمة المطويات السياحية دراسة تحليلية مقارنة لمطويات سياحية مترجمة الجزائر و تونس أنموذجا,2015,Dépôt Institutionnel de lUniversité de Tlemcen,شهيرة عايشي; سمية بوشقيف,,https://openalex.org/W7135343684,"['التسويق السياحي', 'السائح', 'المعالم الأثرية']",arab,0,dissertation
ar,Examining the Adoption Barriers of Big Data Applications from the Perspective of Tourism Authorities in Egypt,2023,مجلة کلية السياحة والفنادق جامعة المنصورة,Tamer M. Elsawy; Nehal Eltayeb,10.21608/mkaf.2023.299783,https://openalex.org/W4378554614,['صناعة السياحة'],arab,4,article
ar,السياحة الثقافية ممارسة من أجل تثمين وحماية التراث في الجزائر,2019,التدوين,جميل نسيمة,,https://openalex.org/W2943115709,['السياحة الثقافية'],arab,0,article
ar,الحمایة القانونیة من مخالفات القطاع السیاحی فی النظام السعودی دراسة مقارنة بالفقه الإسلامی,2019,حولیة کلیة الدراسات الإسلامیة والعربیة للبنات بالإسکندریة,عــمرو محــمد الـماریــة الماریة,10.21608/bfda.2019.63333,https://openalex.org/W2996582166,['صناعة السياحة'],arab,0,article
ar,التفاعل الثقافي وبناء الهوية بين الصين والعالم العربي: من عهد أسرة تانغ إلى العصر المعاصر,2026,PRSM,دينغ جيقوانغDing Jiguang; تشين شوي يينغChen Xueying,10.34874/prsm.ejc-vol3iss1.9040,https://openalex.org/W7151517619,"['الصين والعالم العربي', 'العلاقات الصينية العربية', 'طريق الحرير', 'مبادرة الحزام والطريق']",both,0,article
ar,قیاس إدراک واتجاه طلاب الدراسات السیاحیة نحو العمل فی شرکات السیاحة فی مصر,2018,المجلة الدولية للتراث والسياحة والضيافة,هبة سعید,10.21608/jihtha.2018.28249,https://openalex.org/W2920376226,['صناعة السياحة'],arab,0,article
ar,"قرية الشيخ عبادة ""أنطنينوبوليس"" دراسة جيومورفولوجية وجيوأركيولوجية",2023,مجلة الآداب والعلوم الإنسانية,صالح رجب عيسى هلال,10.21608/fjhj.2023.217417.1497,https://openalex.org/W4385464061,['المعالم الأثرية'],arab,0,article
ar,تصاريح السفر من خلال الوثائق القبطية,2022,Maǧallaẗ Kulliyyaẗ Al-Aṯār Bi-Qinā - Ǧāmiʿāt Ǧānūb Al-Wādi,مي محمد فاروق; علا العجيزى; هبة نوح,10.21608/mkaq.2022.164027.1038,https://openalex.org/W4313393802,['السفر'],arab,0,article
ar,اتجاهات حديثة في دراسة درب زبيده طريق الحج,2021,International Journal of Humanities and Language Research,نجوى محمد إسماعيل,10.21608/ijhlr.2023.214960.1007,https://openalex.org/W4381234377,['الحج'],arab,0,article
ar,دراسة تأثیر سعر الخدمات والصورة الذهنیة على ولاء العملاء للمقصد السیاحی المصری,2019,المجلة الدولية للتراث والسياحة والضيافة,سمر طلعت; سوزان حسن; محمد سلیمان,10.21608/jihtha.2019.41494,https://openalex.org/W2966790950,['السائحين'],arab,0,article
ar,الثقافة التنظيمية وتأثيرها في سلوك العاملين في القطاع السياحي ( دراسة استطلاعية في المتحف العراقي),2024,Journal of Administration and Economics,إيهاب فواز مجبل; علاء كريم مطلك,10.31272/jae.i146.1318,https://openalex.org/W4405002216,['المتحف'],arab,0,article
ar,الحماية الجنائية للنفقة,2024,المجلة القانونیة,داليا فايز السيد اللمساوى,10.21608/jlaw.2024.393979,https://openalex.org/W4405164642,['السفر'],arab,0,article
ar,هل الفنادق التی لا تقدم الکحولیات فی مصر تطبق مبادئ الشریعة الاسلامیة؟,2021,مجلة کلية السياحة والفنادق - جامعة مدينة السادات,مجدی حسن,10.21608/mfth.2021.182057,https://openalex.org/W3183844870,['السياحة الحلال'],arab,0,article
ar,المتاحف وتطورها عبر العصور ودورها في المملكة العربية السعودية,2025,International Journal on Humanities and Social Sciences,نجود عبد الرحمن ال حدال; د. أروى داوود خميَس,10.33193/ijohss.65.2025.811,https://openalex.org/W4409382229,['المتاحف'],arab,0,article
ar,التراث الصناعي الإماراتي: دراسة موقع صناعة السفن التقليدية في دبي كأحد مواقع التراث الصناعي قي دولة الإمارات العربية المتحدة,2024,Al-Adab Journal,سميرة المازمي; منذر جمحاوي; أحمد سكر,10.31973/9gzt0042,https://openalex.org/W4402552948,['المتاحف'],arab,0,article
ar,رؤية تصميمية مستدامة للموروث الثقافي في منطقة الحجاز باستخدام القطاع الذهبي في الوشاح المطبوع رقميا,2020,مجلة بحوث التربية النوعية,دلال عبد الله بن نامي الحارثي,10.21608/mbse.2020.129310,https://openalex.org/W3114223663,['الموروث الثقافي'],arab,0,article
ar,الاتجاهات الأساسية لاستراتيجية التنمية السياحية المستدامة في الجزائر واقع و آفاق 2030,2020,مجلة الاقتصاد والتنمية المستدامة,وليد حمدي باشا; عمار ميلودي; يوسف خنيش,,https://openalex.org/W3083427270,['التنمية السياحية'],arab,0,article
ar,معوقات وعراقيل السياحة الجزائرية في ظل المخطط التوجيهي للتهيئة السياحة,2018,مجلة التنمية والاستشراف للبحوث والدراسات,عوينان عبد القادر,,https://openalex.org/W2953326723,['السياحة'],arab,0,article
ar,أثر استخدام أدوات تسويق الجيريلا على تحفيز نوايا الشراء السياحية لدى جيلي ألفا وزد,2025,مجلة کلية السياحة والفنادق جامعة المنصورة,تقوي محمد محمد عيسوي; شيماء عبد الله عبد العال,10.21608/mkaf.2025.437234,https://openalex.org/W4412358715,"['السائحين', 'السفر']",arab,0,article
ar,أثر استخدام الذكاء الاصطناعي في تحسين جودة الخدمات اللوجستية خلال موسم الحج,2025,International Journal of Research and Studies Publishing,ماجستير إدارة خدمات الحج والعمرة، كلية السياحة، جامعة الملك عبد العزيز، المملكة العربية السعودية; غدي عبدالرحيم بنجر; ديما يوسف الصالح; ماجستير إدارة خدمات الحج والعمرة، كلية السياحة، جامعة الملك عبد العزيز، المملكة العربية السعودية; الأستاذ الدكتور رضا بهي الدين مصطفى يوسف; أستاذ بكلية السياحة، جامعة الملك عبد العزيز، المملكة العربية السعودية,10.52133/ijrsp.v6.68.1,https://openalex.org/W4411511624,['الحج'],arab,0,article
ar,اتجاهات استراتيجية التسويق والترويج السياحي الإلكتروني في مصر,2017,,خنفوسي عبد العزيز,,https://openalex.org/W3049676791,['السياحي'],arab,0,article
ar,معوقات السياحة فى أسـوان,2024,Maǧallaẗ Ǧāmiʿaẗ Aswān Lil ʿulūm Al-Insāniyyaẗ/Maǧallaẗ Ǧāmiʿaẗ Aswān Lil ʿulūm Al-Insāniyyaẗ ,عبدالمنعم سلطان أحمد جيلاني,10.21608/masuh.2024.330825.1180,https://openalex.org/W4405672830,['السياحة'],arab,0,article
ar,ضمير الشأن في العربية، دراسة نحوية بلاغية: سورة الحج نموذجا دکتورة / نهـــلة الشقـــران دکتور/ محمود عيسى عزام,2017,مجلة کلية الاداب جامعة المنصورة,نهلة الشقران; محمود عيسى عزام,10.21608/artman.2017.146006,https://openalex.org/W3186608338,['الحج'],arab,0,article
ar,"بنيات الهابيتوس وتمثلاته في الرواية الكولونيالية - ""صيف إفريقي"" لمحمد ديب أنموذجا",2025,Journal of languages & translation.,فتيحة عاشوري,10.70204/jlt.v5i2.760,https://openalex.org/W4413645587,['الموروث الثقافي'],arab,0,article
ar,دور السياحة الحموية في تنشيط السياحة الداخلية في الجزائر,2022,,محمد بن شايب,10.37487/0845-022-001-023,https://openalex.org/W4411816704,['السياحة'],arab,0,article
ar,"أحكام الاستثمار في صندوق الحج الأردني :, الجانب التطبيقي",2017,مؤتة للبحوث والدراسات - سلسلة العلوم الإنسانية والاجتماعية,حنان نور الدين الجعبري; ردينا إبراهيم حسين الرفاعي,10.35682/0062-032-006-007,https://openalex.org/W2971388743,['الحج'],arab,1,article
ar,دور المزيج التسويقي السياحي في التأثير على النمو الإقتصـــادي فـي مصــــر,2021,Zagazig Journal of Agricultural Research,شريف عطية; علي إبراهيم; أحمد حامد,10.21608/zjar.2021.224038,https://openalex.org/W4285368956,['السائحين'],arab,0,article
ar,تطبيق أدوات الميزة التنافسية المستدامة في المنتجعات: دراسة حالة على منطقة البحر الأحمر,2024,مجلة کلية السياحة والفنادق - جامعة مدينة السادات,محمد محمود عيسى; أحمد محمد عاطف,10.21608/mfth.2024.350998,https://openalex.org/W4395703008,"['الضيافة', 'المنتجعات', 'صناعة الضيافة']",arab,0,article
ar,عقد الرحلة البحرية السياحية (The Contract of Touristic Sea Travel),2019,SSRN Electronic Journal,Nader M. Ibrahim,,https://openalex.org/W3154336069,"['السائحين', 'السياحية']",arab,0,preprint
ar,الذكاء السياحي الرقمي ومعوقات تطبيقاته في العراق,2022,Al-Ghary Journal of Economic and Administrative Sciences,احمد عبد الكريم كاظم النجم,10.36325/ghjec.v18i00.15216,https://openalex.org/W4399712929,['السياحي'],arab,0,article
ar,"التصميم البيئي في عمارة المتاحف: دراسة حالة لاعمال ""لورينزو بيانو""",2025,Al-Maǧallah Al-ʿarabiyyaẗ Al-Dawliyyaẗ Lil Fan wa Al-Taṣmīm Al-Raqamī,بسمة محمود احمد; اسماعيل أحمد عواد; دعاء عبد الرحمن محمد جودة,10.21608/iajadd.2025.398446.1240,https://openalex.org/W4413598186,['المتاحف'],arab,0,article
ar,السياحة الثقافية رافد لتنشيط السياحة الداخلية في الجزائر,2016,مجلة الإدارة والتنمية للبحوث والدراسات,كريم قاسم,10.51991/2230-000-009-015,https://openalex.org/W4239563997,"['السياحة', 'السياحة الثقافية']",arab,0,article
ar,تحسين الجودة كأداة لتعزيز التنافسية السياحية في الجزائر,2020,مجلة الحقيقة,بن عودة حساني; عبد الرحمان عبد القادر,,https://openalex.org/W3119176317,['السياحية'],arab,0,article
ar,واقع السياحة الإلكترونية عربيا وتطبيقها في سوريا,2011,DOAJ (DOAJ: Directory of Open Access Journals),سلمان عثمان; بشرى قاسم,,https://openalex.org/W3157284535,['السياحة'],arab,0,article
ar,الواقع الافتراضی و علم الآثار,2013,The Conference Book of the General Union of Arab Archaeologists/The Conference Book of the General Union of Arab Archaeologists,Emad Khalil; فـاطمة إسماعیل; محمد سـعید,10.21608/cguaa.2013.31828,https://openalex.org/W2952192898,"['الآثار', 'المتاحف']",arab,0,conference-paper
ar,السياحة والتنمية المستدامة ورؤية عمان 2040,2021,Al-Mağallah Al-Miṣriyyaẗ Lil Tanmiyyaẗ wa Al-Taẖṭīṭ/Al-Mağallah Al-Miṣriyyaẗ Lil Tanmiyyaẗ wa Al-Taẖṭīṭ ,د. ناصر الصيعري; د. محمد طبيشات; د. محمد فوده; د. أحمد مختار,10.21608/inp.2021.215438,https://openalex.org/W4210757123,['السياحة'],arab,0,article
ar,مقدمات ونواتج الصورة الذهنیة للعلامة التجاریة للمقصد السیاحى- دراسة تطبیقیة على المقصد السیاحى المصرى,2017,مجلة کلیة التجارة للبحوث العلمیة جامعة الإسکندریة,آیات حسن الغرباوى; نادیة ابو الوفا العارف; أمنیة مختار یاقوت,10.21608/acj.2017.44666,https://openalex.org/W2982173721,['السائح'],arab,0,article
ar,السياحة البيئية وأثرها على تنشيط الطلب على السياحة الداخلية -دراسة ميدانية للمنتج السياحي الجزائري-,2014,مجلة دراسات وأبحاث اقتصادية في الطاقات المتجددة,Messaoud Tahtouh,,https://openalex.org/W2908106885,"['السياحة', 'السياحة البيئية']",arab,0,article
ar,"The Glass Coins in Egypt through Roman Age between Hypothesis of Emission and Reclassification “A Study of an Unpublished Collection from the Egyptian Museum in Cairo” النقود الزجاجیة فى مصر خلال العصر الرومانى بین فرضیة الإصدار وإعادة التصنیف ""دراسة لمجموعة غیر منشورة من المتحف المصرى بالقاهرة""",2017,The Conference Book of the General Union of Arab Archaeologists/The Conference Book of the General Union of Arab Archaeologists,Naglaa Ezzat,10.21608/cguaa.2017.29562,https://openalex.org/W2939751157,['المتحف'],arab,0,conference-paper
ar,السیاحة العربیة والمنافسة الدولیة,2020,المجلة العربية لعلوم السياحة والضيافة والآثار,سعاد محمد جاسم,10.21608/kjao.2020.116864,https://openalex.org/W3177786249,['التنمية السياحية'],arab,0,article
ar,أهمية الإرشاد السياحي في تنشيط السياحة الدينية والأثرية لجمهورية العراق (محافظة كربلاء أنموذجا),2023,مجلة کلية السياحة والفنادق جامعة المنصورة,عدنان محمد دباغ; محمد احمد عبد اللطيف; محمود عبدالله,10.21608/mkaf.2023.326836,https://openalex.org/W4389066696,['السياحة الدينية'],arab,0,article
ar,سیاسات حفظ التراث الثقافی العمرانی وتطورها فی الجزائر,2020,المجلة العربية لعلوم السياحة والضيافة والآثار,ارمولی بلال; محمد المصطفى فیلاح,10.21608/kjao.2020.116868,https://openalex.org/W4235286700,['التراث الثقافي'],arab,0,article
ar,التجربة السياحية الإبداعية وأثرها في تعزيز الارتباط بالمكان - دراسة تحليلية لآراء عينة من السياح في منطقة الاهوار,2023,Journal of the College of Education for Girls for Humanities,المدرس المساعد معتز حميد رحيم الخزعلي,10.36327/ewjh.v5i28.12847,https://openalex.org/W4406790167,"['السائح', 'السائحين']",arab,0,article
ar,"واقع الصناعات السیاحیة فی القدس ودورها فی التنمیة السیاحیة "" دراسة تطبیقیة فی جغرافیة الصناعة """,2016,مجلة البحث العلمي في الآداب,عودة الفلیت,10.21608/jssa.2016.11235,https://openalex.org/W2888002754,"['التسويق السياحي', 'التنمية السياحية']",arab,0,article
ar,تداعیات جائحة كورونا على الإشغال الفندقی وإجراءات إدارة الأزمة بفنادق مدینة الإسكندریة,2022,المجلة الدولية للتراث والسياحة والضيافة,لیلى محمد صابر الزلاقی; هانی شاكر خمیس سلیمان; منال محمد طلعت كشك,10.21608/jihtha.2022.273231,https://openalex.org/W4313211614,['السائحين'],arab,0,article
ar,أثر نمط الحياة في اختيار مواقع الإجازة - دراسة ميدانية للسائح الأردني,2013,,الهام طمليه,,https://openalex.org/W433408195,['السائح'],arab,0,article
ar,التراث ودوره في اثراء التصميم الابداعي للخزاف المعاصر,2021,مجلة التراث والتصميم,سلوي رشدي,10.21608/jsos.2021.151840,https://openalex.org/W3167712827,['التراث'],arab,1,article
ar,مجلة حوليات التراث العدد 18,2018,DOAJ (DOAJ: Directory of Open Access Journals),د. محمد عباسة,,https://openalex.org/W7210958549,['التراث'],arab,0,article
ar,السياحة البيئية المستدامة في الجزائر، الواقع والآفاق,2018,مجلة إضافات إقتصادية,عوينان عبد القادر; شنيني عبد الرحيم,,https://openalex.org/W2951491286,"['السياحة', 'السياحة البيئية']",arab,0,article
ar,المعالم الأثرية لموقع إيومنيوم تيقزيرت في الجزائر = Monuments of Iomnium Site - Tigzirt Algeria,2019,دورية کان التاريخية,أقوني ، الياسمين,10.12816/0055840,https://openalex.org/W3213470495,['المعالم الأثرية'],arab,0,article
ar,دور المتحف الافتراضی فی الحفاظ على مفهوم الهویة الثقافیة المصریة وقبول الآخر,2016,المجلة العلمية لجمعية امسيا – التربية عن طريق الفن,امل مصطفى ابراهیم; نبیل عبد السلام جمعه,10.21608/amesea.2016.73538,https://openalex.org/W3010022699,['المتحف'],arab,0,article
ar,الرحلات الاستكشافية الفرنسية ودورها في إحتلال موريتانيا,2024,Tobruk University Journal of Social and Human Sciences,جمال غدور,10.64516/d9dsw283,https://openalex.org/W4412862352,['الرحلات'],arab,0,article
ar,دور المرشد السیاحی فی تطویر قطاع السیاحة فی العراق,2020,مجلة کلية السياحة والفنادق جامعة المنصورة,على عبدالله کاظم; رانیا محمد بهاء الدین بدر الدین; نیرمین محمود شکرى,10.21608/mkaf.2020.153256,https://openalex.org/W3136647958,['السائحين'],arab,0,article
ar,مقومات الجذب السياحي في محافظة دهوك,2025,مجلة العلوم الأساسـية,بلال جلال بشير,10.31185/bsj.vol16.iss24.783,https://openalex.org/W4406074784,"['السائح', 'السياحي']",arab,0,article
ar,مدخل تجريبي قائم على استحداث معالجات تقنية باستخدام تقنية المينا في ضوء تحليل نماذج من الأعمال الفنية المتحفية,2023,"Journal of Arts, Literature, Humanities and Social Sciences",أمل سالم الإسماعيلية; ياسر إبراهيم محمد منجي; فخرية بنت خلفان اليحيائية; محمد بن حمود العامري; أيمن الصديق السمري; ياسر محمود فوزي,10.33193/jalhss.97.2023.939,https://openalex.org/W4388575329,['الموروث الثقافي'],arab,0,article
ar,دور السياحة الجزائرية في تحقيق التنويع الاقتصادي: دراسة قياسية لتأثير صناعة السياحة على النمو الاقتصادي في ظل التنمية المستدامة خلال الفترة 1995 -2017,2021,les cahiers du mecas,شهرزاد بوجمعة,,https://openalex.org/W3181820922,['صناعة السياحة'],arab,0,article
ar,دور الإعلام السياحي في تحقيق التنمية السياحية بالجزائر,2019,مجلة الآداب والعلوم الاجتماعية,نبيلة عيساوة,,https://openalex.org/W2962776730,"['التنمية السياحية', 'السياحي', 'السياحية']",arab,0,article
ar,الطرز النقدية للدعاية السيا سية للإمبراطور أوغسطس على الإصدارات السكندرية (من خلال نشر مجموعة نقود من المتحف المصري بالقاهرة),2024,مجلة کلية السياحة والفنادق - جامعة مدينة السادات,مروة فاروق مصطفى بدوي,10.21608/mfth.2024.383624,https://openalex.org/W4403358047,['المتحف'],arab,0,article
ar,تاريخ المباني التراثية ودورها في التنمية الاقتصادية والاجتماعية لدولة الإمارات العربية المتحدة دبي أنموذجا,2024,المؤرخ المصري,شما مصبح نهيل الكتبي,10.21608/ehjc.2024.238852.1150,https://openalex.org/W4400924522,['السفر'],arab,0,article
ar,فلسفة القط العسیری ودور المرأة فی نقل الموروث الثقافی الحرفی لإثراءالمعلقات النسیجیة وتنشیط التسویق السیاحی السعودی,2019,مجلة العمارة والفنون والعلوم الإنسانية,فادیة هشام,10.21608/mjaf.2019.11741.1112,https://openalex.org/W3122668136,"['التسويق السياحي', 'الموروث الثقافي']",arab,0,article
ar,إمکانیة استثمار الظواهر الجیومرفولوجیة للنشاط السیاحی فی الهضبة الصحراویة العراقیة,2020,مجلة بحوث کلية الآداب جامعة المنوفية,محمد دلف احمد الدلیمی; نســرین عواد الجصانی,10.21608/sjam.2020.159097,https://openalex.org/W3154910771,"['التنمية السياحية', 'السياحة البيئية', 'صناعة السياحة']",arab,0,article
ar,The Use of Delphi method as a Tool to improve Tourism Strategy in Egypt,2017,مجلة کلية السياحة والفنادق - جامعة مدينة السادات,Marwa Abdel warith,10.21608/mfth.2017.26072,https://openalex.org/W2913132366,['صناعة السياحة'],arab,0,article
ar,الثابت والمتغير في اللباس البدوي في الأطلس المتوسط: منطقة إفران نموذجا,2014,دورية کان التاريخية,لحسن تاوشيخت,10.21608/kan.2014.110226,https://openalex.org/W3202380127,['السياحة الثقافية'],arab,0,article
ar,التـراث الوثائقي المصـري فـي عصـر التحـول الرقمـي (الـواقـع- التحـديات) دراسـة تقيميـة. Egyptian documentary heritage in the era of digital transformation (Reality - Challenges) Evaluation study,2025,مجــلة کلیة اللغة العربیة بأســیوط,نهال يوسف حمدي فتح الله,10.21608/jfla.2025.384113.1596,https://openalex.org/W4411247311,['التراث الثقافي'],arab,0,article
ar,آداب المائدة وتقديم الطعام عند المصري القديم (دراسة أثرية تحليلية) أسماء سيد محمد أ. د/ ناجح عمر على د/ محمود عوض قاسم باحث ماجستير الآثار المصرية أستاذ بکلية الآثار جامعة الفيوم مدرس بکلية الآثار - جامعة الفيوم کلية الآثار - جامعة الفيوم,2024,Maǧallaẗ al-biḥūṯ wa Al-Dirasāt al-āṯāriyyaẗ,,10.21608/archmu.2024.521236,https://openalex.org/W7203706943,['الآثار'],arab,0,article
ar,صورة المرض النفسي في التراث الجزائري,2017,مجلة أنثروبولوجية الأديان,لكحل مصطفى,,https://openalex.org/W2995981288,['التراث'],arab,0,article
ar,تأنيث الفقر في العراق الأسباب الرئيسة وسبل المواجهة الحكومية والدولية,2022,قضايا سياسية,مها احمد ابراهيم المولى,10.58298/2022214,https://openalex.org/W4309697260,['الموروث الثقافي'],arab,0,article
ar,العلاقات المصرية الصينية على طريق الحرير فى الماضي والحاضر,2017,Afāq Asyawiyyaẗ,أ. د ناهد عبد الله إبراهيم,10.21608/sis.2017.200748,https://openalex.org/W3208868602,['طريق الحرير'],both,0,article
ar,الحج إلى مكة في العصر الحديث من خلال المصادر الفرنسية القنصلية والكولونيالية,2015,Centre français de recherche de la péninsule Arabique eBooks,لوك شانتر,10.4000/books.cefas.3305,https://openalex.org/W3150168088,['الحج'],arab,0,book-chapter
ar,واقع وأفاق السياحة الصحراوية في الجزائر,2018,مجلة العلوم القانونية والاجتماعية,صورية بوربابة; لخضر معاشو,10.53419/2259-000-012-011,https://openalex.org/W2913978619,"['السياحة', 'السياحة الصحراوية']",arab,0,article
ar,"دور المؤثرين الإجتماعيين فى الحياة اليومية للشباب المصري ""دراسة ميدانية على عينة من الشباب الجامعى""",2022,Mağallaẗ Al-Dirāsāt Al-Insāniyyah wal-Adabiyyah /Mağallaẗ Al-Dirāsāt Al-Insāni yyaẗ wa Al-Adabiyyaẗ,د. رانيا رمزى حليم,10.21608/shak.2022.224740,https://openalex.org/W4226366195,['السفر'],arab,2,article
ar,أثر العرب في نشر الأسلام والحضارة العربية الأسلامية عبر طريق الحرير,2023,journal of the college of basic education,حيدر علوان حسين,10.35950/cbej.v18i74.9358,https://openalex.org/W4399137110,['طريق الحرير'],arab,0,article
ar,إستدامة التراث في سوق المبارکية,2021,مجلة التراث والتصميم,عبدالعزيز الصلال; هياء القندي,10.21608/jsos.2021.80914.1022,https://openalex.org/W3198468930,['التراث'],arab,0,article
ar,فلسفة النوستالجیا فی تصمیم الفنادق التراثیة : رؤیة تکاملیة بین التصمیم الداخلی وتصمیم طباعة المنسوجات,2021,مجلة العمارة والفنون والعلوم الإنسانية,نهال زهرة; بسنت مندور,10.21608/mjaf.2020.46227.1924,https://openalex.org/W3120564169,"['السائح', 'السائحين']",arab,0,article
ar,فلسفة التعامل تاريخيا مع التراث الثقافي العربي,2017,Rewaq History and Heritage,أحمد فؤاد باشا,10.12816/0040219,https://openalex.org/W2801523965,['التراث الثقافي'],arab,0,article
ar,البدائل الاستراتيجية لتفعيل السياحة الداخلية بالجزائر,2025,مجلة المحترف,ليندة نصيب,10.46316/1676-012-002-022,https://openalex.org/W4414961227,['السياحة'],arab,0,article
ar,تقنيات المحتوى الرقمي ودورها في الترويج السياحي للعراق,2025,مجلة کلية السياحة والفنادق جامعة المنصورة,عباس ضرغام عبدالأمير منيدح; رانيا محمد بهاء الدين بدر; إسراء أحمد عبد المجيد,10.21608/mkaf.2025.486032,https://openalex.org/W7131350235,['السياحي'],arab,0,article
ar,التنمية السياحية الصحراوية في الجزائر : قراءة في تجارب عربية ناجحة,2018,مجلة الاقتصاد والمالية,خديجة زياني; حنان حراث,10.35394/1624-004-002-004,https://openalex.org/W2911554600,['التنمية السياحية'],arab,0,article
ar,مدى التطبيق العملي لإدارة العلاقة مع الزبون لدى الوكالات السياحية بالجزائر: دراسة ميدانية لوكالة دوي للخدمات السياحية بعين الدفلى,2019,معارف,خلفاوي حكيم; أنساعد رضوان; خالفي خالد,,https://openalex.org/W3010076478,['السياحية'],arab,0,article
ar,الحرف اليدوية والصناعات التقليدية في بلاد الحرمين من كتب الرحلات (10- 14هـ / 16 – 20م ),2025,مجلة العمارة والفنون والعلوم الإنسانية,حياة مناور الرشيدي,10.21608/mjaf.2025.376988.3619,https://openalex.org/W4410938487,"['الرحلات', 'العمرة']",arab,0,article
ar,التكنولوجيا الحديثة ودورها في التعبير الأدبي عند طلاب للصف الخامس الأدبي,2019,Journal of Tikrit University for Humanities,Rafid Ali Hussein Abed ALazzawi,10.25130/jtuh.26.3.2019.22,https://openalex.org/W4312748947,['التراث الثقافي'],arab,0,article
ar,""" أسالیب التفکیر لدى المرأة السعودیة العاملة فی بعض المهن المختلفة وعلاقتها ببعض المتغیرات (دراسة ارتباطیه مقارنه)""",2010,دراسات عربية في التربية و علم النفس,عواطف أحمد زمزمـــــــی,10.21608/saep.2010.39529,https://openalex.org/W3157989867,['الحج والعمرة'],arab,0,article
ar,التجربة السعودية في إدارة وتطوير السياحة,2015,مجلة دفاتر البحوث العلمية,سعيد أوكيل,10.37218/1426-000-006-002,https://openalex.org/W3150588437,['السياحة'],arab,0,article
ar,دراسة مقارنة لنوعيات من أنشطة السياحة الجبلية بمناطق الظهير الساحلي (جمهورية مصر العربية – اليونان- بوسيتنو- تركيا-الامارات) A Comparative Study of Types of Mountain Tourism Activities in Coastal Hinterland Areas (Arab Republic of Egypt – Greece – Italy – Turkey – UAE),2025,Journal of Urban Research /Journal of Urban Research,Nourhan Mohamed Salem,10.21608/jur.2025.269702.1153,https://openalex.org/W4409193979,['التنمية السياحية'],arab,0,article
ar,"فعالية التسويق السياحي لصورة الجزائر عبر الانستغرام:, تحليل سيميولوجي لصور من صفحة Ainar_voyage_et_Tourisme للسفر والسياحة",2024,,مروي نور الهدي بخدة; سمية برحيل,10.35779/2002-010-002-037,https://openalex.org/W4412115545,['التسويق السياحي'],arab,0,article
ar,"""إطار منهجي لتحسين القدرة التنافسية للمقاصد السياحية في مصر"" A framework for improving the competitiveness of tourist destinations in Egypt",2018,Journal of Urban Research /Journal of Urban Research,Ebtehal Abdalmoity; Mostafa Mahmoud,10.21608/jur.2018.88395,https://openalex.org/W4205824631,"['السائحين', 'صناعة السياحة']",arab,0,article
ar,دور المتاحف في نشر التوعية التعليمية والثقافية وتأثيره على الزوار,2025,Al-Adab Journal,شيماء محمد; مأمون عبد الكريم,10.31973/sf1v6c90,https://openalex.org/W4414187934,"['المتاحف', 'المتحف']",arab,0,article
ar,الآثار السوسيو-نفسية لجائحة كورونا على المجتمع الجزائري,2021,مجلة حقائق للدراسات النفسية والاجتماعية,سناء عبيدي; ليندة لبيض,,https://openalex.org/W3190704448,['الآثار'],arab,0,article
ar,تداعيات جائحة کورونا المستجد على القطاع السياحي المصري,2020,Al-Mağallah Al-Miṣriyyaẗ Lil Tanmiyyaẗ wa Al-Taẖṭīṭ/Al-Mağallah Al-Miṣriyyaẗ Lil Tanmiyyaẗ wa Al-Taẖṭīṭ ,أ.د. سلوى مرسي; د. زینب الصادي,10.21608/inp.2020.164608,https://openalex.org/W4206626599,['السياحي'],arab,0,article
ar,السفر إلى بخارا (سفر نامۀ بخارا) عصر محمد شاه القاجارى 1259 – 1260 ه – ق : دراسة وترجمة,2015,مجلة کلية الآداب جامعة بنها,فتحیة حلمى أمین أحمد الدالى,10.21608/jfab.2015.49916,https://openalex.org/W2981471862,['السفر'],arab,0,article
ar,زواج القاصرات بین التسلع والاتجار دراسة حالة لظاهرة الزواج السیاحی فی مصر,2015,حوليات أداب عين شمس,سهیر عبد الجید,10.21608/aafu.2015.7123,https://openalex.org/W2769264053,['الموروث الثقافي'],arab,0,article
ar,الإحالة في التراث العربي,2018,الإشعاع في اللسانيات و الترجمة,مصطفى زماش,,https://openalex.org/W2906050579,['التراث'],arab,0,article
ar,"نصوص متنوعة غير منشورة من العصر البابلي القديم:, المتحف العراقي",2020,مجلة آداب الفراهيدي,رياض إبراهيم محمد,10.51990/2228-012-043-024,https://openalex.org/W4234308806,['المتحف'],arab,0,article
ar,تقييم كفاءة متطلبات النشاط السياحي في العراق,2020,مجلة آداب الفراهيدي,ليث حسن عمر; خالدة جمال محمد طاهر,10.51990/2228-012-042-002,https://openalex.org/W4253994215,['السياحي'],arab,0,article
ar,منھجیات الحفاظ على التراث العمراني والمعماري في الدول العربیة,2019,Baheth,محمد محمد شوقي أبولیله; ودیع بن علي البرقاوي,10.21625/baheth.v2i1.422,https://openalex.org/W2920569115,['التراث'],arab,2,article
ar,"تأثير الذكاء الاصطناعي على ممارسات إدارة الموارد البشرية "" دراسة تطبيقية على العاملين في المتحف العلمي التربوي في الكويت""",2025,Mağallaẗ Rāyaẗ Al-Dawliyyaẗ Lil ʿulūm Al-Tiğāriyyaẗ,أ.م. د تامر إبراهيم عشري; فاطمة خالد دخيل الحبشي,10.21608/rijcs.2025.332242.1212,https://openalex.org/W4409436286,['المتحف'],arab,0,article
ar,الأنشطة الترويجية للسياحة المصرية المقدمة عبر مواقع التواصل الإجتماعى:دراسة تحليلية مقارنة لمواقع التواصل الإجتماعى الرسمية وغير الرسمية,2021,Al-Maǧallah Al-Miṣriyyaẗ Li-Buḥūṯ Al-Iʿlām,عمرو راضى الدسوقى,10.21608/ejsc.2021.224850,https://openalex.org/W4285352048,['السائحين'],arab,0,article
ar,تصميم برنامج قائم على الذكاء الاصطناعي لتطوير مراحل إنتاج وتسويق بعض الأزياء التقليدية للمملكة العربية السعودية,2024,"Journal of Arts, Literature, Humanities and Social Sciences",أ. فردوس عبدالله بالعمش; أ.د. رانيا مصطفى دعبس; أ.د. حسنين محمد البرهمتوشي,10.33193/jalhss.106.2024.1124,https://openalex.org/W4399471294,['الموروث الثقافي'],arab,0,article
ar,الدليل الشامل حافظة تاريخية للمستقبل المتحف القومي السوداني: الدليل السياحي والتاريخي للمقتنيات المسيحية,2026,مجلة الإتحاد العام للآثاريين العرب,بلسم عبد الحميد أحمد القارح,10.21608/jguaa.2026.319920.1354,https://openalex.org/W7159595683,['المتحف'],arab,0,article
ar,التراث الثقافي الفلسطيني بين الطمس والإحياء : مفهومه ، أنواعه ، أهميته,2018,,إسماعيل شيخي شيخي أوسي,10.35918/1064-000-029-022,https://openalex.org/W2918546897,['التراث الثقافي'],arab,0,article
ar,المنشآت الأثرية المغمورة بالمياه جزئيا حول سواحل جزيرة فيلكا,2023,حوليات أداب عين شمس,ماجد مدله المطيري; حامد مطلق المطيري,10.21608/aafu.2023.323165,https://openalex.org/W4388010395,['التراث الثقافي'],arab,0,article
ar,البناء الفكري والتشكيل الفني في أدب الرحلات دراسة نقدية في كتاب العالم رحلة لعبد الله مناع,2024,Al-Mağallah Al-ʿilmiyyaẗ Li Kulliyyaẗ Al-Adāb - Ǧāmiʿaẗ Asyūṭ/Al-Mağallah Al-ʿilmiyyaẗ Li Kulliyyaẗ Al-Adāb - Ǧāmiʿaẗ Asyūṭ ,سرى سليم عبد الشهيد المعمار,10.21608/aakj.2024.279864.1720,https://openalex.org/W4399288654,['الرحلات'],arab,0,article
ar,سياحة التراث الثقافي من خلال التطبيق علي کنائس واديرة القديس مارجرجس الروماني الاثرية بمصر القديمة,2021,"Journal of Tourism, Hotels and Heritage",Amira Moustafa; Mary Anwar,10.21608/sis.2021.87946.1022,https://openalex.org/W4205819857,['التراث الثقافي'],arab,0,article
ar,"الجناح التونسي في المعرض الاستعماري بمرسيليا""1922"":, التراث الثقافي كرهان متروبولي",2022,مجلة جيل العلوم الإنسانية والاجتماعية,خالد رمضاني,10.33685/1316-000-089-003,https://openalex.org/W4411651794,['التراث الثقافي'],arab,0,article
ar,العرق والتنوع السکانی فی مجتمع سلطنة زنجبار والمؤثرات الحضاریة العربیة خلال القرن التاسع عشر,2020,مجلة کلیة الدراسات الإسلامیة والعربیة للبنات بدمنهور,یاسر بن سلیمان,10.21608/jcia.2020.182420,https://openalex.org/W3186070307,['الضيافة'],arab,0,article
ar,مساجد مصر الأثریة فی أدب الرحلات الأردی.. دراسة وصفیة نقدیة رحلة سلمى أعوان (مصر میرا خواب: مصر حلمی) نموذجا,2019,مجلة قطاع الدراسات الإنسانیة,عبد الرحیم عبدالغنی محمد عبد الرحیم,10.21608/jsh.2019.39497,https://openalex.org/W2960946348,['الرحلات'],arab,0,article
ar,السياحة الوافدة والتنمية المالية والنمو الاقتصادي في دول شمال أفريقيا: دراسة كمية,2024,The Journal of the Faculty of Economics and Political Science,د.موسي جويفل د. أسماء حافظ,10.21608/jpsa.2024.366809,https://openalex.org/W4400622349,['صناعة السياحة'],arab,0,article
ar,إستراتیجیات تخفیض العمالة فی شرکات السیاحة المصریة فی ظل الأزمات,2017,المجلة الدولية للتراث والسياحة والضيافة,محمد عزت; بسام سمیر,10.21608/jihtha.2017.28000,https://openalex.org/W2918433623,['صناعة السياحة'],arab,0,article
ar,التحليل الجغرافي لتوزيع الفنادق في مدينة أربيل,2021,Polytechnic Journal of Humanities and Social Sciences,مازن محمد أمين حمه رشيد; Bahri S. Fattah Abdul Karim,10.25156/ptjhss.v1n2y2020.pp12-21,https://openalex.org/W3117346876,['السائح'],arab,0,article
ar,التنمية السياحية وأثرها على التنمية الاقتصادية المتكاملة في الوطن العربي,2012,Revue de Recherches et Etudes Scientifiques,فلاق علي,,https://openalex.org/W2911249950,['التنمية السياحية'],arab,0,article
ar,الالتزام بضمان سلامة الراكب فـي النقل بالسكك الحديدية (دراسة مقارنة),2022,Mağallaẗ Kulliyyaẗ Al-Ḥuqūq - Ǧāmiʿaẗ Al-Minyā/Mağallaẗ Kulliyyaẗ Al-Ḥuqūq - Ǧāmiʿaẗ Al-Minyā,احمد على احمد مرسى,10.21608/lawmin.2022.425986,https://openalex.org/W4410181086,['السفر'],arab,0,article
ar,ظاهرة تكرار الحج والعمرة وأثرها على الزحام: دراسة فقهية مقارنة,2019,,عبد الرحیم; مرتضى عبد الرحيم محمد,,https://openalex.org/W3212256539,"['الحج', 'الحج والعمرة']",arab,0,article
ar,"التنمية السياحية المستدامة في الجزائر:, آفاق ومعوقات",2022,دفاتر السياسة والقانون,عوف سليمان بن عيسى,10.35156/0492-014-001-025,https://openalex.org/W4411836025,"['التنمية السياحية', 'السياحية']",arab,0,article
ar,"التعريف ببردية با نب إن كمت ""كاتب الخزانة"" رقمGEM-15217 / S. R954 / JE5855 / CG 40030",2023,Maǧallaẗ Kulliyyaẗ Al-Adāb bi Al-Wadī Al-Ǧadīd/Maǧallaẗ Kulliyyaẗ Al-Adāb bi Al-Wadī Al-Ǧadīd,حسين رکابى حامد,10.21608/mkwn.2023.338549,https://openalex.org/W4391278853,['المتحف'],arab,0,article
ar,تهوید التراث الفلسطینی الحرم الابراهیمی نموذجا,2010,The Conference Book of the General Union of Arab Archaeologists/The Conference Book of the General Union of Arab Archaeologists,Mohamed Alama,10.21608/cguaa.2010.37415,https://openalex.org/W2956911238,['التراث'],arab,0,conference-paper
ar,دور السیاحة فی تدعیم السلام بین الشعوب: من منظور المجتمعات المستضیفة بالتطبیق على القاهرة الکبرى,2018,المجلة الدولية للتراث والسياحة والضيافة,هویدا توفیق; غادة وفیق; محمد عبد الحمید,10.21608/jihtha.2018.28245,https://openalex.org/W2920242409,"['السائحين', 'صناعة السياحة']",arab,0,article
ar,اهتمامات الصحف السعودية اليومية بالقضايا السياحية : دراسة تحليلية,2014,Aljouf University Medical Journal,عبد الرحمن بن محمد صالح القحطاني,10.12816/0010900,https://openalex.org/W2570354708,['السياحية'],arab,0,article
ar,"التقارير: المؤتمر السنوي الثالث عشر لمركز تعليم الكبار جامعة عين شمس ""العقد العربي لمحو الأمية 2015-2024 توجهات، وخطط، وبرامج ، في الفترة من 14 - 16 أبريل 2015 بدار الضيافة جامعة عين شمس - القاهرة""",2015,Maġallaẗ Al-Maʿrifaẗ Al-tarbawiyyaẗ,صلاح السيد عبده,10.21608/jeed.2015.290872,https://openalex.org/W4361022320,['الضيافة'],arab,0,article
ar,السیاحة الریاضیة ودورها في دعم التنمیة السیاحیة المستدامة في قطر تجربة رائدة في الشرق الاوسط والعالم -كأس العالم لكرة القدم نموذجا-,2024,Wisdom Journal For Studies & Research,هشام بن عزة; محمد أمين بومديني,10.55165/wjfsar.v4i04.307,https://openalex.org/W4404639878,['التنمية السياحية'],arab,0,article
ar,أثر توظيف بيئة تعليمية افتراضية ثلاثية الأبعاد (3D) عبر الحاسوب في اكتساب المفاهيم الدينية المتضمنة في دروس الحج في كتب التربية الإسلامية لدى طلاب الصف العاشر الأساسي في لواء قصبة عمان,2022,المجلة التربوية.,شادى فخرى أبو لطيفة,10.34120/0085-036-142-008,https://openalex.org/W4226336363,['الحج'],arab,1,article
ar,إستراتيجية التنويع الاقتصادي في الجزائر،السياحة نموذجا.,2018,,مهيدي حسنية.,,https://openalex.org/W3003642424,['السياحة'],arab,0,article
ar,المنطلقات النصية في التراث اللساني العربي,2023,مجلة الأكاديمية للدراسات الاجتماعية والإنسانية,عقيلة أرزقي,10.33858/0500-015-002-064,https://openalex.org/W4411762673,['التراث'],arab,0,article
ar,الآثار الاقتصادية والاجتماعية لديون السودان الخارجية,2022,,محمد زين أحمد محمد نورين,10.35778/1742-000-043-005,https://openalex.org/W4411884315,['الآثار'],arab,0,article
ar,تقییم الاجراءات الاحترازیة داخل بعض الفنادق المصریة ضد جائحة كرونا (كوفید-19),2022,المجلة الدولية للتراث والسياحة والضيافة,عصام زكریا عاشور; أحمد محمود إمام,10.21608/jihtha.2022.284237,https://openalex.org/W4320910458,"['السائحين', 'صناعة السياحة']",arab,0,article
ar,برامج الاستثمار في التراث العمراني ووسائل التمويل بالاستناد لتجارب عربية ودولية Investment programs in architectural heritage and means of funding on the basis of the Arab and international experiences,2014,Journal of Urban Research /Journal of Urban Research,محمد يوسف,10.21608/jur.2014.93036,https://openalex.org/W3049419413,['التراث'],arab,1,article
ar,موقع دول الخليج العربية في مبادرة الحزام والطريق الصينية,2023,سياسات عربية,عماد قدورة,10.31430/kaxy2330,https://openalex.org/W4394003238,['مبادرة الحزام والطريق'],both,3,article
ar,تأثیر التسویق بالعلاقات على تحسین السیاحة البیئیة فی مصر بالتطبیق على شركة مصر للسیاحة بالقاهرة,2022,مجلة البحوث الإدارية,مرفت نصرى سامى اندراوس,10.21608/jso.2022.154137.1026,https://openalex.org/W4309806449,['السياحة البيئية'],arab,0,article
ar,ورقة مراجعة حول تأثير التغيرات المناخية (درجة الحرارة، الرياح، والأمطار) على المناطق الأثرية في ليبيا ودول حوض المتوسط خلال العقود الأخيرة,2025,مجلة العلوم الزراعية والبيئية والبيطرية,آية نوري عاشوراكس; زهور سعد الأحرش; رتاج فتحي الترهوني; الهادي المبروك أبوقرين; يوسف محمد خليفة,10.26389/ajsrp.k091224,https://openalex.org/W4408619984,['التراث الثقافي'],arab,0,article
ar,قراءة التراث الشعري بين الاعتدال والتطرف,2025,Arabian Gulf Journal of Humanities and Social Studies,الدكتور صلاح الدين الجبيلي,10.64355/agjhss241,https://openalex.org/W4412498964,['التراث'],arab,0,article
ar,العوامل المؤثرة فی الاستعداد للأزمات فی صناعة السیاحة والضیافة فی مصر: تصور الموظفین,2021,مجلة کلية السياحة والفنادق - جامعة مدينة السادات,عمر السطوحی; أسماء مرزوق,10.21608/mfth.2021.206586,https://openalex.org/W4200249159,['صناعة السياحة'],arab,0,article
ar,أیام الولائم وعادة الضیافة (ملامح من المجتمع التقلیدى کما صورته یومیات الجبرتی),2020,مصر الحديثة,ناصر أحمد إبراهیم,10.21608/nmisr.2020.184061,https://openalex.org/W3183213677,['الضيافة'],arab,0,article
ar,التحديات امام مبادرة الحزام والطريق في تعزيز التعاون الصيني –الخليجي,2022,قضايا سياسية,قاسم محمد عبد; عباس فاضل علوان,10.58298/202241,https://openalex.org/W4312345444,['مبادرة الحزام والطريق'],both,0,article
ar,استخدام الواقع الافتراضي لإحياء مهرجان العام الجديد ( مهرجان wpt-rnpt): منظور السائح المصري الداخلي,2024,مجلة کلية السياحة والفنادق - جامعة مدينة السادات,سلمى المنحلى; إنجى فكرى,10.21608/mfth.2024.355032,https://openalex.org/W4399024908,"['السائح', 'السائحين']",arab,0,article
ar,"أثر السفر في إسقاط الحضانة:, أحكامه، شروطه، ضوابطه في الفقه الإسلامي وقانون الأحوال الشخصية الأردني رقم 36 لسنة 2010",2019,دراسات - علوم الشريعة والقانون,عماد عبدالحفيظ علي الزيادات,10.35516/0272-046-004-022,https://openalex.org/W3092659730,['السفر'],arab,0,article
ar,التبادل الثقافي بين الهند وعمان من القرن (9:3هـ/15:10م),2022,Mağallaẗ Al-Dirāsāt Al-ʿarābiyyaẗ/Mağallaẗ Al-Dirāsāt Al-ʿarābiyyaẗ,مُحَمَّد علي عقل مُحَمَّد,10.21608/dram.2022.278126,https://openalex.org/W4315559838,['التبادل الثقافي'],arab,0,article
ar,العلاقة بین محتوى المواقع الإلکترونیة للفنادق المصریة وبناء توقعات العملاء والخدمة,2018,مجلة کلية السياحة والفنادق جامعة المنصورة,شیرین د محمد فؤاد عبد المقصو; د/ محمد عبد الفتاح زهری; أ.د/ طلعت أسعد عبد الحمید,10.21608/mkaf.2018.107006,https://openalex.org/W3055789979,['السائحين'],arab,0,article
ar,تغير المناخ في الدول العربية.. الآثار والسياسات,2023,Al-Mağallah Al-Dawliyyaẗ Lil Sīyāsāt Al-ʿāmaẗ fi Miṣr,زينب مجدي,10.21608/ijppe.2023.322746,https://openalex.org/W4388160167,['الآثار'],arab,2,article
ar,توسيط القيمة المدركة في العلاقة بين التسويق عبر البريد الالكتروني ونوايا إعادة الاستخدام دراسة تطبيقية على مستخدمي تطبيقات الضيافة في مصر,2026,مجلة البحوث المالیة والتجاریة,لمياء عبد الرحيم; يارا عبد الواحد,10.21608/jsst.2026.471950.2222,https://openalex.org/W7134263738,['الضيافة'],arab,0,article
ar,الآثار القيمية لتعريب الدراما التلفزيونية,2025,لارك,أ.م.د حسين ناصر حسين,10.31185/lark.3927,https://openalex.org/W4405971112,['الآثار'],arab,0,article
ar,نصوص رسائل غير منشورة من العصر البابلي القديم,2020,مجلة دراسات في التاريخ والآثار,م.م. ولاء صادق عبدعلي; أ.م.د. سعد سلمان فهد,10.65074/raf0db76,https://openalex.org/W7135064712,['المتحف'],arab,0,article
ar,إعادة اکتشاف تراث متاحف الزمن الجمیل بالقاهرة,2021,مجلة العمارة والفنون والعلوم الإنسانية,دعاء ابو المجد; ماجدة سیبلی; جلیلة القاضی,10.21608/mjaf.2021.52879.2110,https://openalex.org/W3122433965,"['التراث الثقافي', 'المتاحف']",arab,0,article
ar,الترويج السياحي للمنتجات الصناعة التقليدية بالجزائر واقع و تحديات,2021,مجلة المنتدى للدراسات والابحاث الاقتصادية,كريمة قاسيمى; عثمان علام,,https://openalex.org/W3212432382,['السياحي'],arab,0,article
ar,أهمية الإستثمار السياحي في التنمية الإقتصادية: دراسة حالة الجزائر,2017,مجلة البشائر الاقتصادية,سعيداني رشيد,10.33704/1748-003-009-001,https://openalex.org/W2942207592,['السياحي'],arab,1,article
ar,اتجاهات الشباب المري نحو دور المؤثرين عر مواقع التواصل الاجتماعي في التسويق السياحي لمصر,2024,Al-Mağallah Al-ʿarabiyyaẗ Li Buḥūṯ Al-Itiṣāl wa Al-Iʿlām Al-Raqamī,دعاء أحمد البنا; مارينا جرجس عطا الله; لارا أمجد محمد,10.21608/ajscd.2024.347354,https://openalex.org/W4394612447,['التسويق السياحي'],arab,0,article
ar,دراسة مقومات سياحة التنزه بالممرات الجبلية بمنطقة جبال البحر الأحمر في مصر Studying The Components of Hiking Tourism in The Mountain Paths in the Red Sea Mountains Region in Egypt,2022,Mağallaẗ Al-Maʿhad Al-ʿālī Lil Dirāsāt Al-Nawʿiyyaẗ /Mağallaẗ Al-Maʿhad Al-ʿālī Lil Dirāsāt Al-Nawʿiyyaẗ,ميرفت حسين,10.21608/hiss.2022.282770,https://openalex.org/W4318812279,['السائحين'],arab,0,article
ar,أثر جائحة COVID-19 وانعکاساتها على السیاحة العالمیة دراسة جغرافیة بالتطبیق على مصر,2021,المجلة الجغرافية العربية,مصطفى هاشم,10.21608/agj.2021.162870,https://openalex.org/W3154985254,['السائحين'],arab,0,article
ar,الموروث الاجتماعي والثقافي في كتب اللغة العربية للمرحلة الأساسية المتوسطة في الأردن,2021,مجلة الشرق الأوسط للعلوم الإنسانية والثقافية,ردينه قفطان علي المومني,10.56961/mejhss.v1i3.142,https://openalex.org/W4316618297,"['التراث الثقافي', 'الموروث الثقافي']",arab,0,article
ar,Les références culturelles entre l’arabe et le français,2025,Al-Adab Journal,Khalidah Taher; Raghad Hassan,10.31973/7zyw1z66,https://openalex.org/W4408482294,['التبادل الثقافي'],arab,0,article
ar,الموروث الثقافي والممارسة التشكيلية: قراءة في تاريخ المنجز التشكيلي التونسي (الثوابت والمتغيرات) Cultural Heritage and Fine Arts: Reading in Tunisian Art History (constants and variants),2022,Jordan Journal of the Arts,,10.47016/15.1.14,https://openalex.org/W4220789360,"['التراث الثقافي', 'الموروث الثقافي']",arab,0,article
ar,تقرير عن مؤتمر علمي بعنوان: مشكل القرآن والحديث في التراث والدراسات المعاصرة,2021,مجلة تدبر,نشوان بن عبده خالد,10.62488/1720-006-011-008,https://openalex.org/W4392742472,['التراث'],arab,1,article
ar,الأنساق الدعوية في شعر الشيخ محمد زكي إبراهيم(ت1998م) دراسة تحليلية في ضوء النقد الثقافي,2025,Mağallaẗ Kulliyyaẗ Al-Dirāsāt Al-Islāmiyyaẗ wa Al-ʿarabiyyaẗ Lil Banāt Bil Sādāt,نادية السعيد إبراهيم خميس,10.21608/jfiags.2025.475185,https://openalex.org/W7118535946,['الموروث الثقافي'],arab,0,article
ar,سياسات التسويق السياحي ودورها في تطوير الحركة السياحية دراسة حالة دبي,2014,المجلة الجزائرية للاقتصاد والمالية,لحمر هيبة,,https://openalex.org/W2795633852,['التسويق السياحي'],arab,0,article
ar,التراث العمرانی فی المنطقة الشرقیة فی إمارة الشارقة,2022,المؤرخ المصري,مریم الطنیجی; ماهر شمایلة,10.21608/ehjc.2022.99203.1067,https://openalex.org/W4285138582,['التراث'],arab,1,article
ar,الإفصاح والشفافیة والجزاء المترتب على الإخلال بهما کأحد مبادئ حوکمة الشرکات فی النظام السعودی,2019,مجلة کلية الشريعة والقانون بتفهنا الأشراف - دقهلية,حمدان بن درویش الغامدی,10.21608/jfslt.2019.66712,https://openalex.org/W2998445544,['الحج والعمرة'],arab,0,article
ar,المقاولاتية السياحية: مدخل استراتيجي لدعم التنمية السياحية في الاقتصاد الجزائري,2021,مجلة التمويل والاستثمار والتنمية المستدامة,عمار بن سديرة,,https://openalex.org/W3191027749,"['التنمية السياحية', 'السياحية']",arab,0,article
ar,لوحة المدعو غرى مو وأسرته,2021,المجلة العلمیة لکلیة السیاحة و الفنادق جامعة الأسکندریة,طاهر عبدالحمید,10.21608/thalexu.2021.68439.1052,https://openalex.org/W3196162063,['المتحف'],arab,0,article
ar,أثر قوانین الإستثمار على قرار المستثمر فى صناعة الفنادق,2019,مجلة کلية السياحة والفنادق - جامعة مدينة السادات,إسماعیل حسین,10.21608/mfth.2019.71112,https://openalex.org/W3007957667,"['التنمية السياحية', 'السائحين']",arab,0,article
ar,تجسيد فکرة الصراع والحماية على مشاهد أختام العصر السومري القديم(2900-2371ق.م) -نماذج مختارة من المتحف العراقي-,2022,مجلة بحوث الشرق الأوسط,عباس زويد موان جبوري; نور جلال عبدالحميد; منذر علي عبد المالک,10.21608/mercj.2022.114026.1211,https://openalex.org/W4226397799,['المتحف'],arab,0,article
ar,توظيف التراث الثقافي لتنمية السياحة الثقافية في الجزائر,2020,مجلة الحقوق والعلوم السياسية,مرداسي أحمد رشاد; دربوش محمد الطاهر; جباري عبد الجليل,,https://openalex.org/W2998815151,"['التراث الثقافي', 'السياحة الثقافية']",arab,0,article
ar,الأحاديث الواردة في ماء زمزم جمعا ودراسة,2024,المجلة العلمية لکلية أصول الدين والدعوة بالزقازيق,سارة بنت عبدالعزيز القشعمي,10.21608/fraz.2024.337283,https://openalex.org/W4391280359,['الحج والعمرة'],arab,0,article
ar,حسوكة,2020,Arabian Humanities,فريديريك لاغرانج,10.4000/cy.5932,https://openalex.org/W4232299551,['السائحين'],arab,0,article
ar,الآثار الإقتصادية لغسل الأموال,2020,مجلة البحوث القانونية والإقتصادية (المنصورة),أميرة عبدالله السيد بدر; عبدالحميد الشورى,10.21608/mjle.2020.156059,https://openalex.org/W3137314487,['الآثار'],arab,0,article
ar,مجلة حوليات التراث العدد 17,2017,DOAJ (DOAJ: Directory of Open Access Journals),د. محمد عباسة,,https://openalex.org/W7210498987,['التراث'],arab,0,article
ar,دور المتاحف الفنية الافتراضية في تعزيز قيم المواطنة الرقمية.,2024,بحوث في التربية الفنية والفنون,ياسمين حجازي,10.21608/seaf.2024.385079,https://openalex.org/W4403357628,['المتاحف'],arab,0,article
ar,تأثير التوجيه والاتصال وتشکيل الکتلة على الاداء الحراري بوحدات الإقامة بالمنشآت السياحية بالمنطقة الانتقالية بمحمية بحيرة قارون-الفيوم-مصر,2015,Journal of Urban Research /Journal of Urban Research,ايهاب راشد; علياء أحمد,10.21608/jur.2015.95018,https://openalex.org/W4205221093,"['التنمية السياحية', 'السياحة البيئية']",arab,0,article
ar,تطبيقات تقنيات المعلومات والعنكبوتية العالمية في المتاحف الافتراضية العربية ودورها في إتاحة المعلومات المتحفية دراسة ميدانية,2015,Zenodo (CERN European Organization for Nuclear Research),زكريا،محمود شريف احمد,10.5281/zenodo.6341997,https://openalex.org/W4300492010,['المتاحف'],arab,0,article
ar,"""استخدام أنزيم البروتيز المحمل على بوليمر الفاكر OH والنانو سليكا SiO2 في تنظيف بقع دم الوطاويط وتقوية النقوش الجدارية المصنوعة من الحجر الرملي "" Use of Protease enzyme loaded on Wacker OH polymer and nano silica SiO2 in cleaning Bat blood stains and Consolidation museum Sand Wall Paintings """,2023,Mağallaẗ Al-Maʿhad Al-ʿālī Lil Dirāsāt Al-Nawʿiyyaẗ /Mağallaẗ Al-Maʿhad Al-ʿālī Lil Dirāsāt Al-Nawʿiyyaẗ,محمد جمال علي,10.21608/hiss.2023.316763,https://openalex.org/W4387039300,['المتاحف'],arab,0,article
ar,السياحة الصحراوية في الجزائر كوجهة سياحية مستدامة : الواقع و الآفاق,2015,المستقبل العربي,زرزار العياشي; مداحي محمد,10.12816/0021032,https://openalex.org/W2339070089,['السياحة الصحراوية'],arab,0,article
ar,دور منظمات المجتمع المدى السیاحیة المصریة فى تنمیة السیاحة المستدامة,2020,المجلة العلمیة لکلیة السیاحة و الفنادق جامعة الأسکندریة,ریم محمود; سمر القصراوی; نرمین عبد الحمید,10.21608/thalexu.2020.34327.1024,https://openalex.org/W3119129120,['التنمية السياحية'],arab,1,article
ar,آثار اليمن بين الاتجار غير المشروع وإشكالية الإثبات,2026,Zenodo (CERN European Organization for Nuclear Research),Abdullah Mohsen,10.5281/zenodo.20983649,https://openalex.org/W7166465209,['المتاحف'],arab,0,book-chapter
ar,"السياحة البيئية كأداة لتحقيق تنمية محلية مستدامة في ولاية سوق أهراس، الجزائر = Eco-Tourism as a Tool to Achieve Sustainable Local Development in Souk Ahras, Algeria",2019,مجلة رماح للبحوث والدراسات,لومايزية ، عفاف,10.12816/0053260,https://openalex.org/W3213539611,['السياحة البيئية'],arab,0,article
ar,البحيرات ودورها في تنمية السياحة الصحراوية بواحة الجغبوب ليبيا,2021,,إبراهيم الهادى دخيل,10.35778/1753-000-009-019,https://openalex.org/W4411883082,['السياحة الصحراوية'],arab,0,article
ar,التحدیات التى تواجه مسئولى الأنشطة الریاضیة المصریین: بالتطبیق على منتجعات شرم الشیخ والغردقة,2020,مجلة کلية السياحة والفنادق - جامعة مدينة السادات,أحمد عاطف; نهلة إبراهیم,10.21608/mfth.2020.166894,https://openalex.org/W3157565075,['المنتجعات'],arab,0,article
ar,إستراتيجية التنمية السيـاحة المستدامة في الجزائر: دراسة تحليلية للمخطط التوجيهي للتهيئة السياحية 2025,2020,Alternatives Managériales Economiques,ابتسام حاوشين; ريمة بن بايرة,10.48374/imist.prsm/ame-v2i1.19454,https://openalex.org/W3004851680,"['التنمية السياحية', 'السائح', 'السياحة المستدامة']",arab,0,article
ar,دور الرشاقة الاستراتيجية في تعزيز الميزة التنافسية بالمنتجعات الخمس نجوم بمصر,2024,مجلة کلية السياحة والفنادق - جامعة مدينة السادات,مصطفي سيد المغربي; عمر السطوحي; مروة جمال عبد الوهاب; جيهان نبيل أحمد,10.21608/mfth.2024.374261,https://openalex.org/W4401849922,"['الضيافة', 'المنتجعات']",arab,0,article
ar,الجمعيات العلمية الجهوية ودورها في تأسيس المتاحف الأثرية بالجزائر خلال القرن 19 م.,2021,,يمينة شيبان,10.35779/2002-007-001-017,https://openalex.org/W3176355619,['المتاحف'],arab,0,article
ar,الرحلات الفرنسية إلى الجنوب المغربي خلال القرن 19 : الوقائع والتمثلات = French Expeditions to the Moroccan South during the 19th Century : Fact and Representation,2017,أسطور للدراسات التاريخية,محمد أيتجمال,10.12816/0040934,https://openalex.org/W2773653896,['الرحلات'],arab,0,article
ar,دور رخص التعمير الفردية في حماية التراث الثقافي في التشريع الجزائري,2024,,حمزة عشاش; لخضر رفاف,10.51841/2159-007-002-013,https://openalex.org/W4412140514,['التراث الثقافي'],arab,0,article
ar,مكانة المحميات الطبيعية ضمن مقومات السياحة المستدامة مع الإشارة إلى حالة الجزائر,2018,مجلة اقتصاديات المال والأعمال,جبار بوكثير; بسمة مناخ,10.37170/1986-000-005-021,https://openalex.org/W2804252430,['السياحة المستدامة'],arab,0,article
ar,تاریخ المرشد السیاحی فی مصر,2021,المجلة العلمیة لکلیة السیاحة و الفنادق جامعة الأسکندریة,هبة مجدی خلیل,10.21608/thalexu.2021.59183.1044,https://openalex.org/W3194378924,['السائح'],arab,1,article
ar,"واقع السياحة العلاجية في مدينة عمان:, المستشفيات الخاصة حالة دراسية",2019,مجلة المنارة للبحوث والدراسات,إيمان فريحات; نسيم فارس برهم,10.33985/0531-025-003-001,https://openalex.org/W3023924540,['السياحة العلاجية'],arab,0,article
ar,الاهتمام بالمورد البشري في القطاع السياحي كمدخل من مداخل تحقيق التنمية السياحية في الجزائر,2014,Le Manager,عماد بوقلاشي; محمد حشماوي,,https://openalex.org/W2946442308,['التنمية السياحية'],arab,0,article
ar,الخوذ الإيرانية وأنواعها فى الفترة من ق (10-13ه/19-16م),2023,المجلة الدولية للتراث والسياحة والضيافة,دعاء طه حسن محمد; وليد علي خليل; حمادة ثابت محمود,10.21608/jihtha.2023.185800.1021,https://openalex.org/W4380152897,['المتاحف'],arab,0,article
ar,مقدمة للفصل الثالث,2013,Presses de l’Ifpo eBooks,,10.4000/books.ifpo.7724,https://openalex.org/W4205491321,['طريق الحرير'],arab,0,book-chapter
ar,السعودية لن تتوقف عن أكاذيبها حول الحج,2018,Qatar University QSpace (Qatar University),ربيعة بن صباح الكواري,,https://openalex.org/W3171957680,"['الحج', 'الحج والعمرة']",arab,0,article
ar,استنباط-ألفاظ-الطفل-وصفاته-من-الجمهرة-لابن-دريد-321هـ,2022,Academic Journal of Nawroz University,Juwan Mohammed Mohammed Mahdi; Parishan T. Atam,10.25007/ajnu.v11n1a1131,https://openalex.org/W4280627683,['الموروث الثقافي'],arab,0,article
ar,تحليل أهمية مشاركة المجتمع المدني في تنشيط التنمية السياحية المستدامة بالجزائر : دراسة وصفية في ولاية المسيلة,2017,مجلة جيل الدراسات السياسية و العلاقات الدولية,الأخضر ابن عزي; الأخضر ابن عزي,10.33685/1411-000-013-005,https://openalex.org/W2941599722,['التنمية السياحية'],arab,0,article
ar,دور سياسات الترويج السياحي في تحقيق التنمية السياحية في اليمن (دراسة ميدانية بأمانة العاصمة),2024,مجلة جامعة صنعاء للعلوم الإنسانية,عبدالحفيظ يحيي الخزان,10.59628/jhs.v3i8.837,https://openalex.org/W4405858920,['التنمية السياحية'],arab,0,article
ar,دور اللغة العربية وحمولتها الحضارية في ازدهار التسويق السياحي إيران _مشهد المقدسة أنموذجا,2021,آفاق الحضارة الاسلامية,مصطفي مهدوي آرا; احمد ديناري,10.30465/afg.2021.5597,https://openalex.org/W3154183465,"['التسويق السياحي', 'السائح', 'السفر', 'السياحي', 'المتاحف', 'صناعة السياحة']",arab,1,article
ar,"""نشر علمي للوحة الجنائزية محفوظة بمخازن المتحف المصرى الكبير برقم 5931""",2021,Maǧallaẗ al-biḥūṯ wa Al-Dirasāt al-āṯāriyyaẗ,,10.21608/archmu.2021.212130,https://openalex.org/W4210336656,['المتحف'],arab,0,article
ar,الریتون المیکینى فی مصادر الدولة الحدیثة,2012,The Conference Book of the General Union of Arab Archaeologists/The Conference Book of the General Union of Arab Archaeologists,Eman R. Abozaid; aymen waziry,10.21608/cguaa.2012.32764,https://openalex.org/W2950866862,['المتاحف'],arab,0,conference-abstract
ar,تصور مقترح لمتحف تاریخی هولوجرامی وبأستخدام تقنیة التزییف العمیق لإحیاء الشخصیات التاریخیة,2021,المجلة الدولية للتراث والسياحة والضيافة,رانیا إمام,10.21608/jihtha.2021.280460,https://openalex.org/W4320158812,"['السياحة الثقافية', 'المتحف']",arab,0,article
ar,دور المحميات الطبيعية في السياحة البيئية المستدامة محمية الإمام سعود بن عبد العزيز (محازة الصيد),2024,مجلة العلوم الإنسانية و الإجتماعية,سماح رباح الكحيلي,10.26389/ajsrp.m130824,https://openalex.org/W4403825864,['السياحة البيئية'],arab,0,article
ar,دور دراسة الجدوى في انشاء المشاريع الاستثمارية,2025,Journal of Kufa Studies Center,أحمد الزرفي; سكينة كامل,10.36322/jksc.176(b).19620,https://openalex.org/W4410289207,['صناعة السياحة'],arab,0,article
ar,صورة الدولة العثمانية في الرحلات المغربية خلال القرن الثامن عشر الميلادي : رحلة ابن عثمان المكناسي أنموذجا,2018,,عمار سراح,10.34277/1458-000-013-013,https://openalex.org/W2977395569,['الرحلات'],arab,0,article
ar,القیمة الفنیة والآثاریة لدارة وادی یاله ( فیلا سیلین),2014,The Conference Book of the General Union of Arab Archaeologists/The Conference Book of the General Union of Arab Archaeologists,إبـراهـیـم نـویـجـى; سلامه إبراهیم,10.21608/cguaa.2014.44161,https://openalex.org/W2969398248,['صناعة السياحة'],arab,0,conference-paper
ar,طریق الحج المصری من القاهرة إلى عقبة أیلةمنذ نشأته حتی اندثاره 21- 1303هـ /641- 1885م,2018,المجلة العلمية بکلية الآداب,احلام سلامه,10.21608/jartf.2018.122003,https://openalex.org/W3103880928,"['الحج', 'الحج والعمرة']",arab,0,article
ar,نظرية الإبداع في التراث النقدي العربي,2021,Dépôt Institutionnel de lUniversité de Tlemcen,لينة الحاج أعمر; خليدة حاج ميمون,,https://openalex.org/W7135308652,['التراث'],arab,0,dissertation
ar,موارد التراث الطبيعي ومقوماتها السياحية في المملكة العربية السعودية,2017,,محمد أبو الفتوح محمود غنيم,10.33948/1077-029-002-009,https://openalex.org/W4388700642,['السياحية'],arab,0,article
ar,توظیف تکنولوجیا الهولوجرام فى بناء مشاهد افتراضیة بالمواقع الأثریة لدعم السیاحة فى مصر,2019,مجلة العمارة والفنون والعلوم الإنسانية,فاطمة أحمد محمد حسین; أحمد صفى الدین,10.21608/mjaf.2019.12483.1249,https://openalex.org/W2995709059,"['السائحين', 'السياحة الثقافية']",arab,0,article
ar,لوحة sbk-Htp بالمتحف المصري,2025,مجلة کلية الآثار جامعة القاهرة,هانم عبد الحميد,10.21608/jarch.2025.402418,https://openalex.org/W4406273554,['المتحف'],arab,0,article
ar,الاتجاهات الحديثة في علم الآثار: التجربة الفرنسية في علم الآثار الوقائي أنموذجا وتبعاتها على الجزائر,2015,دورية کان التاريخية,عبد الکريم خبزاوي,10.21608/kan.2015.113247,https://openalex.org/W2618306165,['الآثار'],arab,0,article
ar,"تطبيق السلسلة القياسية الدولية ISO 12000 في مواقع السياحة البيئية في الأردن و أثرها في التنمية المستدامة :, دراسة حالة",2012,مجلة اتحاد الجامعات العربية للآداب,إبراهيم خليل إبراهيم بظاظو; نبيل الحوامده,10.51405/0639-009-002-010,https://openalex.org/W4411828814,['السياحة البيئية'],arab,0,article
ar,توظيف الموروث الثقافي الفلسطيني في تحسين العمارة الداخلية المعاصرة (العمارة السياحية نموذجا),2023,"Journal of Arts, Literature, Humanities and Social Sciences",محمود غالب عبد قبها,10.33193/jalhss.90.2023.813,https://openalex.org/W4366768666,"['السياحية', 'الموروث الثقافي']",arab,1,article
ar,النشاط التجاري لمدن الساحل العماني من خلال المصادر الجغرافية العربية وكتب الرحلات حتى القرن 9هـ/15م,2024,حوليات أداب عين شمس,علي بن سعيد الريامي,10.21608/aafu.2025.313401.1615,https://openalex.org/W4406702289,['الرحلات'],arab,0,article
ar,Challenges and assets for developing the tourism industry in the State of Kuwait,2025,مجلة البحوث فی مجالات التربیة النوعیة,Abeer Saad Alrumaih,10.21608/jedu.2025.348372.2173,https://openalex.org/W4406687545,['صناعة السياحة'],arab,0,article
ar,آليات تنفيذية لتصميم برنامج وقائي توعوي للنساء المنتهية محكوميتهن,2020,مجلة الجامعة الإسلامية للبحوث الإنسانية,حصة عبدالرحمن السند,10.33976/iugjhr.v28i2.5875,https://openalex.org/W3014715990,['الضيافة'],arab,0,article
ar,اثر فیروس کورونا ( کوفید-١٩)على السیاحة العالمیة :دراسة جغرافیة,2021,مجلة کلیة الآداب القاهرة,عدلى انیس سلیمان,10.21608/jarts.2021.62046.1070,https://openalex.org/W3154234019,['السائحين'],china,0,article
ar,""" طريق الحج بسلطنة سنار من خلال رحلة جيمس بروس لاستكشاف منابع النيل"" (1768- 1773م)",2023,Maǧallaẗ Kulliyyaẗ Al-Adāb bi Al-Wadī Al-Ǧadīd/Maǧallaẗ Kulliyyaẗ Al-Adāb bi Al-Wadī Al-Ǧadīd,محمود محارب أمين,10.21608/mkwn.2023.353435,https://openalex.org/W4396737124,['الحج'],arab,0,article
ar,أثر التسویق الداخلی على جودة الخدمة السیاحیة,2016,المجلة العلمية للدراسات التجارية والبيئية,أحمد سلیمان; دعاء محمد,10.21608/jces.2016.51806,https://openalex.org/W2980933480,['السائحين'],arab,1,article
ar,الحماية القانونية الدولية للدبكة الفلسطينية باعتبارها من التراث الثقافي غير المادي,2019,مجلة الاجتهاد القضائي,محمد شتيه,10.37136/0515-012-002-002,https://openalex.org/W2980652438,['التراث الثقافي'],arab,0,article
ar,دور المدن الشبابیة فی تنشیط السیاحة الداخلیة فی مصر,2020,مجلة کلية السياحة والفنادق جامعة المنصورة,مصطفى سید أبو الحسن عبد الله; أحمد عادل حماد; دعاء سمیر محمد حزه,10.21608/mkaf.2020.125609,https://openalex.org/W3111015655,['السائح'],arab,0,article
ar,تلاقي الفنون وتأثيره على التراث العربي: ياقوت المستعصمي أنموذجا,2026,مجلة کلية الآداب بقنا,زينب كامل محمد عبد العال,10.21608/qarts.2026.472406.2427,https://openalex.org/W7159574861,['التبادل الثقافي'],arab,0,article
ar,أثر التخطيط الاستراتيجي على أداء المنظمة (دراسة تطبيقية على المنظمات العاملة في مجال الحج والعمرة في المملكة العربية السعودية),2025,International Journal of Research and Studies Publishing,دكتوراه في إدارة الأعمال، كلية إدارة الأعمال، جامعة لينكولن، ماليزيا; نوف المديميغ; ابهيجيت غوش; دكتوراه في إدارة الأعمال، كلية إدارة الأعمال، جامعة لينكولن، ماليزيا; محمد شمسي; دكتوراه في إدارة الأعمال، جامعة بورغوني، ديجون، فرنسا,10.52133/ijrsp.v6.64.1,https://openalex.org/W4407955855,['الحج والعمرة'],arab,0,article
ar,تكامل خدمات الإدارة اللوجستية وأثرها في تحسين الصورة الذهنية لتحقيق رضا ضيوف الرحمن (دراسة حالة عملاء شركات العمرة),2024,Global Journal of Economic and Business,حليمة محمد نور المصطفى,10.31559/gjeb2024.14.3.3,https://openalex.org/W4400402315,['العمرة'],arab,0,article
ar,التصوف المغربي في غرب إفريقيا: الامتداد والتأثير,2024,دورية کان التاريخية,طارق بوكطب,10.21608/kan.2024.262099.1099,https://openalex.org/W4399023397,['التبادل الثقافي'],arab,0,article
ar,جمالیات التراث المعماری العثمانی بالجزائر مسجد کتشاوة انموذجا,2021,مجلة العمارة والفنون والعلوم الإنسانية,آمال رابیة,10.21608/mjaf.2021.100321.2516,https://openalex.org/W3217453035,['السائح'],arab,0,article
ar,الوعي السياحي ودوره في تنمية القطاع السياحي الجزائري,2016,مجلة العلوم الانسانية لجامعة أم البواقي,بودربالة رفيق,,https://openalex.org/W2785585566,['السياحي'],arab,0,article
ar,دور المحافظة على التراث الثقافي في التسويق الإقليمي لعلامة المدينة: دراسة حالة الوكالة الوطنية للقطاعات المحفوظة,2024,المجلة العربية للمعلوماتية وأمن المعلومات,كريم ‎ بلقاسي‎,10.21608/jinfo.2024.340205,https://openalex.org/W4391717392,['التراث الثقافي'],arab,0,article
ar,Un tourisme durable en Algérie : Le rôle du citoyen dans la gestion des déchets ménagers Sustainable tourism in Algeria: The role of the citizen in the management of household waste السياحة المستدامة في الجزائر: دور المواطن في إعادة تدوير نفايات العائلات,2018,,Amina Merabet; Meliani Nadia,,https://openalex.org/W3109675791,['السياحة المستدامة'],arab,0,article
ar,سياحة حطام السفن الغارقة في البحر الأحمر المصري دراسة في جغرافية السياحة,2025,مجلة کلیة الآداب جامعة بورسعید,مريان نشأت فرح عبد الشهيد,10.21608/jfpsu.2025.359036.1419,https://openalex.org/W4409437343,['السائحين'],arab,0,article
ar,درجة تضمين كتب التربية الاجتماعية المفاهيم السياحية للصفين (الرابع، والخامس) للمرحلة الأساسية في الأردن,2018,مجلة العلوم التربوية و النفسية,منال محمد رضوان,10.26389/ajsrp.n110718,https://openalex.org/W3211766860,"['السياحة الدينية', 'الضيافة', 'المتاحف']",arab,0,article
ar,صناعة السياحة في الجزائر في ظل التوجه نحو سياسة التنويع الاقتصادي,2020,مجلة افاق علوم الادارة والاقتصاد,طه ياسين مرباح; فطيمة الزهرة عيسات; فضيلة صيفور,,https://openalex.org/W3135130248,['صناعة السياحة'],arab,0,article
ar,"حرف المشغولات النسيجية ودورها في حفظ التراث بالمملكة العربية السعودية (حرفة السدو أنموذجا) textiles fabric crafts in the Kingdom of Saudi Arabia ""The Craft of Sadu as an Example""",2025,المجلة العلمية بکلية الآداب,وضحى عواض الرشيدي,10.21608/jartf.2025.418355,https://openalex.org/W4409193737,['التراث'],arab,1,article
ar,إستحداث صیاغات مستلهمة من الرموز البصریة للتراث المصری وتوظیفها فی تصمیم الإعلان السیاحى,2020,مجلة العمارة والفنون والعلوم الإنسانية,إبتهاج الدریدی,10.21608/mjaf.2020.27666.1575,https://openalex.org/W3110568240,"['التبادل الثقافي', 'السائح']",arab,0,article
ar,Crossing Boundaries: Understanding Complex Scribal Practices in Ancient Egypt (with a 2019 Progress Report),2020,Rivista del Museo Egizio,Stéphane Polis; Kathrin Gabler; Matthias Müller; Nathalie Sojic; Susanne Töpfer; Stephan Unter; Christian Greco; António Loprieno; Elena L. Hertel; Renaud Pietri,10.29353/rime.2020.2952,https://openalex.org/W3040130119,['المتحف'],arab,6,article
ar,مساهمة القطاع السياحي في الاقتصاد الجزائري,2019,مجلة آفاق علمية,حبال سهيلة; نور الدين حاروش,10.35554/1697-011-002-015,https://openalex.org/W4245192476,['السياحي'],arab,0,article
ar,النشاط السياحي في الجزائر بين الفرص المتاحة والواقع,2019,مجلة الاقتصاد و التنمية البشرية,هناء جعبوب; وافية زاير,10.35658/1445-010-003-022,https://openalex.org/W3089687039,['السياحي'],arab,0,article
ar,ملامح تشكيلية: تحية إلى القدس,2010,,عود الند أخبار,,https://openalex.org/W2969933659,['المتحف'],arab,0,article
ar,دور وسائل التواصل الاجتماعي في تشكيل اتجاهات الجمهور نحو المشروعات الحضارية المصرية- دراسة ميدانية بالتطبيق على مشروع المتحف المصري الكبير,2026,مجلة البحوث الإعلامیة,محمد مهني البحراوي; ضياء الدين حمدين صقر,10.21608/jsb.2026.462193.2060,https://openalex.org/W7163872875,['المتحف'],arab,0,article
ar,نصوص مسمارية غير منشورة من المتحف العراقي,2019,لارك,رونق جندي صبري; سعد سلمان فهد,10.31185/lark.vol2.iss25.1075,https://openalex.org/W3048542140,"['المتاحف', 'المتحف']",arab,0,article
ar,التسويق السياحي بين الأولوية التنموية السياحية ومتطلبات الحماية البيئية في الجزائر,2019,مجلة العلوم القانونية والاجتماعية,مخناش ابتسام; قراوي أحلام,,https://openalex.org/W2947395485,['التسويق السياحي'],arab,0,article
ar,تصورات طلبة جامعة الملك عبد العزيز حول دور السياحة في تعزيز التنمية الاقتصادية والاجتماعية في المملكة العربية السعودية,2025,International Journal on Humanities and Social Sciences,بشائر بنت فهد الحتيرشي,10.33193/ijohss.67.2025.849,https://openalex.org/W4413126289,['التبادل الثقافي'],arab,0,article
ar,واقع السياحة الصحراوية بالجزائر – الإمكانيات والتحديات-,2019,الحوار الفكري,عبد القادر عبد الرحمان; عبد الجليل هداجي; احمد صديقي,,https://openalex.org/W2965019318,"['السياحة', 'السياحة الصحراوية']",arab,0,article
ar,دراسة فنية تحليلية لأختام اسطوانية غير مدروسة من عصر جمدة نصر محفوظة في المتحف العراقي,2022,مجلة آداب الفراهيدي,محمد يوسف محمد,10.51990/jaa.14.51.1.5,https://openalex.org/W4367466771,['المتحف'],arab,0,article
ar,الفنادق الخضراء الذكية كآلية لدعم السياحة البيئية في مصر Smart green hotels as a mechanism to support ecotourism in Egypt.,2023,Journal of Engineering Research - Egypt/Journal of Engineering Research,NESMA ABD EL- MAKSOUD,10.21608/erjeng.2023.227140.1204,https://openalex.org/W4387620521,['السياحة البيئية'],arab,0,article
ar,الوعي الثقافي وقضية التراث العربي,2023,Al-Mağallaẗ Al-ʿarabiyyaẗ lil Ādāb wa Al-Dirāsāẗ Al-Insāniyyat,عائشة جمعه الشامسي,10.21608/ajahs.2023.323536,https://openalex.org/W4388160208,['التراث'],arab,0,article
ar,العلاقة التشكيلية بين السيلويت والفضاء الحضري في بناء رؤي تصويرية معاصرة للهوية المصرية,2026,مجلة التربية النوعية و التکنولوجيا بحوث علمية و تطبيقية,منی إبراهيم حمدي الطبجی,10.21608/maat.2026.508160.1320,https://openalex.org/W7171319992,['الموروث الثقافي'],arab,0,article
ar,أقدم المقابر في جبانة الرقاقنة,2022,Maǧallaẗ Kulliyyaẗ Al-Aṯār Bi-Qinā - Ǧāmiʿāt Ǧānūb Al-Wādi,عماد الدين کمال حماده الصوينع,10.21608/mkaq.2022.160862.1033,https://openalex.org/W4313394443,['العمرة'],arab,0,article
ar,دور إعادة التأهيل المستدام للمراكز التجارية التراثية في رفع كفاءة السياحة التراثية The Role of Sustainable Rehabilitation of Heritage commercial centers in raising the efficiency of Heritage Tourism,2024,Engineering Research Journal,Rania Ismael Ahmed; Ahmed Haleem Hussien; Mohamed Ahmed Riad; Sahar Morsy Mohamed,10.21608/erj.2024.301890.1067,https://openalex.org/W4402078242,"['التراث الثقافي', 'السياحة التراثية']",arab,0,article
ar,المرجعية الثقافية لصور الطبيعة التشبيهية في بعض المؤلفات البلاغية.,2017,حوليات أداب عين شمس,داليا أحمد السيد عبد الوهاب,10.21608/aafu.2017.176318,https://openalex.org/W3169188365,['الموروث الثقافي'],arab,0,article
ar,"أثر الابتكار في عناصر المزيج الترويجي على قرارات اختيار الوجهة السياحية:, دراسة عينة من زبائن الوكالات السياحية في الجزائر",2024,مجلة إدارة الأعمال والدراسات الاقتصادية,محمد بوشنافة; زهير بوكريف,10.51842/2179-010-002-014,https://openalex.org/W4412142934,['السياحية'],arab,0,article
ar,المؤثرات الاجتماعية والثقافية في شعر روني سوميك,2024,مجلة بحوث کلية الآداب جامعة المنوفية,محمد صالح محمد أحمد موسي,10.21608/sjam.2024.310417.2395,https://openalex.org/W4402090636,['الموروث الثقافي'],arab,0,article
ar,ظاهرة الحج غير النظامي في الجزائر في الفترة الاستعمارية 1830 - 1954 م.,2019,الدارة,هواري قبايلي,10.46968/0326-045-002-002,https://openalex.org/W3097869636,['الحج'],arab,0,article
ar,دور الحكومتان المركزية والمحلية والقطاع الخاص في تنشيط حركه السياحه الدينيه لمحافظه النجف الاشرف,2016,Al-Ghary Journal of Economic and Administrative Sciences,عبد الامير عبد كاظم زوين,10.36325/ghjec.v12i36.9189,https://openalex.org/W2738822847,['السياحة الدينية'],arab,0,article
ar,رؤية مستقبلية لتحسين دور المحميات الطبيعية في تنمية السياحة البيئية بالمملكة العربية السعودية,2025,Journal of King Abdulaziz University Arts and Humanities,د. هيفاء حمود الشمري,10.4197/art.32-6-16,https://openalex.org/W4410952807,['السياحة البيئية'],arab,0,article
ar,السياحة الدينية وأثرها في التنمية العمرانية (مرقد تاج الدين انموذجا),2025,مجلة العلوم الأساسـية,ماجد راضي حسين الربيعي; فراس صالح صلال,10.31185/bsj.vol18.iss28.1067,https://openalex.org/W4412053659,['السياحة الدينية'],arab,0,article
ar,دور الإعلام السیاحی فی الحفاظ على الموروث الثقافی بالعراق,2022,مجلة کلية السياحة والفنادق جامعة المنصورة,موحان شعلان عبیس; أحمد عادل حماد; رانیا محمد بهاء الدین; دعاء سمیر حزة,10.21608/mkaf.2022.257831,https://openalex.org/W4295546868,['الموروث الثقافي'],arab,0,article
ar,تأثیر إستخدام المقاییس غیر المالیة فی تحسین مستوى أداء الفنادق بإستخدام بطاقة الآداء المتوازن - دراسة عملیة على الفنادق فی مصر (باللغة الإنجلیزیة),2021,مجلة الاسکندریة للبحوث المحاسبیة,بسام سمیر باروما,10.21608/aljalexu.2021.163041,https://openalex.org/W3153760776,['السائحين'],arab,0,article
ar,تفعیل دور معلم التربیة الفنیة فی حمایة الموروث الحضاری لتحقیق التنمیة المستدامة فی المجتمع السعودی,2021,المجلة العلمية لجمعية امسيا – التربية عن طريق الفن,عائشة بنت عبد الجبار العیسى,10.21608/amesea.2021.147982,https://openalex.org/W3131932059,['التراث الثقافي'],arab,0,article
ar,مقتنيات الأسرة العلوية المعروضة في متحف الغردقة The Alawi Family's belongings on display at the Hurghada Museum,2024,مجلة بحوث الشرق الأوسط,عبد الرحمن حامد أحمد,10.21608/mercj.2024.362937,https://openalex.org/W4400385120,"['المتاحف', 'المتحف']",arab,0,article
ar,الوعي البيئي ودوره في مواجهة المخاطر البيئية المؤثرة على بعض المناطق الأثرية بمحافظة الأقصر,2023,Journal of Environmental Studies and Researches,حامد يوسف; محمود عبد الرسول; إسماعيل إسماعيل; عصام جمال,10.21608/jesr.2023.299837,https://openalex.org/W4378550947,['المعالم الأثرية'],arab,0,article
ar,"التعاويذ 25 , 62 : 70 من متون الأهرام فى مقبرة DAA - Raرع – جا فى المتحف المصرى بالقاهرة",2019,Mağallaẗ Al-Dirāsāt Al-Insāniyyah wal-Adabiyyah /Mağallaẗ Al-Dirāsāt Al-Insāni yyaẗ wa Al-Adabiyyaẗ,,10.21608/shak.2019.145255,https://openalex.org/W4240384614,['المتحف'],arab,0,article
ar,Investigation of the Axial Rotor Thrust in Centrifugal Compressors استقصاء الدفع المحورى على العضور الدوار فى الضواغط النابذة,2019,Journal of Engineering Research - Egypt/Journal of Engineering Research,Aly Elzahaby; S.A. El‐Agouz; Ahmed F. Nemnem; A K Mubarak,10.21608/erjeng.2019.125660,https://openalex.org/W3112879391,['العمرة'],arab,0,article
ar,نشر تمثال نصفي لامرأة رومانية من النخبة,2023,أوراق کلاسيکية,رانيا سمير زيدان,10.21608/acl.2023.329072,https://openalex.org/W4389552139,['المتحف'],arab,0,article
ar,"أعمال النحت المتحفية "" في ضوء التربية المتحفية "" كمصدر لإثراء النحت المعاصر.",2025,بحوث في التربية الفنية والفنون,أميرة عبد الباسط قنديل,10.21608/seaf.2025.451683,https://openalex.org/W4414294491,['المتاحف'],arab,0,article
ar,أثر اللغز فی التراث النحوی,2021,مجلة کلیة اللغة العربیة بالمنصورة,سماسم بسیونی عبد العزیز مطر,10.21608/jflm.2021.208369,https://openalex.org/W4200094944,['التراث'],arab,0,article
ar,نحو تجارب سیاحیة أکثر تمیزا، تحلیل لتصورات مستخدمی موقع Trip Advisor. دراسة حالة لمصر,2021,المجلة العلمیة لکلیة السیاحة و الفنادق جامعة الأسکندریة,لمیاء حفنى,10.21608/thalexu.2021.59220.1045,https://openalex.org/W3188952281,['السائحين'],arab,0,article
ar,"دور المنظمات المعنية بالثقافة في مواجهة قضايا التطرف الفکري ""دراسة تطبيقية علي إدارة الثقافة بجامعة الدول العربية""",2019,العلوم التربوية,د محمد سعد بداح جدعان الهاجري,10.21608/ssj.2019.59978,https://openalex.org/W2989651840,['الموروث الثقافي'],arab,0,article
ar,التقنيات الحديثة كمدخل لإثراء الملصقات السياحية الدينية,2024,Ḥiwār Ǧanūb Ǧanūb,الزهراء صلاح أحمد بركات; وجدي رفعت فريد نخله; سلوى ماهر,10.21608/hgg.2024.254235.1025,https://openalex.org/W4392113929,"['السياحة الدينية', 'السياحية']",arab,0,article
ar,أثر الثقافة الشخصية للمرشد السياحي على رضا السائحين في محافظة بغداد بالعراق,2024,مجلة کلية السياحة والفنادق جامعة المنصورة,حسين منعم خلف الطائي; سارة علي فتحي علي حمايل; منى عز علي السيد البكر,10.21608/mkaf.2024.363658,https://openalex.org/W4400384666,"['السائح', 'السائحين']",arab,0,article
ar,Looting and ‘Salvaging’ the Heritage of Palestine,2010,Present Pasts,Adel H. Yahya,10.5334/pp.26,https://openalex.org/W2074049628,['التراث'],arab,19,article
ar,مصادر انتقاء أخبار الحرب لدى الجمهور السوداني وعلاقتها بترتيب أجندتهم نحو أهدافها (دراسة على عينة من جمهور ولاية نهر النيل في الفترة: 15/4/2023 - 15/4/2024م),2024,Humanitarian and Natural Sciences Journal,د. محمد فرح كرم الله وقيع الله,10.53796/hnsj511/11,https://openalex.org/W4403976356,['الموروث الثقافي'],arab,0,article
ar,توظيف الموروث الثقافي,2021,Mağallaẗ Al-Ṭufūlaẗ wa Al-Tanmiyaẗ,العربي بنجلون,10.21608/jcdj.2021.425725,https://openalex.org/W4410137150,['الموروث الثقافي'],arab,0,article
ar,"الإشراف على المبعوثین من الجامعات المصریة للحصول على الدکتوراه من الخارج ""دراسة میدانیة""",2020,مجلة البحث العلمى فى التربية,إسراء جمال علی أحمد; نوال أحمد نصر; منى محمد أبو الفتوح,10.21608/jsre.2020.107514,https://openalex.org/W3055978365,['السفر'],arab,0,article
ar,إمارة الحج خلال عهد معاوية بن أبي سفيان(41-60هـ),2020,مجلة دراسات في التاريخ والآثار,د. فيصل بن فرحان العنزي,10.65074/cehkr983,https://openalex.org/W7134169919,"['الحج', 'السفر']",arab,0,article
ar,دور سیاحة آثار ما قبل التاریخ فى تنویع المنتج السیاحى المصرى,2022,مجلة کلية السياحة والفنادق جامعة المنصورة,شمس حسن حلمی عبد السلام; محمد عزت محمد; رانیا محمد بهاء الدین; وفاء أحمد نور الدین إلیاس,10.21608/mkaf.2022.257818,https://openalex.org/W4295546904,['السائحين'],arab,0,article
ar,التحليل المكاني لواقع حال الفندقة في العراق لسنة 2007 وعلاقاته المكانية بالنشاط الاقتصادي الفندقي,2014,Alustath Journal for Human and Social Science,م. مناف محمد السوداني,,https://openalex.org/W3082058624,['الفندقة'],arab,0,article
ar,"تمثال کتلة لــ ""نب - نخت"" رقم JE 40053 (المتحف المصرى)",2018,مجلة کلية الآداب جامعة بنها,محمد عثمان حسن; أحمد سعید ناصف عبد الرحمن,10.21608/jfab.2018.106238,https://openalex.org/W3046958157,['المتحف'],arab,0,article
ar,التحليل الجغرافي لمقومات السياحة البيئية لهور الحمار جنوبي العراق,2019,مجلة ميسان للدراسات الأكاديمية,محمد عرب الموسوي; بشار فؤاد معروف,10.54633/2333-018-037-005,https://openalex.org/W3138144004,['السياحة البيئية'],arab,0,article
ar,واقع نشاط الإعلام السياحي لمكاتب السفر والسياحة في مدينة مصراتة,2016,(Faculty of Arts Journal) مجلة كلية الآداب - جامعة مصراتة,معز علي السريتي; محمد الطاهر الكسكاس محمد الطاهر الكسكاس,10.36602/faj.2016.n08.07,https://openalex.org/W2980804765,"['السفر', 'السفر والسياحة']",arab,0,article
ar,جوستاف لوبون ورؤیته للمؤسسات و العادات العربیة الأسلامیة,2019,مجلة البحث العلمي في الآداب,غادة عبد الصمد بدوى محمد,10.21608/jssa.2019.63140,https://openalex.org/W2993553192,['السفر'],arab,0,article
ar,الاستراتيجية الصينية في إطار مبادرة الحزام والطريق وتأثيرها على الاقتصاد الدولي,2019,مجلة جيل الدراسات السياسية و العلاقات الدولية,أحمد حسين الخطيب,10.33685/1411-000-024-007,https://openalex.org/W3092890820,['مبادرة الحزام والطريق'],china,0,article
ar,الصنج الزجاجیة الفاطمیة المحفوظة بمتحف الإسماعیلیة (غیر منشورة),2021,مجلة کلية السياحة والفنادق - جامعة مدينة السادات,إسراء أحمد محمد اللبان,10.21608/mfth.2021.228878,https://openalex.org/W4226266991,['المتحف'],arab,0,article
ar,حماية الآثار بين الفقه الإسلامي وقانون الآثار الأردني,2021,,نور سامي عبدالفتاح الخطيب; عبدالمجيد محمود السلام الصلاحين,10.35703/1472-008-001-004,https://openalex.org/W4411904778,['الآثار'],arab,0,article
ar,دور الاستثمار السياحي في تطوير القطاع السياحي الجزائري,2019,مجلة الإقتصاد الجديد,محمد خيري; علي خالفي,,https://openalex.org/W2915944025,['السياحي'],arab,0,article
ar,علاقة رأس المال الفکري بالتميز المؤسسي: دراسة تطبيقية على وزارة السياحة إدارة السياحة العلاجية The relationship of intellectual capital to institutional excellence Applied study on the Ministry of Tourism Medical Tourism Administration,2020,المجلة العربیة للإدارة,إيمان محمد الوکيل,10.21608/aja.2021.67460,https://openalex.org/W3140360292,['السياحة العلاجية'],arab,0,article
ar,التعليم المتحفي في المملكة العربية السعودية لإثراء نمو اطفال ما قبل المدرسة,2023,International Journal on Humanities and Social Sciences,خلود عبدالقادر باطرفي,10.33193/ijohss.42.2023.528,https://openalex.org/W4321435708,['المتاحف'],arab,0,article
ar,المواد العطرية في ضوء نص مسماري غير منشور من المتحف العراقي,2023,مجلة العلوم الانسانية,دعاء عبدالستار جبار,10.33855/0905-030-004-072,https://openalex.org/W4411761115,['المتحف'],arab,0,article
ar,أثر الإرهاب على قطاع السياحة في مصر,2023,مجلة البحوث القانونية والإقتصادية (المنصورة),نهال محمد سمير عبد شكر,10.21608/mjle.2023.312314,https://openalex.org/W4385843120,['السياحة'],arab,0,article
ar,تأثير مشروع رأس الحكمة على الاستثمار السياحي في مدينة العلمين,2024,مجلة کلية السياحة والفنادق - جامعة مدينة السادات,أمامه سمير حلمي,10.21608/mfth.2024.399608,https://openalex.org/W4405798215,['صناعة السياحة'],arab,0,article
ar,"مقومات العرض السياحي وسبل ترقيته لتحقيق الجذب السياحي:, دراسة مقارنة بين الجزائر والمغرب",2022,مجلة العلوم الإنسانية والاجتماعية,هبة بوشوشة; هدى بن محمد; إبتسام طوبال,10.35393/1730-008-003-002,https://openalex.org/W4411884631,['السياحي'],arab,0,article
ar,دينار نادر للخليفة الظاهر بأمرالله ضرب دقوقا (داقوق) محفوظ في المتحف العراقي – دراسة تحليلية,2019,,ايمان العزاوى; هاوكار عبدالرحمن; جوان اسماعيل,10.31972/iscahkrd19.002,https://openalex.org/W2968179151,['المتحف'],arab,0,conference-paper
ar,الحقيقة المحمدية في التراث الصوفي,2013,Journal of Kufa Studies Center,محمد حمزة الشيباني,10.36322/jksc.v1i32.5185,https://openalex.org/W2738504741,['التراث'],arab,0,article
ar,العلاقة السببية وعلاقات التكامل المتزامن بين النمو الاقتصادي ومداخيل الحج في المملكة العربية السعودية,2017,,لمية علي العرفاوي; ليلى علوي,,https://openalex.org/W3092027949,['الحج'],arab,0,article
ar,واقع السیاحة الجبلیة فی الجزائر وافاق النهوض بها,2016,International Journal of Development,منال میسوم,10.21608/jaid.2016.67713,https://openalex.org/W2999270817,['السياحة البيئية'],arab,0,article
ar,الآثار الإسلامية في إجدابيا,2022,مجلة كلية الاداب,د.عبد الله علي الرحيبي,10.37376/jofoa.vi23.2927,https://openalex.org/W4390861327,['الآثار'],arab,0,article
ar,دور السیاحة فی اعادة توزیع الخریطة السکانیة لمصر بالتطبیق علی مدینة مرسى علم السیاحیة,2017,المجلة الدولية للتراث والسياحة والضيافة,سوزان بکری; نانسی فوزی; هبة یسری,10.21608/jihtha.2017.28079,https://openalex.org/W2918429547,['التنمية السياحية'],arab,0,article
ar,تمثال نصفی من البرونز للإلهة إیزیس أو ملکة بطلمیة محفوظ فی المتحف الیونانی الرومانی بالإسکندریة Bronze Bust of Isis or Ptolemaic Queen in Alexandria Greco-Roman Museum,2022,حولية الاتحاد العام للآثاريين العرب دراسات فى آثار الوطن العربى,Nagwa Ibrahim,10.21608/cguaa.2022.117741.1115,https://openalex.org/W4283778997,['المتحف'],arab,0,article
ar,إعادة إحياء البيوت الإسلامية كنزل سياحي في إطار تنمية التراث المصري,2024,المجلة العلمیة للدراسات و البحوث التربویة والنوعیة,شريف حسين حسني ابو السعادات; امنية مجدي عبد العزيز ابوزيد,10.21608/sjse.2024.280453.1301,https://openalex.org/W4399307107,['الموروث الثقافي'],arab,0,article
ar,الحمال: نماذج من صوره على الآثار العربية,2021,Al-Adab Journal,صلاح حسين العبيدي,10.31973/aj.v21i21.2214,https://openalex.org/W4225727854,['الآثار'],arab,0,article
ar,دراسة تقييمية لعناصر الاتصال اللفظي وغير اللفظي للعاملين في المؤسسات السياحية في محافظة الاسماعيلية Evaluation Study of the elements of verbal and non-verbal communication skills for workers in tourism establishments in Ismailia Governorate,2023,Mağallaẗ Al-Maʿhad Al-ʿālī Lil Dirāsāt Al-Nawʿiyyaẗ /Mağallaẗ Al-Maʿhad Al-ʿālī Lil Dirāsāt Al-Nawʿiyyaẗ,وليد عباس محمود محمد اباظة,10.21608/hiss.2023.316686,https://openalex.org/W4386571693,"['السائح', 'السائحين', 'المتاحف']",arab,0,article
ar,تلخيص كتاب الفضاء الروائي عند جبرا إبراهيم جبرا,2025,Journal of Educational and Human Sciences,م.م. عهود جبار عبدالله حسين,10.33193/jeahs.43.2025.606,https://openalex.org/W4408246848,['التراث الثقافي'],arab,0,article
ar,تأثير اتصالية النقل العام في تنمية المناطق السياحية في المملكة العربية السعودية.,2011,مجلة دراسات الخليج والجزيرة العربية.,سعد بن ناصر الحسين,10.34120/jgaps.v37i142.2099,https://openalex.org/W4399834339,"['التنمية السياحية', 'السياحية']",arab,1,article
ar,نشر ودراسة لمدفعين من العصر العثماني محفوظين في متحف الجيش بباريس ومؤرخين بسنة 989هـ/1581م,2021,Annales islamologiques,محمد إبراهيم عبد العال,10.4000/anisl.10728,https://openalex.org/W4312713774,['المتحف'],arab,1,article
ar,دور شهادات ضمان الجودة فی نجاح عمل منظمی الرحلات السیاحیة فی مصر,2020,المجلة العلمیة لکلیة السیاحة و الفنادق جامعة الأسکندریة,زینب یسری عبد العال علی,10.21608/thalexu.2020.27812.1006,https://openalex.org/W3039059753,['الرحلات'],arab,0,article
ar,أثر ممارسات إدارة الموارد البشریة الاستراتیجیة على البراعة التنظیمیة والأداء الابتکاری فی ظل توسط دور الثقافة التنظیمیة,2021,المجلة العلمية للدراسات التجارية والبيئية,حمادة فوزی ثابت أبوزید,10.21608/jces.2021.168626,https://openalex.org/W3158158939,['الفندقة'],arab,0,article
ar,التراث العربي وتعدد المرجعيات,2022,مجلة دراسات وأبحاث,نوال عاتي; سميرة دين,10.35157/0578-014-002-047,https://openalex.org/W4411830138,['التراث'],arab,0,article
ar,السياحة بالجزائر إمكانيات ضخمة ومعوقات عديدة,2021,مجلة آفاق للبحوث والدراسات,مراد بوعيشاوي,,https://openalex.org/W3123432501,['السياحة'],arab,0,article
ar,التنافس الأمريكى-الصيني على النفوذ العسكري والاقتصادي في بحر الصين الجنوبي من 2014 الى 2023,2026,The Journal of the Faculty of Economics and Political Science,مراد محمد يونس عبد الرحيم,10.21608/jpsa.2026.502772,https://openalex.org/W7160764155,['مبادرة الحزام والطريق'],china,0,article
ar,واقع ترويج السياحة الصحراوية في الجزائر ضمن أعمال الوكالات السياحية بقسنطينة,2021,مجلة رماح للبحوث والدراسات,ريم بونوالة; سليمة بوتاعة,10.33953/1371-000-054-010,https://openalex.org/W3204430865,['السياحة الصحراوية'],arab,0,article
ar,التراث في التجريب الروائي العربي,2013,مقاربات مجلة العلوم الإنسانية,بوكرش كريمة,,https://openalex.org/W2978783299,['التراث'],arab,0,article
ar,تقنیات المرشد اللاسلكی فی المقصد السیاحی المصری: المتطلبات والمزایا,2021,مجلة کلية السياحة والفنادق - جامعة مدينة السادات,أمانی عدلی عبد العزیز; هبةالله علی جعفر; هبة صلاح ذكی,10.21608/mfth.2021.280663,https://openalex.org/W4320158808,['السائحين'],arab,0,article
ar,دور التسويق الإلكترونى في تنمية قطاع السياحة في الخبرات الدولية: تحليل مقارن,2025,The Journal of the Faculty of Economics and Political Science,نيفين طلعت صادق,10.21608/jpsa.2025.459052,https://openalex.org/W4415364325,"['الضيافة', 'المتاحف', 'صناعة السياحة']",arab,0,article
ar,الحفاظ على التراث كمدخل للتمكين المجتمعي وتعزيز السياحة المستدامة: دراسة حالة حي الطريف - المملكة العربية السعودية,2025,مجلة دراسات الخليج والجزيرة العربية.,ياسر هاشم الهياجي,10.34120/jgaps.v51i198.3421,https://openalex.org/W4414702458,['السياحة المستدامة'],arab,0,article
ar,واقـع وآفاق تنافسية الصناعـة السياحية بالجـزائر,2015,Le Manager,محمد حشماوي; سليمان زواري,,https://openalex.org/W2918217540,['السياحية'],arab,0,article
ar,التأثير الثقافي والاقتصادي لتعليم اللغة العربية للناطقين بغيرها في المملكة العربية السعودية: دراسة استقصائية,2025,مجلة کلیة التربیة فى العلوم الإنسانیة و الأدبیة,حجاب بن محمد القحطاني,10.21608/jfehls.2025.467538,https://openalex.org/W4416845235,"['التبادل الثقافي', 'السياحة الثقافية']",arab,0,article
ar,أثر التغیرات المناخیة على حرکة السیاحة العالمیة فى مصر,2020,مجلة کلية الآداب و العلوم الإنسانية جامعة قناة السويس,أحمد محمد محمد إبراهیم,10.21608/jfhsc.2020.159226,https://openalex.org/W3154777851,['التنمية السياحية'],arab,0,article
ar,فن الكف وتطوراته في ثقافة صعيد مصر,2025,مجلة علوم وفنون الموسيقى,منال محسن عبدالمنعم محمد; محمد المعتصم; سهير حسين ابراهيم الدمنهوري,10.21608/jfma.2025.370763.2079,https://openalex.org/W4412546904,['التراث الثقافي'],arab,0,article
ar,المتحف في المغرب ومزيوغرافيا الهوية : النشأة و التحول و التأطير المعرفي,2024,Toubkal,رضوان خديد,10.83129/toubkal-4033,https://openalex.org/W7165811271,['المتحف'],arab,0,other
ar,Using Drama in Museum Education,2021,Mağallaẗ Al-Maʿhad Al-ʿālī Lil Dirāsāt Al-Nawʿiyyaẗ /Mağallaẗ Al-Maʿhad Al-ʿālī Lil Dirāsāt Al-Nawʿiyyaẗ,Enas Ibrahim Karim,10.21608/hiss.2021.184626,https://openalex.org/W3196805300,"['المتاحف', 'المتحف']",arab,2,article
ar,التراث الثقافي المشترك للمجتمعات الحدودية وادي حلفا بالسوادن وابوسمبل بمصر,2023,Mağallaẗ Kulliyyaẗ Al-Adāb Ǧāmiʿaẗ Aswan,فاطمه أمين محمد حسن,10.21608/mkasu.2023.219575.1178,https://openalex.org/W4385461095,['التراث الثقافي'],arab,0,article
ar,قلعة شمع الأثرية: دراسة ميدانية استطلاعية,2021,مجلة العلوم الإنسانية و الإجتماعية,جعفر زهير فضل الله,10.26389/ajsrp.l030121,https://openalex.org/W3213317973,['المعالم الأثرية'],arab,0,article
ar,دور الجامعات السعودية في تحقيق التنمية السياحية المستدامة في ضوء رؤية 2030,2026,مجلة بحوث کلية الآداب جامعة المنوفية,هياء العنزي,10.21608/sjam.2026.458199.2855,https://openalex.org/W7125829944,['التنمية السياحية'],arab,0,article
ar,دور متحف الطفل في تنمية الوعى الثقافي والهوية الوطنية لدى الطفل المصرى,2024,"International Journal for Tourism, Archaeology and Hospitality",Mahmoud Salama; هدى قنديل; Sara El Noamany,10.21608/ijtah.2024.207192.1085,https://openalex.org/W4391721864,"['المتاحف', 'المتحف']",arab,0,article
ar,آليات استغلال العقار السياحي الموجه للاستثمار,2016,,حياة كحيل,,https://openalex.org/W2752380543,['السياحي'],arab,0,article
ar,قناة السویس فى مصر ... بین الواقع والمأمول,2019,المجلة العلمية للإقتصاد و التجارة,نسرین نور الدین حسن,10.21608/jsec.2019.40142,https://openalex.org/W2958649687,['طريق الحرير'],both,0,article
ar,التماس الجمهور المصري للمعلومات من دلالات الصورة التلفزيونية لوقفة عرفة وانعكاسه على مدركاته حول فريضة الحج,2025,مجلة البحوث الإعلامیة,محمد فيض,10.21608/jsb.2024.318443.1809,https://openalex.org/W4405958630,['الحج'],arab,0,article
ar,آداب وأخلاقیات ضیافة الأجانب فی الإسلام,2016,المجلة العلمیة لکلیة السیاحة و الفنادق جامعة الأسکندریة,عبدالمنعم عمر محمد محمد,10.21608/thalexu.2016.47709,https://openalex.org/W2974450011,"['السائح', 'السائحين', 'الضيافة']",arab,0,article
ar,اعتماد نظم المعلومات الجغرافية في تقييم وتثمين المواقع الجيولوجية والجيومرفولوجية، في أفق تنمية السياحة بالأطلس الكبير الأوسط (حالة: آيت بوكماز / المغرب),2018,مجلة العلوم الطبيعية و الحياتية والتطبيقية,سلاك بوعزة; سعيد عارف; يحيى الخالقي; آيت عمر توفيق,10.26389/ajsrp.s090918,https://openalex.org/W3163116001,['التنمية السياحية'],arab,0,article
ar,Les stratégies de médiation numérique du patrimoine culturel immatériel: Une approche recherche-action pour la valorisation du manuscrit amazigh en graphie arabe,2024,HAL (Le Centre pour la Communication Scientifique Directe),Sabrina Mazigh,,https://openalex.org/W4402853391,['التراث الثقافي'],arab,0,dissertation
ar,طريق الحرير والدبلوماسية الاقتصادية الصينية,2021,Zenodo (CERN European Organization for Nuclear Research),سامر محمد الحجات,10.5281/zenodo.4939840,https://openalex.org/W3214137847,['طريق الحرير'],both,0,article
ar,الخط العربي والحروفية في الجزائر قراءة في أعمال محمود طالب,2024,Dépôt Institutionnel de lUniversité de Tlemcen,مريم صغير,,https://openalex.org/W7135300139,['التراث الثقافي'],arab,0,dissertation
ar,سينوب.. دراسة في أوضاعها السياسية والتجارية عصـر سلاجقة الروم (611- 722هـ/1214-1322م) SINOP.. A STUDY OF ITS POLITICAL AND COMMERCIAL CONDITIONS SELJUK RUM (611-722 AH / 1214-1322 AD),2022,حولية سمنار التاريخ الاسلامى والوسيط,أشرف سمير توفيق محمد,10.21608/hsew.2022.284591,https://openalex.org/W4320909809,['طريق الحرير'],arab,0,article
ar,دور الآت السیستروم فی مصر القدیمة نظام حتحور وإعادة تشکیل المعدن فی السیسترم .. المتحف المصری الکبیر,2021,مجلة العمارة والفنون والعلوم الإنسانية,ایمان لطفی ابراهیم البابلی,10.21608/mjaf.2021.91037.2453,https://openalex.org/W3205548678,['المتحف'],arab,0,article
ar,ركاب الحج (المصرية) إلى بلاد الحرمين الشريفين في عصر سلاطين المماليك (648-923 هـ / 1250-1517 م ).,2011,مجلة دراسات الخليج والجزيرة العربية.,نايف عيد السهيل,10.34120/jgaps.v37i143.2111,https://openalex.org/W4399831356,['الحج'],arab,0,article
ar,الخريطة الجيومورفولوجية لمقلع الوعبة بحرة كشب غربي المملكة العربية السعودية,2020,Journal of King Abdulaziz University Arts and Humanities,د. محمد داودي د. محمد داودي,10.4197/art.28-7.5,https://openalex.org/W3034990938,['السائحين'],arab,0,article
ar,"أبعاد ظاهرة التأجير لدى القاطن كصيغة "" للإيواء السياحي"" دراسة حالة مدينة جيجل",2018,Revue Sciences Humaines (Université des Frères Mentouri Constantine 1),"باهي, سعيدة; أحسن بن ميسي",,https://openalex.org/W2947241449,['السائح'],arab,0,article
ar,أثر السياق في توجيه شرح الأحاديث عند ابن حجر العسقلاني,2011,,احمد مصطفى احمد الاسطل,,https://openalex.org/W3064402965,['الموروث الثقافي'],arab,0,dissertation
ar,مبادرة الحزام والطريق : العلاقات الإستراتيجية بين الصين والجزائر في زمن الأوبئة,2021,مجلة الاجتهاد للدراسات القانونية والاقتصادية,صالح خويلدات; النجمي سعيدات; احمد بعلا,,https://openalex.org/W3214433916,['مبادرة الحزام والطريق'],both,0,article
ar,الزراعة في التراث العربي,2022,Maǧallaẗ Ǧāmiʿaẗ Miṣr Lil Dirāsāt Al-Insāniyyaẗ /Maǧallaẗ Ǧāmiʿaẗ Miṣr Lil Dirāsāt Al-Insāniyyaẗ,عبد الفتاح غنيمة,10.21608/mjoms.2022.242130,https://openalex.org/W4293074687,['التراث'],arab,0,article
ar,أثر إستخدام تكنولوجيا الإنترنت في الوكالات السياحية الجزائرية على الأداء التسويقي: دراسة إستطلاعية لآراء عينة من مديري الوكالات السياحية,2016,مجلة العلوم الانسانية,مزغيش جمال,10.37136/1003-000-044-052,https://openalex.org/W2997695578,['السياحية'],arab,0,article
ar,تاريخ التبادل الثقافي و الحضاري بين الهند و العرب,2015,مجلة اللغة,أن عبد الجبار,10.12816/0014118,https://openalex.org/W2569100071,['التبادل الثقافي'],arab,0,article
ar,بعض إشكاليات التشريعات السياحية والفندقية في ليبيا والقوانين ذات العلاقة بها,2020,Mağallaẗ al-ʿulūm wa-al-dirāsāt al-insāniyyaẗ.,أ - عبد الباسط علي عبد الجليل ذاوود,10.37376/1571-000-037-006,https://openalex.org/W3034078471,['السفر'],arab,0,article
ar,أثر القوة الاقتصادية الصينية الناشئة على العلاقات بين الولايات المتحدة الأمريكية ودول مجلس التعاون الخليجي العربي: دراسة حالة مبادرة الحزام والطريق: 2013 - 2023,2023,حوليات أداب عين شمس,سعيد عبيد الكتبي,10.21608/aafu.2023.323175,https://openalex.org/W4388160047,['مبادرة الحزام والطريق'],both,0,article
ar,تقييم جاهزيه المناطق السياحيه لاستقبال سياحه ذوي الاحتياجات الخاصه بالتطبيق علي المتاحف والمطارات,2023,المجلة الدولية للتراث والسياحة والضيافة,رانيا الورداني; غاده محمد وفيق; نانسي محمد فوزي; مصطفى محمود أبو حمد,10.21608/jihtha.2023.219265.1037,https://openalex.org/W4391284455,"['السائحين', 'المتاحف']",arab,0,article
ar,تطویر السیاحة العلاجیة فى مصر من خلال العمارة البیئیة ( رؤیة لمنطقة حمام موسی بجنوب سیناء ),2021,مجلة العمارة والفنون والعلوم الإنسانية,دینا وجیه فاضل إسکندر,10.21608/mjaf.2020.38483.1794,https://openalex.org/W3119386860,['السياحة العلاجية'],arab,0,article
ar,الدراسة في النمط الجديد للتعاون الصيني العربي في إطار هدف الحياد الكربوني- التقدم المشترك في تحول الطاقة وإدارة تغير المناخ,2025,Arab Journal for Scientific Publishing,طالبة دكتوراه بقسم اللغة العربية، كلية اللغات الأجنبية - جامعة الاقتصاد والتجارة الدولية- الصين; ما شياومي,10.36571/ajsp777,https://openalex.org/W4408219992,"['التعاون الصيني العربي', 'مبادرة الحزام والطريق']",both,0,article
ar,دور التسويق الريادي في تطوير صناعة السياحة في الجزائر -وكالة أنوار الصباح برج بوعريريج انموذجا-,2020,Mağallaẗ al-ՙulūm al-iqtiṣādiyaẗ wa al-tasyīr wa al-ՙulūm al-tiğāriyaẗ,نجوى سعودي; ضرغام العميدي,,https://openalex.org/W3014521587,['صناعة السياحة'],arab,0,article
ar,آليات تحقيق الانتشار السکاني بالمدن السياحية بالتطبيق على مدينة الغردقة السياحية,2020,Minia Journal of Tourism and Hospitality Research,Ezzat Abo Elsoud Mohamed; Heba Yousry Mohamed Salit,10.21608/mjthr.2020.139595,https://openalex.org/W4205275508,"['التنمية السياحية', 'السياحية']",arab,0,article
ar,النقد الأدبي في مصادر التراث الإسلامي,2023,مجلة الكلية الإسلامية الجامعة,جليلة فيصل برغش هادي المياحي,10.51837/0827-000-074-044,https://openalex.org/W4411773697,['التراث'],arab,0,article
ar,"تحليل الملاءمة المناخية للنشاط السياحي على ساحل البحر الأحمر باستخدام مؤشر المناخ السياحي "" دراسة فى المناخ السياحي""",2021,Maǧallaẗ Kulliyyaẗ Al-Adāb bi Al-Wadī Al-Ǧadīd/Maǧallaẗ Kulliyyaẗ Al-Adāb bi Al-Wadī Al-Ǧadīd,وائل هريدي زهران مهران,10.21608/mkwn.2021.284820,https://openalex.org/W4320910731,"['السياحي', 'صناعة السياحة']",arab,0,article
ar,تحديات استدامة القطاع السياحي في الجزائر,2022,مجلة العلوم الانسانية,حليمة فوغالي,10.37136/1003-022-001-006,https://openalex.org/W4411784096,['السياحي'],arab,0,article
ar,أهمية التراث المادي بجهة فاس مكناس في الحفاظ على هوية المجتمع المغربي,2024,PRSM,عماد الصيفي,10.34874/prsm.lal-voliss6.2879,https://openalex.org/W7167021572,['السياحة التراثية'],arab,0,article
ar,عزيز العرباوي: كتاب عن التراث,2013,,عود الند التحرير,,https://openalex.org/W162773235,['التراث'],arab,0,article
ar,خریطة التنمیة السیاحیة المستهدفة فی مصر وفقا للرؤیة المصریة 2020 -2030,2019,Ḥawliyyaẗ Kulliyyaẗ Al-Adāb - Ǧāmiʿaẗ Binī Sūwaīf,یاسر محمد عباس ‎ خضر ‏‎,10.21608/jbsu.2019.128049,https://openalex.org/W4243723990,['التنمية السياحية'],arab,0,article
ar,التأثیر الوسیط لمرونة العاملین بشرکات السیاحة المصریة علی العلاقة بین سماتهم الشخصیة والمرونة التنظیمیة,2020,مجلة کلية السياحة والفنادق - جامعة مدينة السادات,مروة فوزی; تقی محروس,10.21608/mfth.2020.103364,https://openalex.org/W3043827017,['صناعة السياحة'],arab,0,article
ar,"مبادرة الحزام والطريق الصينية:, الدوافع، الامتداد والتحديات",2021,,شريفة كلاع,10.54528/1549-006-002-010,https://openalex.org/W4411901729,['مبادرة الحزام والطريق'],china,0,article
ar,السياحة في الجزائر بين: الواقع و المأمول,2017,,محمد تاج الدين صحراوي; وسيلة سبتي,,https://openalex.org/W2962991731,['السياحة'],arab,0,article
ar,Analysis of Staycation Preferences of Egyptian Travelers Post COVID-19 Pandemic,2023,مجلة کلية السياحة والفنادق جامعة المنصورة,Rehab El Gamil,10.21608/mkaf.2023.302709,https://openalex.org/W4380201053,['صناعة السياحة'],arab,0,article
ar,دراسة استكشافية لمحفظة إدراك المواطن واتجاهاته نحو آثار السياحة والتنمية السياحية والتخطيط المستدام لها في إقليم كوردستان - العراق - محافظة أربيل أنموذجا -,2018,University of Sharjah (UoS) Journal of Humanities and Social Sciences,محمد آل ياسين,10.36394/jhss/15/1/4,https://openalex.org/W4292588844,['التنمية السياحية'],arab,0,article
ar,مواقع السیاحة الدینیة فی المدینة المنورة فى ضوء رؤیة المملکة 2030 باستخدام نظم المعلومات الجغرافیة,2018,المجلة العلمية بکلية الآداب,عمر محمد,10.21608/jartf.2018.122905,https://openalex.org/W3104278366,"['السياحة الدينية', 'صناعة السياحة']",arab,0,article
ar,توظيف التكنولوجيا الرقمية فى تصميم مواقع البيئة الإفتراضية فى المحميات الطبيعية,2022,Al-Maǧallah Al-ʿarabiyyaẗ Al-Dawliyyaẗ Lil Fan wa Al-Taṣmīm Al-Raqamī,مها رمضان,10.21608/iajadd.2022.128180.1005,https://openalex.org/W4226019263,['السياحة البيئية'],arab,0,article
ar,الثقافات الفرعیة کما یعکسها تصمیم المواقع الإلکترونیة المحلیة : دراسة تحلیلیة لمواقع المحافظات المصریة,2015,المجلة العربية لبحوث الاعلام والاتصال,سلوى أحمد محمد أبوالعلا الشریف,10.21608/jkom.2015.110028,https://openalex.org/W3081520363,['الموروث الثقافي'],arab,0,article
ar,دعم وتشجيع الاستثمار السياحي من أجل تحقيق التنمية,2023,Journal of Law Society and Authority,Yasmina Diaf,10.52919/lsa.v12i1.185,https://openalex.org/W4409243034,['السياحي'],arab,0,article
ar,السياحة الجبلية بالمغرب جهة درعة تافيلالت نموذجا,2026,PRSM,حسن بداوي,10.34874/prsm.burak-vol3iss4.11763,https://openalex.org/W7207699429,['السياحة'],arab,0,article
ar,النزعة القصصية في الرحلات العربية الحديثة,2017,مجلة العاصمة,عبد الوهاب ك.,10.12816/0046662,https://openalex.org/W2895434579,['الرحلات'],arab,0,article
ar,كورولوجيا سياحة المتاحف المصرية,2024,مجلة کلية الآداب جامعة بني سويف,د سماح عبد القادر د رضا محمد السيد سليم.,10.21608/jfabsu.2024.247008.1293,https://openalex.org/W4401849431,['المتاحف'],arab,0,article
ar,Contraintes et Enjeux du Developpement Touristique dans les Montagnes du Nord de l’Algérie = Constraints and Challenges of Tourism Development in Mountains Areas in Northern Algeria = المعوقات والتحديات التي تواجه التنمية السياحية في جبال شمال الجزائر,2016,"El-Tawassol"" التواصل""",A Oularbi; Anissa Zeghiche,10.12816/0039974,https://openalex.org/W2759668894,['التنمية السياحية'],arab,0,article
ar,بلورة الوعي السياحي كأحد السبل لتنمية السياحة المستدامة - قراءة تحليلية حول التجربة الأردنية-,2018,Revue Les Cahiers du POIDEX,حكيمة نعيمي; حياة يراهيمي بن حراث,,https://openalex.org/W2795054565,['السياحة المستدامة'],arab,0,article
ar,الكشف عن دور المتاحف واهميتها في تنمية الإرث الحضاري,2023,مجلة العمارة والفنون والعلوم الإنسانية,Safaa El Sharif,10.21608/mjaf.2023.206188.3084,https://openalex.org/W4378576048,"['المتاحف', 'المتحف']",arab,0,article
ar,"""تقييم دور مؤسسات المجتمع المدني في دعم التنمية السياحية في مصر""",2025,المجلة الدولية للتراث والسياحة والضيافة,كريم مرسى محمد مرسى; سوزان بکرى; نانسي محمد فوزي; مصطفى محمود أبو حمد,10.21608/jihtha.2025.353802.1086,https://openalex.org/W4408627103,['التنمية السياحية'],arab,0,article
ar,الترويج الإعلامي لموضوعات السياحة في مواقع التواصل الاجتماعي دراسة تحليلية صفحة هيأة السياحة العراقية,2024,Journal of Administration and Economics,سيماء سعدون عزيز; محمد خلف سبتي,10.31272/jae.i143.1229,https://openalex.org/W4402211844,['السياحة'],arab,0,article
ar,واقع السياحة الصحراوية في دول شمال افريقيا- إشارة إلى تونس المغرب الجزائر,2013,Revue des Economies financières bancaires et de management,مفتاح صالح; معارفي فريدة,,https://openalex.org/W3159874124,['السياحة الصحراوية'],arab,0,article
ar,سياحة المقامات الصوفية في مصر: دراسة في جغرافية السياحة,2024,مجلة کلية الآداب بقنا,ولاء محمد احمد نجيب; خالد إبراهيم محمد بدره,10.21608/qarts.2024.294170.1968,https://openalex.org/W4403067968,['السياحة الدينية'],arab,0,article
ar,The Sustainable Use of Natural Resources in Egypt's Ecotourism Hotspots / الاستخدام المستدام للموارد الطبيعية في أماكن جذب السياحة البيئية في مصر,2019,,Menna Moataz Elsehrawy; Omneya Nagib Ibrahim; Yara Moustafa; Yousra Osama Taha,,https://openalex.org/W3153394367,['السياحة البيئية'],arab,0,article
ar,التنمية السياحة والاستثمار السياحي في الجزائر:استراتيجية طويلة المدى,2017,,بن الزاوي عبد الرزاق; فرحات سميرة,,https://openalex.org/W3161708183,['السياحي'],arab,0,article
ar,شخصية العلامة التجارية وتأثيرها بالثقة العلامة التجارية (دراسة استطلاعية لعينة من شركات السفر والسياحة في بغداد),2024,Journal of Administration and Economics,ساره مجدي عبدالحسين; مثنى معان أبراهيم,10.31272/jae.i144.1247,https://openalex.org/W4402612905,"['السائح', 'السائحين', 'السفر', 'السفر والسياحة']",arab,0,article
ar,"متطلبات إدارة الجودة الشاملة كمدخل لتطوير تنافسية الخدمة السياحية:, دراسة حالة السياحة الصحراوية في الجزائر",2017,مجلة العلوم الإنسانية والاجتماعية,رقية حساني; بوعزيز ناصر,10.35156/1173-000-030-059,https://openalex.org/W2947224342,['السياحة الصحراوية'],arab,0,article
ar,"السياحة الخارجية من المملكة العربية السعودية ومقوماتها الجغرافية ""دراسة في جغرافية السياحة""",2023,Maǧallaẗ Markaz Al-Buḥūṯ Al-Ǧuġrāfiyyaẗ wa Al-Kārtūğirāfiyyaẗ/Maǧallaẗ Markaz Al-Buḥūṯ Al-Ǧuġrāfiyyaẗ wa Al-Kārtūğirāfiyyaẗ,محمد الشيخ,10.21608/mkgc.2024.276554.1133,https://openalex.org/W4399535570,['السياحة'],arab,0,article
ar,دور الفنون الشعبية في التنمية السياحية بمنطقة الصحراء الجزائري,2021,,كمال بن سنوسى,10.33953/0381-004-001-024,https://openalex.org/W4411837260,"['التنمية السياحية', 'السياحية']",arab,0,article
ar,تاريخ المعالم الآثرية في إمارة أبوظبي وتنظيم حمايتها 1958-2020م,2024,وقائع تاريخية,سعيد سالم محمد اليماحي; محمد ابوشوق,10.21608/hev.2024.144991.1124,https://openalex.org/W4400924317,"['السائحين', 'المعالم الأثرية']",arab,0,article
ar,"من الخطأ إلى الإتقان برنامج تدريبي قائم على نظرية تحليل الأخطاء في علاج الأخطاء الشفوية والكتابية عند متعلمي اللغة العربية الناطقين بلغات أخرى في الجامعة الإسلامية العالمية ""توانكو سيد سراج الدين"" (UniSIRAJ)، بولاية برليس (UniSIRAJ) = From Error to Mastery A Training Module Based on Error Analysis Theory for Addressing Oral and Written Mistakes Among Arabic Language Learners at Universiti Islam Antarabangsa Tuanku Syed Sirajuddin (UniSIRAJ), Perlis",2025,The International Islamic University Malaysia Repository (The International Islamic University Malaysia),Mohammad Khalil Mohammad Alramadeen; Mohamed Abdelrahman Ibrahim Youssef; Abdulhalim Samae; Nonglaksana Kama; Muhamad Zamri Abdul Gani,,https://openalex.org/W7160672245,['السياحة المستدامة'],arab,0,book
ar,الحج في مجتمع المغرب الأوسط، خلال القرنين الثامن والتاسع الهجريين (14و15م)، بين مشقة الرحلة، والشوق إلى المقصد,2020,مجلة مدارات تاريخية,شريخي نبيل,,https://openalex.org/W3093003112,['الحج'],arab,0,article
ar,تصميم معيار تقويم مهارات التعبير الكتابي لمرحلة التعليم الأساسي في ضوء وثيقة المستويات المعيارية للغة العربية,2022,Mağallaẗ Al-Qirā'aẗ wa Al-Maʿrifaẗ/Mağallaẗ Al-Qirā'aẗ wa Al-Maʿrifaẗ,محمد رجب محمد عبدالله,10.21608/mrk.2022.276585,https://openalex.org/W4313392492,['التراث الثقافي'],arab,1,article
ar,"تداعيات تحرير سعر الصرف على الأداء الاقتصادي للشركات السياحية فئة ""أ"" بجمهورية مصر العربية",2024,مجلة کلية السياحة والفنادق - جامعة مدينة السادات,شمس حسن مندور,10.21608/mfth.2024.343439,https://openalex.org/W4392621859,"['السائح', 'السائحين']",arab,0,article
ar,إشراك السياحة المستدامة في تعزيز الاقتصاد النفسجي في الجزائر,2020,مجلة الاستراتيجية والتنمية,لطيفة بلقاسم,10.34276/1822-010-995-024,https://openalex.org/W3179476532,['السياحة المستدامة'],arab,0,article
ar,لماذا لم تتبنى الفنادق المصریة خدمات الذکاء الاصطناعی والروبوتات والأتمتة فی عملیاتها ؟,2021,مجلة کلية السياحة والفنادق - جامعة مدينة السادات,جیهان نبیل أحمد; رانیا محمد منیسی,10.21608/mfth.2021.239104,https://openalex.org/W4285326960,"['الضيافة', 'صناعة الضيافة']",arab,0,article
ar,الآثار المترتبة على رحلات الحج والعمرة من مصر دراسة جغرافية,2016,الإنسانيات,حنان سعيد عبد الحليم,10.21608/ins.2016.234660,https://openalex.org/W4300411796,"['الآثار', 'الحج', 'الحج والعمرة']",arab,2,article
ar,""" وظائف العسکریین الممالیک فی مکة المکرمة فی عصر الممالیک الجراکسة "" (784-923هـ/1382-1517م)",2020,حولیة کلیة الدراسات الإسلامیة والعربیة للبنات بالإسکندریة,نادیة عابد محمد العدوانی العدوانی,10.21608/bfda.2020.105735,https://openalex.org/W3047599644,['الحج والعمرة'],arab,0,article
ar,"أثر الموروث الثقافی على تنامی ظاهرة زواج القاصرات فی القریة المصریة "" ""دراسة میدانیة فی قریة العرب بمحافظة الغربیة",2022,المجلة العلمية بکلية الآداب,لمیاء وجیه هنداوی علی; حسن عید; رانیا الکیلانی,10.21608/jartf.2022.232366,https://openalex.org/W4224309669,['الموروث الثقافي'],arab,0,article
ar,مساهمة الحظيرة الثقافية للأهقار في تنمية السياحة الثقافية بالجزائر,2019,مجلة آفاق علمية,محمد سافني,10.35554/1697-011-004-023,https://openalex.org/W3093046356,['السياحة الثقافية'],arab,0,article
ar,"المعالم الأثرية القديمة في الجزائر من خلال مؤلفات الأستاذ ""محمد الصغير غانم",2018,مجلة المعارف للبحوث والدراسات التاريخية,حناي محمد,,https://openalex.org/W3100512564,['المعالم الأثرية'],arab,0,article
ar,دور المرافقة المقاولاتية في دعم وتطوير القطاع السياحي الجزائري.,2019,الأفاق للدراسات الإقتصادية,حدادة فريد; بن جلول خالد,,https://openalex.org/W2956329896,['السياحي'],arab,0,article
ar,الاستثمار الأجنبي المباشر في دول المغرب: القطاع السياحي نموذجا,2016,مجلة دراسات في علم إجتماع المنظمات,قصاب سعدية; عيدودي فاطمة الزهرة,,https://openalex.org/W2965487922,['السياحي'],arab,0,article
ar,أثر محددات تسويق المكان في الولاء الإتجاهي للسائح الأجنبي تحليل الدور الوسيط للصورة الذهنية (دراسة تطبيقية على المناطق السياحية في مصر ),2022,المجلة العملیة التجارة والتمویل,ايهاب نور الدين محمود عيد هريدي,10.21608/caf.2022.263817,https://openalex.org/W4303646170,['السائح'],arab,0,article
ar,نحو التأسيس للفكر السياحي في الجزائر مع الإشارة إلى التنمية السياحية بولاية سطيف,2014,Revue d'économie et de statistique appliquée,Safia Bouzar,,https://openalex.org/W2940140378,['التنمية السياحية'],arab,0,article
ar,中阿现实主义戏剧比较研究 ——以萨阿德拉·瓦努斯《六·五夜谈》和夏衍 《上海屋檐下》为例,2025,مجلة کلية الآداب و العلوم الإنسانية جامعة قناة السويس,Yahia Mohamed Mokhtar Tawfik,10.21608/jfhsc.2025.489057,https://openalex.org/W7134280638,['الصين والعالم العربي'],both,0,article
ar,الرحلات الجـزائرية الحجـازية الرحلة الورتلانية أنموذجا,2016,دفاتر مخبر الشعرية الجزائرية,العمـري بلاعدة,,https://openalex.org/W2948653480,['الرحلات'],arab,0,article
ar,توظيف تطبيقات الذكاء الاصطناعى فى الترويج للسياحة الخارجية فى مصر (دراسة تطبيقية),2024,Al-Mağallah Al-ʿarabiyyaẗ Li Buḥūṯ Al-Itiṣāl wa Al-Iʿlām Al-Raqamī,مهند حامد غندور; حنان عاطف,10.21608/ajscd.2024.339814,https://openalex.org/W4391719387,"['السائحين', 'صناعة السياحة']",arab,0,article
ar,من الحداثة إلى المعاصرة (السفر وتأثيره على التحول الفني في السعودية (1999م - 2010 م)),2024,"Journal of Arts, Literature, Humanities and Social Sciences",دارين عبد الرحمن الارفلي,10.33193/jalhss.105.2024.1106,https://openalex.org/W4397049288,"['التبادل الثقافي', 'السفر']",arab,0,article
ar,اليمن موطن الآثار,2020,Centre français de recherche de la péninsule Arabique eBooks,"ايجيل, إيف; اُدوان, ريمي; برايمر, فرانك; بريتون, جان فرانسوا; بنوا, آن; بونانفان, بول; تشيرير, ميشيل; تيريجول, فلوريان; جاجدا, ايفونا; جريبرنار, دانيلو; جيلبير, كلير هاردي; دارل, كريستيان; دانشوت, ماري كريستين; رو, جان كلود; روبان, كرستيان جوليان; روبان, كريستيان جوليان; روجيل, أكسيل; ريجور, آن; سكوروبكا, متياس; شاربونيه, جوليان; شارلو, جيوم; شيتكات, جيريمي; عربش, منير; كراسار, ريمي; كرسار, ريمي; مشكور, مرجان; مكيارللي, روبرتو; موتون, ميشيل; موري, بيرنار; هيربت, تارا ستايمر",10.4000/books.cefas.2139,https://openalex.org/W3012733139,['الآثار'],arab,0,book
ar,إعادة تصمیم المساکن التراثیة صغیره الحجم فی تونس: نحو تفسیر جدید لمعاییر تصنیف المشروعات السیاحیة البیئیة,2021,مجلة العمارة والفنون والعلوم الإنسانية,ایمان عبد الجواد,10.21608/mjaf.2021.54635.2133,https://openalex.org/W3130578474,['السياحة البيئية'],arab,1,article
ar,دور الأدب العربي في تنمية السياحة الثقافية في العالم العربي,2025,المجلة العربية لعلوم السياحة والضيافة والآثار,فاروق اس; فرحانة ‏ كمال,10.21608/kjao.2025.453346,https://openalex.org/W4414293821,"['السياحة الثقافية', 'السياحة المستدامة']",arab,0,article
ar,التراث الطبيعي دعامة للتنمية وتنوع المنتوج السياحي بإقليم الخنيفرة -المغرب,2022,Science and Knowledge Horizons Journal,Zakaria Mehrir; Assia Lafhel; Abdelemajid Sami,10.34118/jskp.v2i01.2118,https://openalex.org/W4320073707,['السياحة البيئية'],arab,0,article
ar,"دور الفايسبوك في تفعيل السياحة الدينية الجزائرية:, مستخدمي صفحات الوكالات السياحية لولاية سطيف نموذجا",2024,,إناس رغيس; سحر أم الرتم,10.35779/2002-010-002-033,https://openalex.org/W4412115347,['السياحة الدينية'],arab,0,article
ar,مسؤولية صاحب الفندق المدنية في القانون الإنجليزي دراسة تحليلية مقارنة,2021,مجلة جامعة الشارقة للعلوم القانونية,يونس المختار,10.36394/jls.v17.i2.10,https://openalex.org/W4200212138,"['الضيافة', 'الفندقة']",arab,0,article
ar,التسویق التأثیرى کإتجاه تسویقى حدیث للمقصد السیاحى المصرى,2022,مجلة کلية السياحة والفنادق جامعة المنصورة,هدیر أحمد محمد أبو عمر; رانیا محمد بهاء الدین; می محمد باهر عمر,10.21608/mkaf.2022.257849,https://openalex.org/W4295546804,"['السفر', 'السفر والسياحة']",arab,0,article
ar,التفاعل بین نمطی تقدیم الإنفوجرافیک المتحرک عبر الویب (الفیدیوی الرسومی) والأسلوب المعرفی (الاعتماد/ الاستقلال) وأثره على التحصیل المعرفی وکفاءة التعلم لدى طالبات المرحلة المتوسطة فی مقرر الفقه,2019,تکنولوجيا التربية دراسات وبحوث,د/ شیماء أحمد أحمد  و د/ سمیر أحمد مشترک,10.21608/tessj.2019.63311,https://openalex.org/W2996189132,['العمرة'],arab,0,article
ar,فن المناظرة في التراث العربي,2012,مجلة قراءات,أسماء بن قلح,10.37136/1969-000-004-013,https://openalex.org/W4412111410,['التراث'],arab,0,article
ar,أدب الرحلات لدى أبي القاسم سعد الله بين الدراسة التاريخية والإبداع الأدبي.,2020,مقامات للدراسات اللسانية و الأدبية و النقدية,كمال بن عمر,,https://openalex.org/W3114261337,['الرحلات'],arab,0,article
ar,دور الإعلام السياحي في الترويج لمدينة الشارقة,2019,University of Sharjah (UoS) Journal of Humanities and Social Sciences,علاء الشمري,10.36394/jhss/16/2a/13,https://openalex.org/W2979710062,"['السياحي', 'صناعة السياحة']",arab,1,article
ar,القدرة التنافسية لقطاع السياحة و الأسفار في دول المغرب العربي حسب تقرير المنتدى الإقتصادي العالمي- دافوس- (دراسة مقارنة بين الجزائر، تونس و المغرب),2021,مجلة إضافات إقتصادية,حراث حنان; رمضاني محمد; فاتحي رضوان,,https://openalex.org/W3202300385,"['السياحة الثقافية', 'السياحة الصحراوية']",arab,0,article
ar,تيمة العنف في الخطاب الروائي الجزائري مذنبون لون دمهم في كفي للحبيب السائح أنمودجا دراسة سيميائية,2017,Revue LAROS,بدرة شريط,,https://openalex.org/W2947350058,['السائح'],arab,0,article
ar,دور سیاحة الطعام فی ترویج المقصد السیاحی المصری من وجهة نظر العاملین بشرکات السیاحة,2020,مجلة کلية السياحة والفنادق جامعة المنصورة,نورهان سامح محمد یوسف; محمد عبد الفتاح زهری; دعاء سمیر محمد حزه,10.21608/mkaf.2020.123278,https://openalex.org/W3098251666,"['السائح', 'السائحين']",arab,0,article
ar,الامكانيات السياحية في قضاء بدرة,2020,لارك,م.د. لمى عبد المناف رحيم,10.31185/lark.vol2.iss37.1455,https://openalex.org/W3014469503,"['السياحية', 'صناعة السياحة']",arab,1,article
ar,تأثير السياحة على موقع التراث العالمي قوريني,2020,المجلة الليبية العالمية,د. احمد عبدالكريم,10.37376/1570-000-029-001,https://openalex.org/W3004951120,"['التراث الثقافي', 'السياحة']",arab,0,article
ar,ملامح النصية في التراث البلاغي العربي .,2017,مقامات للدراسات اللسانية و الأدبية و النقدية,عبد الكامل; سعيداني,,https://openalex.org/W3135604623,['التراث'],arab,0,article
ar,"ترجمة رواية ""Keadilan Ilahi"" إلى العربية؛ أهداف وطرق",2018,(الطموحات ) EL-THUMUHAT,Rijal Mahdi,10.25299/elthumuhat.2018.vol1(1).1234,https://openalex.org/W2886234215,['التبادل الثقافي'],arab,0,article
ar,القيم الجمالية والإستدامة في تصميم وتسيير الأسواق التقليدية سوق الرمشي نموذج,2023,Dépôt Institutionnel de lUniversité de Tlemcen,مروان عياشي,,https://openalex.org/W7135271591,['التراث الثقافي'],arab,0,dissertation
ar,استراتيجية الحزام والطريق الصينية للقرن الحادي والعشرين,2016,مجلة دراسات دولية,باهر مردان مضخور,,https://openalex.org/W3184735164,['طريق الحرير'],both,0,article
ar,الكتابات المنفذة على نماذج منتقاة من علب المرایا الإیرانیة فی العصر القاجاری,2022,مجلة کلية الآثار جامعة القاهرة,محمد محمد مرسی علی,10.21608/jarch.2023.277071,https://openalex.org/W4313392636,['المتاحف'],arab,0,article
ar,مقترح لمتحف فني تعليمي إسلامي كأحد روافد التثقيف السياحي بالمملكة العربية السعودية واستحداث مشغولات فنية معاصرة كتذكارات,2023,"Journal of Arts, Literature, Humanities and Social Sciences",فتون فؤاد عبد القادر فيومي,10.33193/jalhss.87.2023.781,https://openalex.org/W4317626561,['المتحف'],arab,0,article
ar,تأثير النميمة السلبية في مكان العمل على نية دوران الموظفين في صناعة السياحة و الفنادق: الدور الوسيط للتسكع الاجتماعي,2024,مجلة کلية السياحة والفنادق - جامعة مدينة السادات,حازم أحمد خيري; عصام عاشور; ميرهان رزق سليمان; نوران صابر فهمى,10.21608/mfth.2024.357606,https://openalex.org/W4399289602,"['السفر', 'صناعة السياحة']",arab,0,article
ar,متحف الفن الإسلامى بالقاهرة فی القرن13هـ/19م من خلال الصور الفوتوغرافیة للجنة حفظ الأثار العربیة,2021,المجلة الدولية للتراث والسياحة والضيافة,جهاد عزت عبد الغفار; حمادة ثابت محمود,10.21608/jihtha.2021.213976,https://openalex.org/W4210397956,['المتحف'],arab,0,article
ar,برنامج تجريبي لتعزيز الجوانب التصميمية في النزل الريفية لاستدامة السياحة البيئية بالمملكة العربية السعودية,2022,,نهى بنت سعيد أسعد نقيطي; ريم فاروق حسن الصبان; ألاء محمد شطوان,10.57194/2351-002-001-004,https://openalex.org/W4312719302,['السياحة البيئية'],arab,0,article
ar,"واقع التنمية السياحية المستدامة في الجزائر :دراسة حالة ""ولاية المسيلة""",2020,Alternatives Managériales Economiques,نسيمة لخضاري; سفيان فكارشة; نعيمة سماعيني,10.48374/imist.prsm/ame-v2i1.19453,https://openalex.org/W3004517879,['التنمية السياحية'],arab,0,article
ar,تأثير الصعود الصيني علي تغير هيكل النظام العالمي,2023,المجلة العلمية للدراسات التجارية والبيئية,كمال الدين طارق شوكت; محمد بهاء الدين الغمري; رنا محمد عبدالعال,10.21608/jces.2023.324017,https://openalex.org/W4388613145,['مبادرة الحزام والطريق'],china,0,article
ar,"نظام الإدارة البيئية المتكاملة للمناطق السياحية:, مدخل لتحقيق السياحة البيئية المستدامة في الجزائر",2020,مجلة دراسات وأبحاث,سناء بولقواس,10.35157/0578-012-004-004,https://openalex.org/W3094005264,['السياحة البيئية'],arab,0,article
ar,التراث الجیومورفولوجی کمقوم جذب للسیاحة فی الشمال الغربی للمملکة العربیة السعودیة: دراسة میدانیة لوادی الدیسة بمنطقة تبوک,2021,The Egyptian Journal of Environmental Change,,10.21608/egjec.2021.196332,https://openalex.org/W4200207089,['السياحة البيئية'],arab,0,article
ar,تحليل الآثار الاقتصادية للتلوث في ليبيا,2020,,مفتاح المبروك ميلاد علي,10.35778/1756-000-014-005,https://openalex.org/W4411882920,['الآثار'],arab,0,article
ar,أثر توظيف الرحلات المعرفية عبر الويب كويست في تنمية المفاهيم الرياضية لطلبة الصف السابع الأساسي في وحدة الهندسة في مدارس اليمن,2019,دراسات - العلوم التربوية,بشرى محمد رسخان القادري; عبدالمهدى على سعد الجراح,10.35516/0102-046-001-038,https://openalex.org/W3093334211,['الرحلات'],arab,0,article
ar,دراسة حالات,2017,Dépôt Institutionnel de lUniversité de Tlemcen,Kada Lebter,,https://openalex.org/W7135343350,['المعالم الأثرية'],arab,0,dissertation
ar,تجارب بعض الدول العربية في صناعة السياحة الصحراوية,2015,مجلة دفاتر البحوث العلمية,عطية الجيار,10.37218/1426-000-006-007,https://openalex.org/W2996911221,"['السياحة الصحراوية', 'صناعة السياحة']",arab,0,article
ar,دور الحج في إثراء الحياة العلمية بمكة في العصر العثماني ((923هـ ــ 1334هـ)),2012,Mağallaẗ Markaz Saleh lil-iqtiṣād Al-Islāmī,أمال رمضان عبد الحميد,10.21608/skjaz.2012.356641,https://openalex.org/W4399315131,['الحج'],arab,0,article
ar,واقع السياحة العلاجية الطبيعية في الجزائر : دراسة حالة الحمامات المعدنية,2012,Revue Les Cahiers du POIDEX,سيدي محمد بن اشنهو; زكية قصاص,,https://openalex.org/W2962773923,['السياحة العلاجية'],arab,0,article
ar,التخفيف من تأثير التسكع الإلكترونى على أداء الموظفين في قطاع الضيافة والسياحة: أدوار التعاون بين البشر والذكاء الإصطناعى واليقظة الذهنية,2025,مجلة کلية السياحة والفنادق - جامعة مدينة السادات,إسراء أحمد أحمد عبدالمجيد; طارق جلال صقر; شيرين محمد أحمد; أسماء على إبراهيم شجاع,10.21608/mfth.2025.445394,https://openalex.org/W4413171682,['الضيافة'],arab,0,article
ar,Design dialogue is a cognitive accompaniment in the designs of interior spaces(As a case study of the hospitality hall in Qasr Al Watan - Abu Dhabi (UAE),2024,Al-academy,Mohamed Jarallah Tawfik,10.35560/jcofarts1490,https://openalex.org/W4402822012,['الضيافة'],arab,0,article
ar,الآثار المتوقعة للتغير المناخي على الإنتاج الحيواني في اليمن - نظرة عامة,2022,مجلة العلوم الزراعية والبيئية والبيطرية,عبدالكريم عبدالمجيد عماد; يورجن تسنتك,10.26389/ajsrp.k180422,https://openalex.org/W4283790575,['الآثار'],arab,1,article
ar,""" الاضطرابات النفسیة الشائعة لدى الحجاج والبرامج الارشادیة والعلاجیة المصاحبة (دراسة وصفیة تشخصیة) """,2017,دراسات عربية في التربية و علم النفس,سمیة شرف,10.21608/saep.2017.24602,https://openalex.org/W2914795021,['الحج والعمرة'],arab,0,article
ar,الدور الوسيط للطعام الشعبي الليبي في العلاقة بين التسويق الإعلامي وتحقيق التنمية السياحية المستدامة,2025,مجلة الإعلام والفنون العلمية الإلكترونية المحكمة,د.ناصر الغزواني; د. عبد الكريم الشوبكي,10.64095/jma.v4i12.268,https://openalex.org/W4412806542,['التنمية السياحية'],arab,0,article
ar,تقریر مأمور القنصلیة الملکیة المصریة بجدة / مصطفى محمد أفندی عن الحج,2016,حولیة کلیة اللغة العربیة بالزقازیق – جامعة الأزهر,أیمن زامل,10.21608/bfla.2016.11058,https://openalex.org/W2886901316,['الحج'],arab,0,article
ar,استدعاء التراث الدینی فی المقالة السعودیة (حسن الهویمل أنموذجا),2023,مجلة الآداب والعلوم الإنسانية,غانم سلیمان علی الغانم,10.21608/fjhj.2023.174903.1393,https://openalex.org/W4361014303,['التراث'],arab,1,article
ar,الابعاد السياسية والاقتصادية للعلاقات العربية الصينية في ضوء مبادرة الحزام والطريق الصينية خلال الفترة 2013-2021,2024,Dirasat Human and Social Sciences,Gazi Mohammed Sammour Khsabah; Mohammed Torki Bani Salameh,10.35516/hum.v51i3.4198,https://openalex.org/W4399177450,['مبادرة الحزام والطريق'],both,1,article
ar,دور الرقیق خلال رحلات الحج الملکیة فی السودان الغربی عصر مملکتی مالی وصنغی,2020,مجلة الدراسات التاريخية والحضارية المصرية,بطل شعبان محمد غریانی غریانی,10.21608/jhse.2020.37165.1035,https://openalex.org/W4247874454,['الحج'],arab,0,article
ar,الرقمنة والتحليل النصي: دراسة تطبيقية,2026,مجلة دراسات في التاريخ والآثار,م.د. بشرى عناد محمد,10.65074/hch5qj61,https://openalex.org/W7124692923,['المتاحف'],arab,0,article
ar,استراتیجیة للحفاظ على الحرف التقلیدیة المصریة وترویجها,2018,مجلة العمارة والفنون والعلوم الإنسانية,احمد عبد الرازق,10.21608/mjaf.2018.20426,https://openalex.org/W2905131330,['التراث الثقافي'],arab,1,article
ar,رحلة الحج إلى رحاب مكة وأثرها في اللقاء والسماع بين الرواة,2022,Mağallaẗ Al-Dirāsāt Al-ʿarābiyyaẗ/Mağallaẗ Al-Dirāsāt Al-ʿarābiyyaẗ,إبراهيم خليل أحمد بني سلامه,10.21608/dram.2022.257046,https://openalex.org/W4294096668,['الحج'],arab,0,article
ar,المتاحف الافتراضية والمتاحف الهجينة وتقنية الواقع الافتراضي مراجعة علمية,2025,Al-Mağallah Al-ʿarabiyyaẗ Al-Dawliyyaẗ Li Dirāsāt Al-Maktabāt wa Al-Maʿlūmāt,مروة محمد عبد المجيد خليل,10.21608/aijli.2025.380492.1088,https://openalex.org/W4411820584,['المتاحف'],arab,0,article
ar,أثر ركب الحج في بناء حضارة المجتمع الصحراوي الجنوب الغربي الجزائري نموذجا,2013,مجلة الخلدونية,برشان محمد,,https://openalex.org/W2911006951,['الحج'],arab,0,article
ar,تقییم عناصر التراث غیر الملموس فى المواقع الالکترونیة للمحافظات السیاحیة فی مصر,2019,المجلة الدولية للتراث والسياحة والضيافة,دولت شکرى; محمد أبوشوق; نانسى فوزى; هناء فاید,10.21608/jihtha.2019.77520,https://openalex.org/W3010687451,"['التراث الثقافي', 'السائحين', 'صناعة السياحة']",arab,0,article
ar,الآثار الاقتصادیة لتنمیة السیاحة العلاجیة فی مصر (دراسة میدانیة) The economic effects of the development of medical tourism in Egypt [ field study ],2018,المجلة العلمیة لقطاع کلیات التجارة,هیام سالم زیدان أحمد,10.21608/jsfc.2018.36884,https://openalex.org/W2956250761,['السياحة العلاجية'],arab,0,article
ar,"""الجرائم الماسة بالتراث الثقافي المادي الجزائري"" وفقا للقانون رقم 89-04 المتعلق بحماية التراث الثقافي",2021,مجلة القانون والأعمال,ليلى قايد,10.37324/1818-000-073-007,https://openalex.org/W4411878605,['التراث الثقافي'],arab,0,article
ar,تقييم أثر برامج تحفيز الطيران على زيادة الطلب للمقاصد السياحية المصرية,2024,"International Journal for Tourism, Archaeology and Hospitality",Moustafa Abo El Nile,10.21608/ijtah.2024.232759.1099,https://openalex.org/W4391725143,['السائحين'],arab,0,article
ar,الموروث الثقافي ودوره في التنمية السياحية المستدامة دراسة تطبيقية على مدينة كربلاء,2025,مجلة کلية السياحة والفنادق جامعة المنصورة,مصطفى عبدالصمد خيون; محمد أحمد عبداللطيف; رحاب محمود أحمد الشرنوبي,10.21608/mkaf.2025.486033,https://openalex.org/W7131358327,"['التنمية السياحية', 'السائحين', 'الموروث الثقافي']",arab,0,article
ar,شقافة هيراطيقية من عصر الرعامسة محفوظة بالمتحف المصري بالقاهرة (O. Cairo JE72457/ SR 1472),2022,Bulletin of the Center Papyrological Studies,مروة أحمد عويس,10.21608/bcps.2022.267832,https://openalex.org/W4308412356,['المتحف'],arab,0,article
ar,صناعة السياحة في الجزائر بين الواقع والمأمول دراسة تحليلية بإستخدام نوذج SWOT,2020,,نور الدين قرايري,,https://openalex.org/W3116018784,['صناعة السياحة'],arab,0,article
ar,التسويق السياحي كمتطلب إستراتيجي لتحقيق تنمية سياحية مستدامة في ظل سياسة التنويع الاقتصادي بالجزائر,2017,مجلة رماح للبحوث والدراسات,إيمان العلمي; عبود زرقين,10.12816/0034836,https://openalex.org/W2648530388,['التسويق السياحي'],arab,0,article
ar,المتحف كمساحة تمكين معرفي: إطار تطبيقي قائم على البرامج التعليمية لتنمية مهارات الأفراد ذوي الإعاقة المرئية بقطاع المتاحف- وزارة السياحة والآثار المصرية,2026,مجلة الدراسات الأثرية وتوثيق التراث,هبة سيد عبدالعزيز محمد,10.21608/jamdh.2026.485123,https://openalex.org/W7134269991,"['المتاحف', 'المتحف']",arab,0,article
ar,توظیف مفردات التراث الأردنی فی التصمیم الداخلی لوحدات الإقامة فی المنشآت السیاحیة,2021,مجلة العمارة والفنون والعلوم الإنسانية,محمد زعل الخطیب; محمد حسن امام; سارة فوزی,10.21608/mjaf.2021.82741.2389,https://openalex.org/W3186890869,['السائح'],arab,0,article
ar,رؤساء الهيئة الإسلامية العليا ببيت المقدس يقودون مقاومة الاحتلال: الشيخ الدكتور عكرمة صبري أنموذجا,2020,Journal of Islamicjerusalem Studies,Aziz AL-ASSA,10.31456/beytulmakdis.709685,https://openalex.org/W3038733236,['السائح'],arab,0,article
ar,أثر التحول الرقمي علي أداء شركات الطيران بعد جائحة كورونا,2024,مجلة کلية السياحة والفنادق - جامعة مدينة السادات,ميرنا سامي زكري; مروة فوزى عبدالوارث; بسام سمير الرميدى; هالة عبد الرحمن الرفاعي,10.21608/mfth.2024.353561,https://openalex.org/W4396757411,['الضيافة'],arab,0,article
ar,دور المتاحف فی الحفاظ على الهویة الثقافیة فی السودان The role of Museums in Preserving Cultural Identity in the Sudan,2019,The Conference Book of the General Union of Arab Archaeologists/The Conference Book of the General Union of Arab Archaeologists,ahmed hussein,10.21608/cguaa.2019.55717,https://openalex.org/W2990702388,['المتاحف'],arab,0,conference-paper
ar,الرؤیة الفلسفیة للموروث الثقافی و أثره على التجربة الفنیة للفنان عوض الشیمی والفنان صالح عبد المعطی,2019,مجلة العمارة والفنون والعلوم الإنسانية,أحمد عبدالحارس,10.21608/mjaf.2019.10812.1046,https://openalex.org/W2947355670,['الموروث الثقافي'],arab,0,article
ar,استكشاف العلاقة بين التمكين النفسي والأداء المستدام في شركات السياحة المصرية,2024,مجلة کلية السياحة والفنادق - جامعة مدينة السادات,محمد محمود مصطفي; تقي محروس فهمي; بسنت محمد صفوت,10.21608/mfth.2024.346834,https://openalex.org/W4393154700,['السفر'],arab,0,article
ar,"دور الذكاء الاصطناعي فى تعزيز تجربة السياحة لذوي الاحتياجات الخاصة في مصر ""دراسة استكشافية""",2025,مجلة کلية السياحة والفنادق - جامعة مدينة السادات,ياسمين حسن محمد; محمد عزت محمد; دينا أحمد محمد,10.21608/mfth.2025.472113,https://openalex.org/W4417533017,"['السائح', 'السائحين']",arab,0,article
ar,الشراکة المجتمعية المحلية کمدخل لتفعيل الاستثمار في مواقع التراث العمراني في المملکة العربية السعودية,2021,ERJ Engineering Research Journal,Waleed Alzamil,10.21608/erjm.2021.64010.1082,https://openalex.org/W3186260297,"['التراث', 'التنمية السياحية']",arab,1,article
ar,نهر أم الربيع: الذاكرة والتاريخ,2023,دورية کان التاريخية,جواد التباعي,10.21608/kan.2023.325811,https://openalex.org/W4389062629,['الموروث الثقافي'],arab,0,article
ar,فاعلية استخدام المتحف الافتراضي في تنمية بعض المفاهيم التاريخية والجغرافية لطفل ما قبل المدرسة,2017,Dirāsāt fi Al-Taʿlim Al-ʿālī,منصور إبراهيم عبد منصور إبراهيم عبد; منال أنور سيد عبد منال أنور سيد عبد; ابتهاج مصطفي علي ابتهاج مصطفي علي,10.21608/sihe.2017.204029,https://openalex.org/W4378604056,['المتحف'],arab,0,article
ar,محددات التعامل مع حملات التسویق السیاحی عبر البرید الالکترونی فی سوق السفر وأثرها فی الکلمة المنقولة الکترونیا: وجهة نظر المسافرین الاردنیین الى الخارج,2020,المجلة الدولية للتراث والسياحة والضيافة,أسعد حماد موسى أبورمان,10.21608/jihtha.2020.99684,https://openalex.org/W3040736567,"['التسويق السياحي', 'السفر']",arab,0,article
ar,التأثیر السیكولوجی للمفردات الشكلیة للعناصر التراثیة المصریه للترویج للإعلان السیاحی الثقافی,2022,مجلة الفنون والعلوم التطبيقية,ریهام محمد فهیم الجندى,10.21608/maut.2022.266041,https://openalex.org/W4312759630,['السياحة الثقافية'],arab,0,article
ar,دراسة تطبيقية لعلاج وصيانة بعض الأواني الفخارية المستخرجة من حفائر سقارة,2025,مجلة کلية الآثار جامعة القاهرة,محمد مصطفى; علي نادي; شريف عمر; حمدي محمد,10.21608/jarch.2025.403032,https://openalex.org/W4406273676,['المتاحف'],arab,0,article
ar,واقع السياحة في الجزائر وسبل ترقيتها,2024,مجلة دفاتر البحوث العلمية,سليمة عزيرو,10.37218/1426-012-001-038,https://openalex.org/W4411910510,['السياحة'],arab,0,article
ar,"المنجز السردي الما بعد الحداثي في الجزائر:, قراءة ثقافية في رواية أنا وحاييم للحبيب السائح أنموذجا",2023,,مراد شنافي,10.36058/1110-019-001-036,https://openalex.org/W4411785336,['السائح'],arab,0,article
ar,العلامة في التراث العربي الإسلامي,2015,Journal of University of Babylon for Pure and Applied Sciences,أمجد محمد حسن عبد الرحيم,,https://openalex.org/W3153210153,['التراث'],arab,0,article
ar,دراسة أثر المثلث الذهبى كميزة تنافسية للمقصد السياحى المصرى,2022,"International Journal for Tourism, Archaeology and Hospitality",محمد عيسى; هالة عبد المجيد; جيرمين عبد الكافى,10.21608/ijtah.2022.244458,https://openalex.org/W4285307465,['التنمية السياحية'],arab,0,article
ar,الخبز في مصر دراسة في التراث الثقافي والشعبي,2015,مجلة المعارف للبحوث والدراسات التاريخية,أشرف صالح; محمد سيد,,https://openalex.org/W2899825503,['التراث الثقافي'],arab,0,article
ar,"إدارة المعرفة الثقافية ودورها في تجسيد التنوع الثقافي للتراث المصري في مشاريع الاسكان القومي ""حياة كريمة""",2023,مجلة التراث والتصميم,رانيا مصطفي عبد اللطيف,10.21608/jsos.2023.202805.1387,https://openalex.org/W4378549321,['الموروث الثقافي'],arab,0,article
ar,الواقع الإفتراضى ودوره فى تنشیط السیاحة الترویحیة,2022,مجلة علوم الرياضة,سمر احمد التیجانى شعراوى یونس التیجانى,10.21608/ssj.2022.143073.1262,https://openalex.org/W4283206853,['السائح'],arab,0,article
ar,السياحة في الاقتصاد الوطني الجزائري: الإستراتيجية و الآثار,2020,مجلة البشائر الاقتصادية,نسيبة سماعيني; بوحفص حاكمي,,https://openalex.org/W3033340455,['الآثار'],arab,0,article
ar,تنمیة سیاحة القصور فى مصر,2022,مجلة کلية السياحة والفنادق جامعة المنصورة,کریستین صادق عوض کامل; رانیا محمد بهاء الدین; منى فاروق حجاج,10.21608/mkaf.2022.257814,https://openalex.org/W4295546848,['السائحين'],arab,0,article
ar,اللغة في التراث العربي (دراسة موجزة في ضوء كتاب المزهر للسيوطي),2018,Al-Ta rib Jurnal Ilmiah Program Studi Pendidikan Bahasa Arab IAIN Palangka Raya,Ubaidillah Ubaidillah; Farihah Farihah,10.23971/altarib.v6i2.1071,https://openalex.org/W2938827698,['التراث'],arab,1,article
ar,علاقة العمل التطوعي في الحج والعمرة بالصحة النفسية واتخاذ القرار المهني لدى عينة من شباب مدينة مكة المكرمة The relationship of volunteer work in Hajj and Umrah to mental health and professional decision-making among a sample of the youth of the Holy City of Makkah.,2024,Al-Mağallah Al-ՙilmiyyaẗ Li ʿulūm Al-Tarbiyyaẗ Al-Nawʿiyyaẗ,مرام بنت علي الغامدي; هناء بنت صالح بازيدان; هديل بنت عبد الله أكرم,10.21608/sjsep.2024.397524,https://openalex.org/W4405658736,['الحج والعمرة'],arab,0,article
ar,التدريب السياحي كوسيلة لتنمية كفاءة الموارد البشرية في القطاع السياحي -مشروع تكامل للمملكة العربية السعودية نموذجا,2017,مجلة اقتصاديات الاعمال والتجارة,خالد قاشي; رندة سعدي,,https://openalex.org/W2913768138,['السياحي'],arab,0,article
ar,الذاكرة في أدب الرحلات الحلم البوليفاري انموذجا,2023,Journal of the College of Education for Girls for Humanities,المدرس المساعد سليمة سوادي زغير,10.36327/ewjh.v5i28.12830,https://openalex.org/W4406790196,['الرحلات'],arab,0,article
ar,إمكانية تطبيق التسويق السياحي من منظور التنمية المستدامة وأثره على تحقيق ميزة تنافسية لوكالات السياحة والأسفار الجزائرية.,2016,Dépôt Institutionnel de lUniversité de Tlemcen,Mohamed Ouazzani,,https://openalex.org/W7135253666,['التسويق السياحي'],arab,0,dissertation
ar,آفاق تطوير السياحة البيئية في الجزائر,2014,مجلة رماح للبحوث والدراسات,عبود زرقين; أحسن العايب,10.12816/0013942,https://openalex.org/W2569756633,"['السياحة', 'السياحة البيئية']",arab,0,article
ar,جمالیات التشکیل الصوتی فی فواصل سورة الحج فی ضوء الدرس اللغوی الحدیث,2014,حولیة کلیة اللغة العربیة بجرجا,آمال البدری السید سالمان,10.21608/bfag.2014.21502,https://openalex.org/W2904560425,['الحج'],arab,0,article
ar,أفضل الممارسات البیئیة بالمنشآت السیاحیة والفندقیة ودورها فی اختیار السائح لمصر كمقصد سیاحی,2022,المجلة الدولية للتراث والسياحة والضيافة,نهلة محمد محسن; فاروق عبد النبی عطاالله; مروة صلاح قاعود,10.21608/jihtha.2022.288003,https://openalex.org/W4322751660,"['السائح', 'السائحين', 'السياحة البيئية']",arab,0,article
ar,تنشيط السياحة الداخلية كمؤشر لرفع التنافسية السياحية بالجزائر,2019,مجلة الاجتهاد للدراسات القانونية والاقتصادية,ميلود شعلال; محمد راتول,10.36540/1914-008-003-012,https://openalex.org/W3092793940,"['السياحة', 'السياحية']",arab,1,article
ar,نماذج مختارة من المباخر المعدنية الاسلامية,2020,مجلة دراسات في التاريخ والآثار,عمار شاكر عبيد; أ.م. د. فاروق محمد علي,10.65074/dcx1nj70,https://openalex.org/W7134270008,['المتحف'],arab,0,article
ar,واقع آليات تمويل الاستثمارات السياحية ودورها في تطوير الصناعة السياحية بالجزائر,2017,,حياة نجار,,https://openalex.org/W2920157213,['السياحية'],arab,0,article
ar,علاقة التراث الثقافي بالتنمية السياحية بالجزائر: الحظيرة الثقافية للأهقار نموذجا,2022,مجلة التمكين الاجتماعي,Hassane Hamel; Bououchma Elhadi,10.34118/sej.v4i4.2771,https://openalex.org/W4404623688,['التراث الثقافي'],arab,0,article
ar,دراسة تحليلية للحجج في البطولة الدولية لمناظرات الجامعات باللغة العربية بالدولة-قطر سنة 2015 م,2022,LITTERATURA Jurnal Bahasa dan Sastra,Rico Andrian Manurung,10.15408/ltr.v1i2.28876,https://openalex.org/W4385355826,['التبادل الثقافي'],arab,0,article
ar,إسهام استراتيجيات التسويق السياحي في تفعيل السياحة بالوطن العربي,2018,مجلة الامتياز لبحــوث الاقتصاد والادارة,علام عثمان; تويزة بلقاسم,,https://openalex.org/W2912698662,['التسويق السياحي'],arab,0,article
ar,الرحلات العلمية بين الجنوب الشرقي الجزائري وتونس وأثرها في خصوصية التواصل بين المنطقتين,2012,,شترة خيرالدين,,https://openalex.org/W3163495759,['الرحلات'],arab,0,article
ar,"مشروع طريق (المريديان السريع) ""طريق الحرير الروسي"" أحد أهم المسارات تعزيز التقارب الاستراتيجي بين روسيا والصين ودعم التكامل الاقتصادي الإقليمي",2024,Afāq Asyawiyyaẗ,محمد فوزي حسن,10.21608/sis.2025.316405.1175,https://openalex.org/W4406286558,['طريق الحرير'],china,0,article
ar,دراسة التوقیت الأمثل لتناول الوجبات ارتباطا بالجهازالجارسمبتاوى (الساعة البیولوجیة) وصحة الجسم: (بالتطبیق على مؤسسات الضیافة),2017,مجلة کلية السياحة والفنادق - جامعة مدينة السادات,الفاطمة علی; أحمد علی,10.21608/mfth.2017.26106,https://openalex.org/W2917544562,['الضيافة'],arab,0,article
ar,رؤية مستقبلية لتطوير العلاقات الثقافية بين مصر واليابان,2024,Afāq Asyawiyyaẗ,زينب توفيق عليوة,10.21608/sis.2024.343492.1188,https://openalex.org/W4405813742,['التبادل الثقافي'],arab,0,article
ar,"""دور الفنانة التشکيلية في المنطقة الغربية في إثراء الحرکة التشکيلية""",2020,Maǧallaẗ Kulliyyaẗ Al-Tarbiyyaẗ Bil-Manṣūraẗ,دينــا بنت حامد بن مصطفى رجب,10.21608/maed.2020.177548,https://openalex.org/W3166478795,['المتاحف'],arab,0,article
ar,المناخ السياحي ومعوقاته في مدينة أربيل,2021,Al-Adab Journal,Rezhen Akram Qadir,10.31973/aj.v1i137.939,https://openalex.org/W3174421792,['السياحي'],arab,0,article
ar,آليات التحول نحو الاقتصاد الأخضر لتعزيز تنافسية المقصد السياحي المصري بالتطبيق على مدينة شرم الشيخ,2024,مجلة کلية السياحة والفنادق جامعة المنصورة,طـــارق على السيـــد سليــم; ريهام ممدوح عبد المقصود; رانيا محمد بهاء الدين,10.21608/mkaf.2024.373363,https://openalex.org/W4401850331,['صناعة السياحة'],arab,0,article
ar,في الصين،عرض التراث الحي,2024,Risālaẗ al-Yūniskū,Guo Yi,10.18356/22203559-2024-4-8,https://openalex.org/W4404374125,['التراث'],china,0,article
ar,كيفية بناء وتشكيل بيئة الجاموس العراقي في قاعة معروضات المتحف (خزان الجاموس),2015,ALUSTATH JOURNAL FOR HUMAN AND SOCIAL SCIENCES,محمود حسين عبد الرحمن,10.36473/ujhss.v215i1.1503,https://openalex.org/W4214481803,['المتحف'],arab,0,article
ar,استراتيجيات إدراج معالم السياحة التراثية المنسية ضمن المسارات السياحية في مصر باستخدام الذكاء الاصطناعي (دراسة حالة لجامع القاضي شرف الدين بالقاهرة),2025,مجلة کلية السياحة والفنادق جامعة المنصورة,مروه حمدي طه ابراهيم; رانيا محمد السيد إمام,10.21608/mkaf.2025.455704,https://openalex.org/W4414885129,['السياحة التراثية'],arab,0,article
ar,"رقمنة التراث السوداني:, مكتبة جامعة الخرطوم ودورها في رقمنة التراث: مشروع رقمنة الرسائل الجامعية ETD",2015,,رضية أدم محمد; معتصم عبدالله مهدى,10.46673/1311-000-034-011,https://openalex.org/W3107113368,['التراث'],arab,0,article
ar,رحلة إلى الهند: انعكاسات ثقافية وجمالية عبر العصور,2025,المجلة العربية لعلوم السياحة والضيافة والآثار,أ ‏ شنيل,10.21608/kjao.2025.453343,https://openalex.org/W4414293809,['التبادل الثقافي'],arab,0,article
ar,"أثر مساهمة مؤثري منصات التواصل الاجتماعي على توجيه سلوك السائح الجزائري نحو السياحة الداخلية:, دراسة عينة من المتابعين",2023,مجلة دراسات اقتصادية,زهرة كمال; حنان شطيبى,10.46317/1423-010-001-014,https://openalex.org/W4411911275,['السائح'],arab,0,article
ar,التسويق السياحي و أثره على الطلب السياحي,2012,Dépôt Institutionnel de lUniversité de Tlemcen,Sahraoui Marouane,,https://openalex.org/W7135259674,"['التسويق السياحي', 'السياحي', 'صناعة السياحة']",arab,0,report
ar,دور التشريع السياحي في حماية السياحة البيئية في الجزائر,2023,مجلة دراسات وأبحاث,سمية يحياوي,10.35157/0578-015-003-016,https://openalex.org/W4411829281,['السياحة البيئية'],arab,0,article
ar,التغیرات الجیومورفولوجیة لسبخة الأصفر بالأحساء شرق المملکة العربیة السعودیة,2019,المجلة الجغرافية العربية,محمد عبد الحلیم حلمی نور الدین,10.21608/agj.2019.107307,https://openalex.org/W3049288170,['التنمية السياحية'],arab,0,article
ar,السياحة في الجزائر ومساهمتها في التنمية المستدامة,2022,مجلة العلوم الإنسانية,خالد أعميري; عامر عيسانى,10.35395/1728-009-002-041,https://openalex.org/W4411885617,['السياحة'],arab,0,article
ar,دور الأحداث السیاحیة فى ترویج السیاحة بالفیوم,2019,المجلة الدولية للتراث والسياحة والضيافة,دالیا ممدوح عبدالعظیم; سالى شریف محمد; غادة وفیق,10.21608/jihtha.2019.77526,https://openalex.org/W3012036434,"['السائحين', 'صناعة السياحة']",arab,0,article
ar,الشراكة الاستراتيجية الشاملة بين الصين -إيران: آفاق التعاون والتحديات المستقبلية,2024,The Journal of the Faculty of Economics and Political Science,غزلان محمود عبد العزيز,10.21608/jpsa.2024.384897,https://openalex.org/W4403357827,['مبادرة الحزام والطريق'],china,0,article
ar,نحو إستراتيجية مقترحة للتنمية السياحية المستدامة بدير الأنبا مقار,2025,Journal of Environmental Studies and Researches,هيثم طه; أسماء الأسرج; محمد خلاف,10.21608/jesr.2025.433071,https://openalex.org/W4411821454,"['التنمية السياحية', 'السياحية']",arab,0,article
ar,نماذج مختارة من المباخر الحجرية والفخارية الاسلامية,2020,مجلة دراسات في التاريخ والآثار,عمار شاكر عبيد; أ.م. د. فاروق محمد علي,10.65074/mezh3s75,https://openalex.org/W7133197624,['المتحف'],arab,0,article
ar,دور الاتصالات التسويقية المتكاملة في تحسين الصورة الذهنية للوجهة السياحية بالتطبيق على محافظتي البحر الأحمر وجنوب سيناء,2023,Mağallaẗ Al-ʿulūm Al-Idāriyyaẗ wa Al-Sīyāsiyyaẗ,محمد سعدالدين على,10.21608/mawa.2023.212288.1002,https://openalex.org/W4387038537,['السائحين'],arab,0,article
ar,عدة محقق التراث المالکی,2015,Mağallaẗ̈ Kulliyyaẗ Al-Dirāsāt Al-Islāmiyyaẗ wa Al-ʿarabiyyaẗ Lil-Banin Bil-Qāhiraẗ,د. عبدالرحمن الحقان,10.21608/bfsa.2015.9099,https://openalex.org/W2883191206,['التراث'],arab,0,article
ar,صندوقان کانوبيان في مخزن المتحف المصري بالقاهرة,2018,Maǧallaẗ Kulliyyaẗ Al-Aṯār Bi-Qinā - Ǧāmiʿāt Ǧānūb Al-Wādi,أبوبکر عبدالسلام,10.21608/mkaq.2018.157282,https://openalex.org/W3138077379,['المتحف'],arab,0,article
ar,التراث الطبيعي والثقافي واهميته السياحية في ميسان جنوب شرقي العراق,2019,Al-Adab Journal,Aqeel A. Al-Zubaidi; Safaqis Q. Hadi; Jasib S. Al-Marsoumi; Khadir A. Al Kinani,10.31973/aj.v1i131.709,https://openalex.org/W3009068027,['السياحة البيئية'],arab,0,article
ar,تطور حی الظاهر بین الإمکانات التراثیة والقیود البیئیة,2018,مجلة البحث العلمي في الآداب,علاء محمد,10.21608/jssa.2018.29875,https://openalex.org/W2939477580,"['المعالم الأثرية', 'الموروث الثقافي']",arab,1,article
ar,دراسة لبعض القطع الفخاریة غیر المنشورة والمحفوظة فی متحف الآثار التعلیمی بكلیة الآداب - جامعة الإسكندریة,2022,مجلة کلية السياحة والفنادق جامعة المنصورة,هبة نعیم سامی جید,10.21608/mkaf.2022.259483,https://openalex.org/W4295540744,['المتحف'],arab,0,article
ar,تفعيل المحميات الطبيعية كبديل استراتيجي لترقية السياحة البيئية ودعم التنمية المستدامة بالجزائر,2020,,محمد زبير; مراد بريك; فتيحة بوزيان,,https://openalex.org/W3128055520,['السياحة البيئية'],arab,0,article
ar,مبخرة حجرية من مقتنيات المتحف الوطني بصنعاء (دراسة تحليلية أثرية),2025,مجلة جامعة صنعاء للعلوم الإنسانية,نوال أحمد أحمد العرشي,10.59628/jhs.v4i8.1775,https://openalex.org/W4413828727,['المتحف'],arab,0,article
ar,التعاون بين الصين والدول العربية في نشر الكتب: بناءعلى منهجية تحليل الشبكات الاجتماعية,2025,مجلة کلية التربية بدمياط,نيه مينغ جون,10.21608/jsdu.2025.375747.1568,https://openalex.org/W4412358725,['التعاون الصيني العربي'],both,0,article
ar,"واقع وآفاق التنمية السياحية في ظل التحديات الراهنة:, حالة الجزائر",2010,مجلة المعيار,خيثر هواري,10.54191/2320-000-002-014,https://openalex.org/W4411764821,['التنمية السياحية'],arab,0,article
ar,الخصائص الاقتصادية والاجتماعية لسياح ساحل منطقة عسير,2021,مجلة العلوم التربوية و الدراسات الإنسانية,فايز محمد مشبب آل سليمان; سعد جبران بن هادي القحطاني; مارش احمد سعيد العديني; روان بنت حسين بن جمعان الزهراني,10.55074/hesj.v7i16.274,https://openalex.org/W3179284708,['الحج والعمرة'],arab,0,article
ar,"واقع وتحديات مرتكزات صناعة السياحة مع الإشارة إلى إسهاماتها في الاقتصاد:, دراسة حالة الجزائر",2016,مجلة الإدارة والتنمية للبحوث والدراسات,إبراهيم بوناب محمد أمين,10.51991/2230-000-010-012,https://openalex.org/W4248795347,['صناعة السياحة'],arab,0,article
ar,""" الفنادق العضویة فى مناطق السیاحة البیئیة المصریة الصحراویة دراسة حالة على المنهاج الفکریة و آلیات التطبیق """,2016,Journal of Al-Azhar University Engineering Sector,رضا حماده; و علاء الدین إبراهیم; وهشام محمد,10.21608/auej.2016.19321,https://openalex.org/W2900680803,['السياحة البيئية'],arab,0,article
ar,تطبيق خصائص المدينة الذكيه في البيئات الحضرية غير الذكية لتعزيز التجارب السياحية وتنمية المجتمع: دراسة حالة مدينة الإسكندرية - مصر,2024,المجلة العلمیة لکلیة السیاحة و الفنادق جامعة الأسکندریة,سمر القصراوي,10.21608/thalexu.2024.263674.1122,https://openalex.org/W4400385703,['صناعة السياحة'],arab,0,article
ar,الالتزام بضمان السلامة في عقد السياحة - دراسة تحليلية مقارنة بين القانون القطري والقانون الفرنسي.,2020,DOAJ (DOAJ: Directory of Open Access Journals),جابر علي محجوب; صابر بن علي القديري,,https://openalex.org/W4405393695,['السائح'],arab,0,article
ar,دراسة اثر تداعیات فیرس كرونا علی الطلب السیاحی المصری,2021,المجلة الدولية للتراث والسياحة والضيافة,صباح محمد محمود ابراهیم; مهاب حسین شفیق البشبیشی,10.21608/jihtha.2021.281957,https://openalex.org/W4318811889,['صناعة السياحة'],arab,0,article
ar,الوظائف في بلاد الحجاز في القرنين السابع والثامن الهجري/ الثالث عشر والرابع عشر الميلادي,2025,Academic Journal of Research and Scientific Publishing,باحث ماجستير التاريخ الإسلامي، كلية الآداب والفنون، جامعة بيشة، المملكة العربية السعودية; أمجد الحربي; محمد الوجيه; أستاذ مشارك التاريخ الإسلامي، كلية الآداب والفنون، جامعة بيشة، المملكة العربية السعودية، وجامعة صنعاء، اليمن,10.52132/ajrsp/v6.72.4,https://openalex.org/W4409350317,['العمرة'],arab,0,article
ar,الآثار المحتملة من تطبیق معیار التقاریر المالیة (IFRS9) على أنظمة المعلومات المصرفیة,2019,الفکر المحاسبى,محمد المهدی الأمیر أحمد,10.21608/atasu.2019.38338,https://openalex.org/W2962667656,['الآثار'],arab,2,article
ar,اثر الطلب السياحي والاستثمار السياحي في تعزيز النمو الاقتصادي في العراق للمدة (1980-2020),2021,Economic Studies,يونس علي احمد استاذ مساعد; سازان امير رؤوف المدرس,,https://openalex.org/W3207686752,['السياحي'],arab,0,article
ar,دراسة تحلیلیة للخدمات الترویحیة لبعض مناطق سیاحة الآثار الغارقة بمحافظة الإسكندریة,2022,المجلة العلمية لعلوم التربية البدنية والرياضة المنصورة,سهام الفقی,10.21608/ejsk.2022.172146.1169,https://openalex.org/W4313475612,"['السياحة العلاجية', 'المتاحف']",arab,0,article
ar,""" الضيافة في القرآن الكريم والسنة النبوية دراسة بلاغية "" Hospitality In The Holy Quran And The Sunnah Of The Prophet A Rhetorical Study""",2024,مجــلة کلیة اللغة العربیة بأســیوط,عبد الرحيم إبراهيم الخطيب,10.21608/jfla.2024.324531.1449,https://openalex.org/W4405165061,['الضيافة'],arab,0,article
ar,سبل تطوير السياحة الجبلية لتسويقها سياحيا في اقليم كوردستان العراق,2020,Polytechnic Journal of Humanities and Social Sciences,عفاف یوسف نوری,10.25156/ptjhss.v1n2y2020.pp107-132,https://openalex.org/W3138008588,"['التنمية السياحية', 'السائحين']",arab,0,article
ar,دراسة أثرية عمرانية لميناء الإسکندرية وتطوره فى القرن التاسع عشر الميلادي,2021,Mağallaẗ Al-Dirāsāt Al-Insāniyyah wal-Adabiyyah /Mağallaẗ Al-Dirāsāt Al-Insāni yyaẗ wa Al-Adabiyyaẗ,د. احمد سعيد عثمان بدر,10.21608/shak.2021.151294,https://openalex.org/W3132620899,['السفر'],arab,0,article
ar,الفصل الثامن: الدعاية بواسطة الحج,2021,Centre français de recherche de la péninsule Arabique eBooks,لـــوك شـــانـــتر,10.4000/books.cefas.3492,https://openalex.org/W3184857383,['الحج'],arab,0,book-chapter
ar,إستخدام تحلیل الأهمیة والأداء لتحدید العوامل المؤثرة على الأحداث المستدامة: من وجهة نظر السائحین,2021,مجلة کلية السياحة والفنادق - جامعة مدينة السادات,مروة عبدالوارث,10.21608/mfth.2021.207406,https://openalex.org/W4206491969,['السائحين'],arab,0,article
ar,الجغرافيا السياحية في سلطنة عمان، محافظة ظفار أنموذجا,2019,المجلة العربية للدراسات الجغرافية,عيسى بن تمان العمري,10.21608/jasg.2019.54061,https://openalex.org/W2987499627,"['التنمية السياحية', 'السياحية']",arab,0,article
ar,تعزيز أداء الموظفين من خلال الابتكار في مكان العمل في صناعة الضيافة والسياحة: الدور المعدل لتبادل المعرفة,2025,مجلة کلية السياحة والفنادق - جامعة مدينة السادات,فتحية أبو سريع مصطفى; فاخورى شهدي أيوب; طارق جلال صقر; عايدة فايز صابر,10.21608/mfth.2025.427254,https://openalex.org/W4410470246,"['السفر', 'الضيافة', 'صناعة الضيافة']",arab,0,article
ar,دور الإنترنت في ترويج الخدمات السياحية : دراسة تطبيقية على المكاتب السياحية بالأردن,2017,المجلة العربية للعلوم و نشر الأبحاث,نور خلدون خليف المواجدة,10.12816/0036262,https://openalex.org/W2756267187,['السياحية'],arab,0,article
ar,الدبلوماسية والقوة الناعمة الصينية تجاه منطقة الشرق الاوسط بعد عام 2011م,2023,مجلة العلوم السياسية,اسراء خليل مجيد,10.30907/jcopolicy.vi66.681,https://openalex.org/W4388862870,['مبادرة الحزام والطريق'],both,0,article
ar,تأثير الممارسات البيئية في الرضا الوظيفي دراسة استطلاعية لاراء عينة من العاملين في هيئة السياحة العراقية في بغداد,2024,Journal of Administration and Economics,انسام وادي قدوري; مثنى معان أبراهيم,10.31272/jae.i144.1241,https://openalex.org/W4402566368,['السياحة'],arab,1,article
ar,آفاق جديده لتطوير السياحة الآثارية في السودان,2015,,إبراهيم موسى محمد,10.46673/1311-000-035-008,https://openalex.org/W3106918684,['السياحة'],arab,0,article
ar,القيم التشکيلية للعناصر الزخرفية في فن القط العسيري ومدى الإفادة منها في تأکيد الموروث الثقافي من خلال إعداد تصاميم طباعيه حديثه للمنسوجات.,2020,Maǧallaẗ Al-Funūn wa Al-ʿulūm Al-Insāniyyaẗ,,10.21608/mjas.2020.142218,https://openalex.org/W4249988672,['الموروث الثقافي'],arab,0,article
ar,مقومات التنمية السياحية واثرها في تحقيق التنويع الاقتصادي في العراق (السياحة الدينية انموذجا ),2020,Iraqi Journal of Economic Sciences,جامعة القادسية / كلية الادارة والاقتصاد; م. شذى سالم دلي,10.31272/ijes.2019.62.4,https://openalex.org/W3012762423,"['التنمية السياحية', 'السياحة الدينية']",arab,0,article
ar,نصوص مسمارية غير منشورة من العصر البابلي القديم مصادرة من المتحف العراقي,2020,,رغد جمال محمد غريب علي الجبوري,10.33953/0381-003-005-035,https://openalex.org/W4411837752,['المتحف'],arab,0,article
ar,الآثار الاقتصادیة للسیاحة فى مصر خلال الفترة 2004 - 2013,2015,المجلة العلمية للإقتصاد و التجارة,هناء عبدالعاطى حسن اسماعیل,10.21608/jsec.2015.163910,https://openalex.org/W3156961074,['التنمية السياحية'],arab,0,article
ar,أثر الموروث في اللاوعي الجمعي ودورهما في تلقي النص,2025,Humanitarian and Natural Sciences Journal,أمل محمود أبو عون,10.53796/hnsj610/14,https://openalex.org/W4414718742,['الموروث الثقافي'],arab,0,article
ar,استكشاف تأثير الذكاء الاصطناعي على تخصيص البرامج السياحية: الأدوار الوسيطة للجاهزية وجودة البيانات واتخاذ القرار في وكالات السفر ا لمصرية,2025,مجلة کلية السياحة والفنادق - جامعة مدينة السادات,احمد محروس خضير,10.21608/mfth.2025.446740,https://openalex.org/W4413171560,"['السائحين', 'السفر']",arab,0,article
ar,دراسة عناصر الاتصال التسويق السياحي الأكثر تأثيرا في تحسين الصورة الذهنية للسياحة الداخلية بالجزائر,2021,مجلة أبحاث ودراسات التنمية - Revue Recherches et Etudes en Développement -,محمد أمين رماس; زقاي حميدي; رجاء زواد,,https://openalex.org/W3197008464,['التسويق السياحي'],arab,0,article
ar,تطور شکل السکة الموحدية من خلال أربعة نماذج غير منشورة للدرهم المستدير,2012,دورية کان التاريخية,محمد موشموش,10.21608/kan.2012.104435,https://openalex.org/W2971427386,['المتحف'],arab,0,article
ar,دور المنتج الترویحی السیاحى فى صناعة حرکة السیاحة الترویحیة الوافدة الى جمهوریة مصر العربیة,2020,المجلة العلمية لعلوم وفنون الرياضة,رأفت عبد الرؤوف محمد أحمد بکرى,10.21608/ijssaa.2020.36537.1236,https://openalex.org/W3099636696,['السائحين'],arab,0,article
ar,تنافسية القطاع السياحي في الجزائر ومتطلبات تطويره,2015,مجلة الاقتصاد و التنمية البشرية,زيدان زهية,10.35658/1445-000-011-040,https://openalex.org/W2586723778,['السياحي'],arab,0,article
ar,الرحلات العلمية من و إلى المغرب العربي و دورها في تنشيط الحركة العلمية و التعليمية بالمغرب العربي,2011,مجلة الممارسات اللغوية,صافية كساس,10.35269/1452-000-008-009,https://openalex.org/W2299821673,['الرحلات'],arab,0,article
ar,تقييم أعمال الترميم السابقة بجامع سامراء ذو الملوية بدولة العراق(234هـ -237هـ/ 848م -851م)، وفق الاشتراطات الدولية,2017,Maǧallaẗ Kulliyyaẗ Al-Aṯār Bi-Qinā - Ǧāmiʿāt Ǧānūb Al-Wādi,عصام حشمت,10.21608/mkaq.2017.158298,https://openalex.org/W3136949338,['المعالم الأثرية'],arab,0,article
ar,الآثار والهوية في الوطن العربي,2020,المجلة العربية للعلوم الإنسانية,أحمد سعيد; سلطان الدويش; السيد محفوظ; نعمان محمود أحمد جبران; فهد الوهيبي,10.34120/0117-038-150-009,https://openalex.org/W3082477654,['الآثار'],arab,0,article
ar,الإعلام المتخصص ودوره فـي تنمية السياحة البيئية فـي الجزائر. -دراسة وصفية في إطار صياغة إستراتجية إعلامية وطنية –,2018,مجلة البحوث العلمية في التشريعات البيئية,أمينة بكار; سميرة كتفي,,https://openalex.org/W2883948735,['السياحة البيئية'],arab,0,article
ar,Analaysis of Students Need To Develop A Speaking Skill Textbook Based On A Communicative Approach/ احتياجات الطلاب إلى تطوير الكتاب المدرسي لمهارة الكلام المستند إلى المنهج الاتصالي,2022,Jurnal Al-Maqayis,Rojja Pebrian; Saproni Saproni; Alfitri Alfitri,10.18592/jams.v9i1.5168,https://openalex.org/W4281645969,['الحج والعمرة'],arab,0,article
ar,فاعلیة استخدام التعلم الإلکترونی التشارکی( المتزامن) فی تدریس القواعد النحویة على التحصیل والاتجاه نحوها لدى طلاب المرحلة الثانویة العامة,2020,مجلة التربية في القرن 21 للدراسات التربوية والنفسية,,10.21608/jsep.2020.84362,https://openalex.org/W4205538126,['الضيافة'],arab,0,article
ar,فندق رمسيس هيلتون فى القاهرة: تاريخ البناء لرمز من رموز القاهرة المعاصرة (1974-1982),2024,مجلة کلية السياحة والفنادق - جامعة مدينة السادات,أسعد عرفة زكى,10.21608/mfth.2024.343118,https://openalex.org/W4392626379,['صناعة السياحة'],arab,0,article
ar,الدور الثقافي والجمالي للتصوير الجداري علي الأبنية العامة دراسة تطبيقية بمدينة أسيوط ( معـرض منظـر ),2024,Maǧallaẗ Al-Funūn wa Al-ʿulūm Al-Insāniyyaẗ,سحر بطرس نجيب,10.21608/mjas.2024.330505.1276,https://openalex.org/W4405163344,['الموروث الثقافي'],arab,0,article
ar,منظور إنسانی فی التصمیم الداخلی لبهو الفنادق المعاصرة فی الشرق الأوسط: حالة فنادق الکویت الخمس نجوم,2021,مجلة العمارة والفنون والعلوم الإنسانية,فوزی الزامل,10.21608/mjaf.2021.89858.2439,https://openalex.org/W3200673525,['الضيافة'],arab,0,article
ar,دراسة قياسية لمسار التنمية السياحية وفق هيكل مؤشر تنافسية السفر و السياحة - دراسة حالة الجزائر و الإمارات العربية المتحدة (2001 - 2021),2023,Dépôt Institutionnel de lUniversité de Tlemcen,Asmaa Hadjira Sebbane,,https://openalex.org/W7135322929,"['التنمية السياحية', 'السفر', 'السفر والسياحة']",arab,0,dissertation
ar,الحماية القانونية للتراث الثقافي في التشريع المصري,2025,مجلة کلیة البنات الإسلامیة بأسیوط,حسن محمد عبد الموجود أحمد,10.21608/mkba.2025.415727,https://openalex.org/W4408172060,['التراث الثقافي'],arab,0,article
ar,نماذج من الأدوات الحجرية المستخدمة في الحياة اليومية في معابد اليمن القديم في فترة ما قبل الإسلام دراسة أثرية,2025,Journal Of Babylon Center for Humanities Studies,نوال أحمد أحمد العرشي,10.33843/1152-015-005-032,https://openalex.org/W4414965617,['المتاحف'],arab,0,article
ar,الرحلات الأوروبية مصدر لتاريخ الوطن العربي رحلة الدكتور شو انموذجا,2021,المجلة التاريخية الجزائرية,خميسي سعدي,,https://openalex.org/W3174835244,['الرحلات'],arab,0,article
ar,What Matters? Considering the Future of Cultural Heritage in Palestine,2010,Present Pasts,Nazmi Al-Ju’beh,10.5334/pp.21,https://openalex.org/W2150581487,['التراث الثقافي'],arab,0,article
ar,الإعلان التلفزيوني في الجزائر(نموذج الإعلان السياحي) سيميولوجيا,2015,Revue Sciences Humaines (Université des Frères Mentouri Constantine 1),مريم زعتر,,https://openalex.org/W2638894100,['السياحي'],arab,0,book
ar,دور تكنولوجيا التصميم الجرافيكي في عرض وتوثيق التراث - متحف جامعة أم القرى نموذجا,2025,مجلة العمارة والفنون والعلوم الإنسانية,أماني الثقفي,10.21608/mjaf.2025.412550.3802,https://openalex.org/W4414294378,"['السائح', 'المتاحف']",arab,0,article
ar,تحليل الآثار الجيوسياسية للمديونية في العراق,2025,مجلة كلية المأمون,شذى عبدالرحمان أسعد,10.36458/1253-000-044-010,https://openalex.org/W4414961576,['الآثار'],arab,0,article
ar,"التنمية السياحية المستدامة مسار نحو تنويع موارد الاقتصاد العراقي:, دراسة تحليلية",2020,مجلة رماح للبحوث والدراسات,إلهام خضير عباس شبر; إسراء سعد فهد سعود,10.33953/1371-000-045-004,https://openalex.org/W4411914507,['التنمية السياحية'],arab,0,article
ar,إدماج مفاهیم الاتصال التسویقی المتکامل من منظور اقتصادی فی تصمیم الإعلان السیاحی الداخلی (تطبیقا على إعلانات السیاحة التراثیة فی مصر),2021,مجلة العمارة والفنون والعلوم الإنسانية,هایدى یوسف ابو الغیط,10.21608/mjaf.2021.68040.2283,https://openalex.org/W3169333642,['السياحة التراثية'],arab,0,article
ar,دراسة تحلیلیة لأثر تداعیات فیرس كورونا علی الطلب السیاحی المصری,2021,المجلة الدولية للتراث والسياحة والضيافة,صباح محمد محمود إبراهیم; مهاب حسین شفیق البشبیشی,10.21608/jihtha.2021.286685,https://openalex.org/W4322752230,['صناعة السياحة'],arab,0,article
ar,الترويج الاعلاني واثره على قرار اختيار السائح للوجهة السيلحية بالجزائر حالة ولاية جيجل,2015,Revue des reformes Economique et intégration dans l’économie mondiale,مراد زايد; بلقاسم تويزة,,https://openalex.org/W2913331822,['السائح'],arab,0,article
ar,الشروط القانونية لاستغلال العقار السياحي في الجزائر,2014,revue critique de droit et sciences politiques,Benradja Rabya; صبايحي ربيعة,,https://openalex.org/W3096017092,['السياحي'],arab,0,article
ar,مدخل تطبیقی باستخدام فن الکولاج لتعزیز التراث فی الإعلان السیاحی,2019,مجلة العمارة والفنون والعلوم الإنسانية,شیماء صادق; منی عبد الرحیم,10.21608/mjaf.2019.11769.1129,https://openalex.org/W3136218126,['السائح'],arab,0,article
ar,دراسة مقارنة لنوعیات من النزل السیاحیة البیئیة (جمهوریة مصر العربیة - الإمارات العربیة المتحدة - جنوب أفریقیا),2019,International Journal of Development,هشام محفوظ,10.21608/jaid.2019.65005,https://openalex.org/W4244042545,"['السياحة البيئية', 'صناعة السياحة']",arab,0,article
ar,صون التراث الثقافي غير المادي في الأردن,2026,Maǧallaẗ Al-Turāṯ Al-ṮaqāfĪ.,سامرة -صبا المومني - القواسمة,10.21608/jhc.2026.503492,https://openalex.org/W7160774818,['التراث الثقافي'],arab,0,article
ar,"الإضاءة کأحد عناصر التخطيط المستدام لمتاحف الآثار المصرية Lighting as an Element of the Sustainable Strategy for Egyptian Antiquities Museums طارق کمال الدين عادلي ، رفيق رضا زارع موسى قسم الديکور , کلية الفنون الجميلة ، جامعة المنيا ، مصر",2021,Maǧallaẗ Al-Funūn wa Al-ʿulūm Al-Insāniyyaẗ,,10.21608/mjas.2021.177034,https://openalex.org/W4206901447,"['المتاحف', 'المتحف']",arab,0,article
ar,أثر بريخت في تشكيل الخطاب النقدي المسرحي العربي,2011,الخطاب,إسماعيل بن اصفية,,https://openalex.org/W2242762249,['الموروث الثقافي'],arab,0,article
ar,الاستثمار السياحي ضمن برامج ومخططات التنمية السياحية في الجزائر والآثار المترتبة عنها على مؤشرات التنمية الاقتصادية,2017,Mağallaẗ al-ՙulūm al-iqtiṣādiyaẗ wa al-tasyīr wa al-ՙulūm al-tiğāriyaẗ,بن منصور موسى,,https://openalex.org/W2772192106,['التنمية السياحية'],arab,0,article
ar,التسويق السياحي في الجزائر عبر مواقع التواصل الاجتماعي,2017,دراسات,إلهام نايلي,10.34118/0136-000-053-009,https://openalex.org/W2954831468,"['التسويق السياحي', 'السياحي']",arab,0,article
ar,لا جديد ، فلا تزال امريكا تحكم مصر,2012,,محمد سيف الدولة,,https://openalex.org/W2244753074,['السفر'],arab,0,article
ar,التطور التاريخي لقطاع السياحة في دولة الإمارات العربية المتحدة في عهد الشيخ خليفة بن زايد (2004 _ 2022م),2025,المؤرخ المصري,سيف الكتبي,10.21608/ehjc.2025.285517.1186,https://openalex.org/W4409436944,"['السائح', 'السائحين', 'الموروث الثقافي']",arab,0,article
ar,أثر النشاط السياحي على النمو الاقتصادي في ظل إستراتيجية تطوير السياحة الجزائرية,2018,مجلة العلوم الإنسانية,محمد الشريف منصوري,10.34174/0079-000-050-059,https://openalex.org/W2910436234,"['السياحة', 'السياحي']",arab,1,article
ar,نصوص مسمارية غير منشورة من العصر البابلي القديم في المتحف العراقي,2020,مجلة دراسات في التاريخ والآثار,م.م حسين محمد رضا,10.65074/8pmke579,https://openalex.org/W3170674299,['المتحف'],arab,0,article
ar,استثمار تقنيات الذكاء الاصطناعي بالمتاحف المصرية: دراسة استكشافية تخطيطية Investing in Artificial Intelligence Technologies in Egyptian Museums: A Planning Exploratory Study By: Somaya Sayed Mohamed,2024,بحوث في علم المکتبات والمعلومات,سمية سيد محمد عامر,10.21608/sjrc.2023.226741.1073,https://openalex.org/W4402458491,"['التراث الثقافي', 'المتاحف']",arab,0,article
ar,دور الإعلام السیاحی بالمواقع الإلکترونیة فی مواجهة أزمة السیاحة الحالیة بمصر,2020,مجلة کلية الآداب جامعة بنها,أمل صلاح عیسى,10.21608/jfab.2020.186012,https://openalex.org/W3185629578,['صناعة السياحة'],arab,0,article
ar,"إشکالیة تصنیف أبوللون کارنیوس - κάρνειος والحوریة کیرینى على النقود ""دراسة فى ضوء مجموعة غیر منشورة من المتحف المصرى بالقاهرة""",2020,أوراق کلاسيکية,نجلاء عزت,10.21608/acl.2020.89629,https://openalex.org/W3028276490,['المتحف'],arab,1,article
ar,تعزيز تجربة النزلاء والاستدامة في تصميم المراكز التجارية: دور اختيار المواد والتكامل البيولوجي.,2025,Al-Maǧallah Al-ʿarabiyyaẗ Al-Dawliyyaẗ Lil Fan wa Al-Taṣmīm Al-Raqamī,نور عبدالوهاب; ميرنا وليد; ايمان احمد السيد; انجي فتحي,10.21608/iajadd.2025.351301.1196,https://openalex.org/W4409848016,['الضيافة'],arab,1,article
ar,الاحتلال الإيطالي لليبيا وقانون حماية الآثار,2021,Journal of Human Sciences,يوسف صالح عبد السلام البغدادي,10.51984/johs.v19i2.1224,https://openalex.org/W4206018005,['الآثار'],arab,0,article
ar,مركز الزاوية الأسمرية للوثائق والمخطوطات وحفظ التراث ودوره في حفظ الموروث الثقافي الليبي,2024,مجلة الجامعة الأسمرية,فتحي سالم الزريقاني,10.59743/jau.v37i5.2141,https://openalex.org/W4406466320,['الموروث الثقافي'],arab,0,article
ar,تجليات التراث الشعبي في المسرح الجزائري,2016,مجلة جيل الدراسات الأدبية و الفكرية,صالح بو شعور محمد أمين,10.12816/0030240,https://openalex.org/W2550100206,['التراث'],arab,0,article
ar,التلقي في التراث النقدي العربي,2021,,مريم سالمي; العيد حنكة,,https://openalex.org/W3135924325,['التراث'],arab,0,article
ar,أهداف وطرائق جرد التراث الثقافي اللامادي في المغرب,2021,دورية کان التاريخية,المعطي بريان,10.21608/kan.2021.260853,https://openalex.org/W4297921349,['التراث الثقافي'],arab,0,article
ar,الفوائد والتحديات لاستخدامات الذكاء الاصطناعي في صناعة السياحة: رؤية تحليلية من وجهة نظر العاملين في شركات السياحة والفنادق,2024,مجلة کلية السياحة والفنادق - جامعة مدينة السادات,غادة محمود الإمام; مجدي عبد الرازق حسن,10.21608/mfth.2024.343226,https://openalex.org/W4392626390,"['السفر', 'السفر والسياحة', 'السياحة', 'الضيافة', 'صناعة السياحة']",arab,1,article
ar,"التسویق المجتمعی للمقصد السیاحی المصری کأداة لتعزیز الممارسات التسویقیه المستدامة "" بالتطبیق علی واحة سیوة """,2022,مجلة کلية السياحة والفنادق جامعة المنصورة,نسمة صبحی حسن الألفی; دعاء سمیر حزة; غادة علی حمود,10.21608/mkaf.2022.257838,https://openalex.org/W4295546913,['السائحين'],arab,0,article
ar,مستوى الدخل كأحد المقومات البشرية للسياحة الداخلية في قطاع غزة دراسة في جغرافية السياحة,2021,مجلة الجامعة الإسلامية للبحوث الإنسانية,عبد القادر ابراهيم حماد; عودة جميل الفليت,10.33976/iugjhr.v29i1.6439,https://openalex.org/W3118845929,"['السفر والسياحة', 'صناعة السياحة']",arab,0,article
ar,تأثير استخدام روبوتات الدردشة المدعومة بالذكاء الاصطناعي على نية السائح الشرائية,2025,مجلة کلية السياحة والفنادق - جامعة مدينة السادات,شمس حسن مندور,10.21608/mfth.2025.427749,https://openalex.org/W4410470398,"['السائح', 'السائحين', 'السفر والسياحة']",arab,0,article
ar,أثر استراتیجیات المواجهة على الضغط الوظیفی والتنقل المهنی للعاملین بالفنادق المصریة,2020,المجلة العلمیة لکلیة السیاحة و الفنادق جامعة الأسکندریة,Mohammed Elziny; Nancy Kamel,10.21608/thalexu.2020.36423.1025,https://openalex.org/W3120598872,"['الضيافة', 'صناعة الضيافة']",arab,0,article
ar,ابعاد مبادرة الحزام والطريق الصينية على منطقة الخليج العربي,2022,قضايا سياسية,هديل حربي ذاري; فكرت نامق عبد الفتاح,10.58298/202296,https://openalex.org/W4313116913,"['طريق الحرير', 'مبادرة الحزام والطريق']",both,0,article
ar,دور إدارات السیاحة المحلیة فی ترویج اقلیم شمال الصعید: دراسة تقیمیة من وجهة نظر المجتمع المحلی,2021,المجلة الدولية للتراث والسياحة والضيافة,معتز عبد الفتاح; سوزان بکرى; محمد أبوشوق,10.21608/jihtha.2021.211720,https://openalex.org/W4205877223,"['السائحين', 'السياحة البيئية']",arab,0,article
ar,متحف افتراضی لقطع ملبسیة مصریة اثریة مستنسخة,2022,مجلة البحوث فی مجالات التربیة النوعیة,سعد عبد الوهاب; یاسمین احمد محمود الکحکی,10.21608/jedu.2022.130609.1632,https://openalex.org/W4281249467,"['المتاحف', 'المتحف']",arab,0,article
ar,"""ظاهرة الاقتصاد الخفى"" الآثار وآلیات المواجهة",2020,المجلة القانونیة,أشرف إبراهیم عطیه,10.21608/jlaw.2020.141855,https://openalex.org/W3122028255,['الآثار'],arab,1,article
ar,أثر جرائم المال على صناعة السياحة فى مصر,2013,Journal of Association of Arab Universities for Tourism and Hospitality,Ibrahim Ahmed Ahmed Hammouda,10.21608/jaauth.2013.204515,https://openalex.org/W3213947492,['صناعة السياحة'],arab,0,article
ar,تشریعات حمایة العمالة والمسؤولیة الاجتماعیة للشركات فی السیاق المصری,2022,مجلة کلية السياحة والفنادق - جامعة مدينة السادات,محمد توفیق; محمد ابو طالب; عماد عبد العال; محمد فوزی عفیفی,10.21608/mfth.2022.271716,https://openalex.org/W4311077634,"['الضيافة', 'صناعة الضيافة']",arab,0,article
ar,عناصر التراث الثقافي اللامادي الجزائري ومنهجية صونه Elements of the Algerian intangible cultural heritage and its conservation methodology,2019,,حميدة سعاد,,https://openalex.org/W3093072906,['التراث الثقافي'],arab,0,article
ar,ترقية السياحة الفندقية في الجزائر,2019,مجلة دراسات وأبحاث,سامية قلوشة,10.35157/0578-011-004-014,https://openalex.org/W3092838880,['السياحة'],arab,0,article
ar,التنمية المحلية وانعكاساتها على السياحة الدينية (الكاظمية أنموذجا),2025,المجلة العربية لعلوم السياحة والضيافة والآثار,زهير سعدي حسون ‏ السعدي,10.21608/kjao.2025.453342,https://openalex.org/W4414294074,['السياحة الدينية'],arab,0,article
ar,دور الوكالات السياحية في تسويق الخدمات السياحية في الجزائر الديوان الوطني للسياحة كنموذج,2021,,إبتسام بلغربي; محمد راتول,,https://openalex.org/W3126736639,['السياحية'],arab,0,article
ar,السياحة و الآثار في القرآن الكريم,2022,Omdurman Islamic University Journal,عابدون مها تاج السر محمد,10.52981/oiuj.v4i1.1928,https://openalex.org/W4210370781,"['الآثار', 'السياحة']",arab,0,article
ar,دور الأحداث الخاصة فى تسویق المقصد السیاحى المصرى (بالتطبیق على مدینة الإسكندریة),2022,المجلة الدولية للتراث والسياحة والضيافة,علاء الدین أسامة عبد اللطیف,10.21608/jihtha.2022.271819,https://openalex.org/W4312428011,['السائحين'],arab,0,article
ar,"الآثار المتوقعة للهبة السكانية على النشاط الاقتصادي في الأردن، في المستقبل = The Expected Effects of the Demographic Gift on Economic Activity in Jordan, in the Future",2017,Jordan Journal of Applied Science-Humanities Series,عبد الحليم محمد جبران; ثائر أحمد أبو سليم,10.12816/0049094,https://openalex.org/W2896128599,['الآثار'],arab,1,article
ar,المتاحف الجزائرية بـيـن ثــقــافــة الاستهلاك وتذبذب الزوار,2014,معارف,حاج كولة غنية,,https://openalex.org/W2965724034,['المتاحف'],arab,0,article
ar,الاستفادة من بعض ألحان أغاني المناسبات الاجتماعية كوسيلة مساعدة لتدريس مقرر الصولفيج العربي,2025,مجلة علوم وفنون الموسيقى,امل محمد توفيق,10.21608/jfma.2025.328924.1970,https://openalex.org/W4406702819,['التراث الثقافي'],arab,0,article
ar,تنوع المنتج السیاحی الترویحی فی محافظتى البحر الأحمر وجنوب سیناء وأثره فی تنشیط حرکة السیاحة الترویحیة الوافدة الى جمهوریة مصر العربیة,2019,مجلة علوم الرياضة,رأفت عبد الرؤوف محمد أحمد بکرى,10.21608/ssj.2019.232492,https://openalex.org/W4286664410,['السائحين'],arab,0,article
ar,الكتابات الملكية السومرية على المخاريط الفخارية,2026,مجلة دراسات في التاريخ والآثار,خالد حيدر الحافظ,10.65074/zwzr3r19,https://openalex.org/W7154900790,['المتحف'],arab,0,article
ar,واقع السياحة في مدينة الناصرة في فلسطين,2019,مجلة جامعة فلسطين للأبحاث و الدراسات,نشات صرصور; إسماعيل ناصر عبدالله أبو عامود; زياد مفضي أيوب مخامرة; ضرغام عبداللطيف حسين شتية,10.34027/1849-009-002-008,https://openalex.org/W3026583618,['السياحة'],arab,0,article
ar,الرقص على دماء العرب,2013,,بركات شلاتوة,,https://openalex.org/W2261812353,['السفر'],arab,0,article
ar,دور التراث الثقافي في حفظ الهوية الثقافية العربية من وجهة نظر أعضاء هيئة التدريس في الجامعات الحكومية الأردنية,2019,social and human sciences review   مجلة العلوم الاجتماعية والانسانية,دكتورة رشا مقابلة; دكتورة شذى صخر,,https://openalex.org/W2951286834,['التراث الثقافي'],arab,0,article
ar,دراسة مقترحات البيع كأحد آليات التسويق بالعلاقات بالتطبيق على السوق السياحية الداخلية بالقاهرة والإسكندرية,2023,المجلة الدولية للتراث والسياحة والضيافة,شيماء شبانة سعد علي البنا; فارس عبدالله محمد مدني,10.21608/jihtha.2023.202267.1028,https://openalex.org/W4387622064,"['السائح', 'السائحين']",arab,0,article
ar,السياحة الصحراوية في الجزائر بين الواقع والمأمول دراسـة حالـة ولاية ورقلة خلال الفترة:2013 – 2017,2021,مجلة المنتدى للدراسات والابحاث الاقتصادية,محمد الهلة; أحمد بن مويزة; ادريس يحي,,https://openalex.org/W3177140992,['السياحة الصحراوية'],arab,0,article
ar,"الرحلات الاستكشافية مقاربة فكرية وحضارية:, الرحلات الأوروبية في الجزائر نموذجا",2015,دراسات تاريخية,ناصر الدين سعيدوني,10.37487/1421-000-005-006,https://openalex.org/W2904379777,['الرحلات'],arab,0,article
ar,"الاستراتيجية السياحية في تونس القائمة على تطوير السياحة العلاجية لتحقيق التنمية السياحية المستدامة ""2013-2018""",2020,مجلة الباحث الإقتصادي,نوفل سمايلي; فضيلة بوطرة,10.35391/1894-008-013-013,https://openalex.org/W3045721294,"['التنمية السياحية', 'السياحة العلاجية', 'السياحية']",arab,0,article
ar,الاستثمار السياحي في الجزائر الواقع والآفاق,2020,,الحسن الليني; عدنان زيادة; مسعود بكادي; مؤطر,,https://openalex.org/W3121039494,['السياحي'],arab,0,dissertation
ar,"""رعمسیس الثانی"", من جیرة ""باب الحدید"" إلى ضیافة المتحف ""المصری الکبیر""-دراسة سیمیوطیقیة",2014,Scientific Journal of October 6 University,أحمد عوض,10.21608/sjou.2014.33015,https://openalex.org/W2951749130,['المتحف'],arab,0,article
ar,التكيف عبر الثقافات: الطلاب الصينيون الدارسون بجامعة الإسكندرية نموذجا,2023,"Mağallaẗ Kulliyyaẗ Al-Adāb, Ǧāmiʿaẗ Al-Iskandariyyaẗ/Mağallaẗ Kulliyyaẗ Al-Adāb, Ǧāmiʿaẗ Al-Iskandariyyaẗ",فاطمة (SONG YANAN) (SONG YANAN); خالد ZHANG JUNBO,10.21608/bfalex.2023.294614,https://openalex.org/W4366832076,['مبادرة الحزام والطريق'],both,0,article
ar,استثمارات الاقتصاد الأخضر في مصر في ضوء مبادرة الحزام والطريق,2025,Afāq Asyawiyyaẗ,أحمد عبدالحافظ,10.21608/sis.2025.394562.1218,https://openalex.org/W4411821242,['مبادرة الحزام والطريق'],both,0,article
ar,المرأة العراقیة بین نمطیة الموروث الثقافی وحقوقها الدستوریة الحدیثة ( مدینة بغداد ومحیطها الریفی، بحث فی الانثروبولوجیا الثقافیة),2018,حوليات أداب عين شمس,ذکرى إبراهیم,10.21608/aafu.2018.25509,https://openalex.org/W2913606102,['الموروث الثقافي'],arab,0,article
ar,الفساد الإداري والمالي في العراق: الاشكالات- الآثار- المعالجات,2019,Al-Adab Journal,رغد علي حسن,10.31973/aj.v1i128.405,https://openalex.org/W2944775420,['الآثار'],arab,0,article
ar,تقويم الممارسات اليابانية في تطوير المؤسسات التعليمية,2026,المجلة العربية للعلوم التربوية والنفسية,وفية عثمان الصبحي; مها صالح ‏ اليحيان,10.21608/jasep.2026.476362,https://openalex.org/W7118900415,['التبادل الثقافي'],arab,0,article
ar,مذكرات سارة,2023,,Munther Younes; Makda G. Weatherspoon; Maha Saliba Foster,10.4324/9781351029506-114,https://openalex.org/W4367672884,['السفر'],arab,0,book-chapter
ar,Sustainable Management of the Green Economy and Its Role in Promoting Competitiveness with Egyptian Tourism Purposes الإدارة المستدامة للاقتصاد الأخضر ودورها في تعزيز التنافسية بالمقاصد السياحية المصرية,2023,Journal of Association of Arab Universities for Tourism and Hospitality,eslam elalamy; Miral Dewedar; Soad Mansour,10.21608/jaauth.2023.255622.1536,https://openalex.org/W4390497759,['السائحين'],arab,0,article
ar,أثر التغيرات المناخية على السياحة الدولية: دراسة حالة لصناعة السياحة والضيافة المصرية,2024,"International Journal for Tourism, Archaeology and Hospitality",Nahla Helmy,10.21608/ijtah.2023.185446.1038,https://openalex.org/W4391725227,"['السياحة', 'صناعة السياحة']",arab,0,article
ar,جهود الامارات العربية في الحفاظ على التراث الثقافي والمعماري استنادا على المواثيق والمعايير الدولية لحفظ التراث الثقافي,2023,Al-Adab Journal,محمود الشيخ ورق; منذر جمحاوي,10.31973/aj.v1i146.3889,https://openalex.org/W4386777660,['التراث الثقافي'],arab,0,article
ar,دور الإعلام السياحي في التنمية السياحية المستدامة في الجزائر,2018,مجلة الر سالة للدراسات والبحوث الإنسانية,حازم رشيدة,,https://openalex.org/W2911702326,['التنمية السياحية'],arab,0,article
ar,القات في اليمن (1762-1962م) نماذج من كتب الرحلات العربية والمعربة,2023,دورية کان التاريخية,أمة الغفور عبد الرحمن الأمير,10.21608/kan.2023.333031,https://openalex.org/W4390496979,['الرحلات'],arab,0,article
ar,الآثار المتوقعة للأزمة الروسیة الأوكرانیة على الاقتصاد المصری,2022,المجلة العلمية للإقتصاد و التجارة,عید رشاد عبد القادر,10.21608/jsec.2022.268729,https://openalex.org/W4308422114,['الآثار'],arab,0,article
ar,رؤية استشرافية لمساهمة قطاع السياحة في الاقتصاد الجزائري,2018,Dirassat Journal Economic Issue,Ahmed‎ Sellami,10.34118/djei.v9i2.171,https://openalex.org/W3157717917,['السياحة'],arab,0,article
ar,البرامج المخصصة للأطفال ذوي القدرات الخاصة في المتاحف مراجعة علمية,2023,مجلة بحوث الشرق الأوسط,ياسمين خالد محمد مصطفى; رؤوف هلال,10.21608/mercj.2023.207956.1452,https://openalex.org/W4378529875,['المتاحف'],arab,0,article
ar,السياحة البيئية في عقل نفود الثويرات بمحافظة الزلفي,2021,Maǧallaẗ Markaz Al-Buḥūṯ Al-Ǧuġrāfiyyaẗ wa Al-Kārtūğirāfiyyaẗ/Maǧallaẗ Markaz Al-Buḥūṯ Al-Ǧuġrāfiyyaẗ wa Al-Kārtūğirāfiyyaẗ,علي معيض القرني,10.21608/mkgc.2021.72827.1022,https://openalex.org/W3170786227,"['التنمية السياحية', 'السياحة البيئية']",arab,0,article
ar,أثر توظيف المتحف الافتراضي في تنمية التحصيل المعرفي ومهارة نقد اللوحات الفنية لدى طالبات الصف السادس الابتدائي في المدينة المنورة,2024,المجلة العربية للتربية النوعية,رهف سعيد سعد المحمدي; أمل بنت عائض الزهراني,10.21608/ejev.2024.384756,https://openalex.org/W4403359264,"['المتاحف', 'المتحف']",arab,0,article
ar,دراسة رضاء السائحین خلال زیارتهم لمدینة رشید التراثیة,2018,مجلة کلية السياحة والفنادق جامعة المنصورة,مصطفى محمد توفیق علی محمد; ولید سید أمین عبد الله; جیرمین حسین عبد الکافی; حسین عبد الرحیم علیوه,10.21608/mkaf.2018.108135,https://openalex.org/W3053540359,['السائحين'],arab,0,article
ar,مقومات السياحة وآليات الترويج- دراسة أنثروبولوجية,2024,Maǧallaẗ Ǧāmiʿaẗ Aswān Lil ʿulūm Al-Insāniyyaẗ/Maǧallaẗ Ǧāmiʿaẗ Aswān Lil ʿulūm Al-Insāniyyaẗ ,عبدالمنعم سلطان أحمد جيلاني,10.21608/masuh.2024.330827.1181,https://openalex.org/W4405672247,['السياحة'],arab,0,article
ar,"التسويق كآلية لتطوير خدمات المعلومات بالمكتبات:, مكتبات المتاحف الوطنية بولاية الجزائر نموذجا",2024,,عائشة سفيان تسوري; زهرة بوفجلين,10.37168/1957-008-002-029,https://openalex.org/W4412134187,['المتاحف'],arab,0,article
ar,أثر تسويق المحتوى في تحسين الصورة الذهنية لقطاع السياحة المصري,2018,المجلة العملیة التجارة والتمویل,آمنه أبو النجا محمد,10.21608/caf.2018.125964,https://openalex.org/W3217012068,['السياحة'],arab,3,article
ar,الجمود التنظيمي وأثره على أداء المؤسسات السياحية الدينية,2022,Al-Ghary Journal of Economic and Administrative Sciences,مروة عبد الكريم الزهيري; بشرى محمد سامي; كرار محمد مدلول,10.36325/ghjec.v18i00.15193,https://openalex.org/W4399712967,"['السياحة الدينية', 'السياحية']",arab,0,article
ar,نشر ودراسة لوحتين جنائزيتين من المتحف المصري الكبير (رقم GEM 14603 وGEM 4799),2026,مجلة الإتحاد العام للآثاريين العرب,رجب عبداللطيف; أحمد عبدالمنعم سيد أحمد,10.21608/jguaa.2026.482746.1438,https://openalex.org/W7168079052,['المتحف'],arab,0,article
ar,أثر تطبيقات تكنولوجيا الخدمات السياحية في تجربة السائح: دور كفاءة المرشد السياحي وجودة الخدمة كمتغيرات وسيطة في ظل التحول نحو السياحة الذكية في مصر,2026,مجلة کلية السياحة والفنادق - جامعة مدينة السادات,رانيا محمد السيد إمام; بسمة وحيد عيد الشناوي,10.21608/mfth.2026.520588,https://openalex.org/W7172340329,['السائح'],arab,0,article
ar,کوفید -19: استراتیجیات مقاومة الأوبئة للتنقل فی المدن السیاحیة الذکیة,2021,مجلة العمارة والفنون والعلوم الإنسانية,إیناس علام; شریف شتا; مدحت سمره,10.21608/mjaf.2020.46398.1938,https://openalex.org/W3120013753,['السفر والسياحة'],arab,0,article
ar,"الموروث الثقافي اللامادي بالجزائر العثمانية على ضوء المصادر الأوربية:, العادات والتقاليد أنموذجا",2017,مجلة عصور,منصور درقاوي,10.54239/2319-000-034.035-001,https://openalex.org/W3128454335,['الموروث الثقافي'],arab,0,article
ar,رصد البصمة الرقمية السياحية ومراكز الأنشطة السياحية من خلال بيانات التوسيم الجغرافي والبيانات المحددة للموقع: مدينة الإسكندرية كدراسة حالة,2024,مجلة کلية السياحة والفنادق - جامعة مدينة السادات,هبه عبد الكريم زيدان; أحمد أحمد هاشم,10.21608/mfth.2024.355069,https://openalex.org/W4399018349,['السياحية'],arab,1,article
ar,"التنمية السياحية وأثرها على النمو الاقتصادي في الجزائر وبعض الدول النامية خلال الفترة : "" 1995 – 2018"" Tourism development and its impact on algeria's long-term economic growth And some developing countries during the period: "" 1995 -2018"".",2021,,مولود كبير; إسماعيل قشام; عبد الحليم بن سعدة,,https://openalex.org/W3213049470,['التنمية السياحية'],arab,0,article
ar,أهمية الموروث الثقافي الجزائري في تحقيق السياحة الثقافية,2015,مجلة الحقوق والعلوم الانسانية,هامـــل مهديــة,,https://openalex.org/W2924631792,"['السياحة الثقافية', 'الموروث الثقافي']",arab,0,article
ar,دور المحميات الطبيعية فى التخفيف من التغير المناخى بالتطبيق على رأس محمد بالبحر الأحمر,2024,Mağallaẗ Al-Maʿhad Al-ʿālī Lil Dirāsāt Al-Nawʿiyyaẗ /Mağallaẗ Al-Maʿhad Al-ʿālī Lil Dirāsāt Al-Nawʿiyyaẗ,د.ميرفت حسين محمد حسانى خليل,10.21608/hiss.2024.293361.1351,https://openalex.org/W4399310460,"['السائح', 'صناعة السياحة']",arab,0,article
ar,"ترجمة تقريرا بعنوان: ""الحزام والطريق"" وتخطيط الصين الاستراتيجي من کتاب《一带一路从愿景到行动》للکاتب جاو که جين",2021,Afāq Asyawiyyaẗ,heba fawzy,10.21608/sis.2022.112574.1017,https://openalex.org/W4285380687,['مبادرة الحزام والطريق'],china,0,article
ar,السياحة الداخلية واثرها في النشاط السياحي في العراق بعد جائحة كورونا فايروس ( السياحة الزراعية نموذجا),2023,مجلة العلوم الأساسـية,م.د. زينب صادق مصطفى,10.31185/bsj.vol9.iss15.396,https://openalex.org/W4367354087,['السياحة'],arab,0,article
ar,التخطیط الاستراتیجی لمنطقة العقبة الأردنیة ودوره فی تحقیق التنمیة السیاحیة المستدامة,2020,مجلة کلية السياحة والفنادق جامعة المنصورة,جبریل عبد الکریم جبریل الخطیب; أحمد عادل حماد; دعاء سمیر محمد حزة,10.21608/mkaf.2020.153247,https://openalex.org/W3136607722,['التنمية السياحية'],arab,0,article
ar,في الترجمة الأدبية التراث الأدبي العربي,2021,مجلة آفاق علمية,هارون عيساوي,10.35554/1697-013-003-017,https://openalex.org/W3171920678,['التراث'],arab,0,article
ar,بنية الزمن في رواية ذنبون لون دمهم في كفي للروائي الجزائري الحبيب السائح,2015,مجلة جيل الدراسات الأدبية و الفكرية,شريط رابح,10.12816/0018739,https://openalex.org/W2324153513,['السائح'],arab,0,article
ar,استراتيجيات حديثة لشركات الطيران لتعزيز الميزة التنافسية: خدمات مبتكرة للنهوض بقطاع السياحة المصري,2020,المجلة الدولية للتراث والسياحة والضيافة,أحمد عبد الشافي سالم,10.21608/jihtha.2020.384465,https://openalex.org/W4403358110,['المتاحف'],arab,0,article
ar,حفائر رايزنر المنسية بالمساعيد ونجع الحي,2023,Mağallaẗ Ǧamʿiyyaẗ Turāṯ Miṣr,شريف عبد المنعم,10.21608/mgtm.2023.341393,https://openalex.org/W4392096864,['المتحف'],arab,0,article
ar,التحديات التي تواجه الحفاظ على التراث الثقافي النوبي بشمال السودان: دراسة ميدانية في الأنثروبولوجيا الثقافية,2018,مجلة الدراسات الأفريقية,محمد مسعد إمام عفيفي; سلوى يوسف درويش; سعد عبد المنعم بركة,10.21608/mafs.2018.242138,https://openalex.org/W4301015156,['التراث الثقافي'],arab,0,article
ar,الحوافز التشريعية للاستثمار في العقار السياحي وفقا للقانون الجزائري,2019,مجلة التعمير والبناء,لحاق عيسى; الدح عبد المالك,,https://openalex.org/W2953458309,['السياحي'],arab,0,article
ar,ضيفنا: سمير الصايغ: «الخط هو فن التجريد بامتياز»,2025,Risālaẗ al-Yūniskū,"United Nations Educational, Scientific and Cultural Organization",10.18356/22203559-2025-3-15,https://openalex.org/W4413273954,['المتحف'],arab,0,article
ar,التعلیم المعماری العلاقة التبادلیة بین عضو هیئة التدریس و الطالب ( دراسة نقدیة لثقافة الآجیال المتعاقبة ),2016,Journal of Al-Azhar University Engineering Sector,إسماعیل عامر,10.21608/auej.2016.19338,https://openalex.org/W2901940957,['السفر'],arab,0,article
ar,أثر تطبيق استراتيجية كايزن كإدارة للجودة على التمكين الوظيفي: منظور شركات السياحة,2024,مجلة کلية السياحة والفنادق - جامعة مدينة السادات,شاهيناز عبد العزيز; عزة ماهر خليل; رضا أبو زيد; محمد شعبان,10.21608/mfth.2024.399411,https://openalex.org/W4405798019,['صناعة السياحة'],arab,0,article
ar,THE ROLE OF ARTIFICIAL INTELLIGENCE IN THE PRESERVATION OF EGYPT’S CULTURAL HERITAGE AND ITS INFLUENCE ON ITS PERCEIVED IMAGE,2025,Al-Mağallah Al-ʿarabiyyaẗ Li Buḥūṯ Al-Itiṣāl wa Al-Iʿlām Al-Raqamī,روان طارق السباعي; سلمي محمد علي الدين,10.21608/ajscd.2025.353149.1076,https://openalex.org/W4411246079,['التراث الثقافي'],arab,0,article
ar,أدب الرحلة أدب الرحلات الحجازية الجزائرية في القرن الثامن عشر الميلادي أنموذجا,2021,,سالم بن لباد; سميرة مالكي,,https://openalex.org/W3137107575,['الرحلات'],arab,0,article
ar,واقع وآفاق السياحة في الجزائر وتنافسيتها بناء على تقرير تنافسية السياحة العالمي 2017,2018,الأفاق للدراسات الإقتصادية,Hamza Boukeffa; Ammar Zouda,,https://openalex.org/W2906494413,['السياحة'],arab,0,article
ar,"مشروع تطویر معمل قیاسات و تقییم تأثیر الملوثات البیئیة علی مقتنیات المتاحف والمناطق الأثریة والمکتبات و تأهیله للأعتماد الدولی""",2011,The Conference Book of the General Union of Arab Archaeologists/The Conference Book of the General Union of Arab Archaeologists,Bahaa Hassanin,10.21608/cguaa.2011.35324,https://openalex.org/W2956974269,['المتاحف'],arab,0,conference-paper
ar,القيادة التعسفية والسلوك غير الأخضر في قطاع الضيافة والسياحة بمصر: نموذج وساطة-معدل للانسحاب النفسي والمرونة النفسية,2025,مجلة کلية السياحة والفنادق - جامعة مدينة السادات,أحمد شاكر عبد العزيز; شيماء شبانة سعد على البنا; حازم أحمد خيرى; محمود أحمد محمد صالح,10.21608/mfth.2025.449592,https://openalex.org/W4414047083,['الضيافة'],arab,0,article
ar,لوحة جنائزية حرنخت فى متحف الإسماعيلية :( رقم. 3289),2023,مجلة کلية السياحة والفنادق - جامعة مدينة السادات,سمر محمد مصلح,10.21608/mfth.2023.329389,https://openalex.org/W4389573757,['المتحف'],arab,0,article
ar,أهمية الأنثروبولوجيا في تدبير الموروث الثقافي خدمة للتنمية المحلية,2023,مجلة دراسات إنسانية واجتماعية,تاجر مراد,10.46315/1714-012-002-012,https://openalex.org/W4411888125,['الموروث الثقافي'],arab,0,article
ar,دور العلاقات العامة بالقنصليات لتنمية السياحة و توطيد العلاقات ( القنصلية الصينية بالإسكندرية نموذجا),2024,Al-Mağallah Al-ʿarabiyyaẗ Li Buḥūṯ Al-Itiṣāl wa Al-Iʿlām Al-Raqamī,يارة عبدالعزيز ابراهيم,10.21608/ajscd.2024.347243,https://openalex.org/W4393148863,['التبادل الثقافي'],both,0,article
ar,الحماية الدولية للمقدسات الدينية,2024,مجلة البحوث الفقهية والقانونية,د.حمزه عبدالحفيظ مرسى بركات,10.21608/jlr.2024.324047.1549,https://openalex.org/W4403875098,['التراث الثقافي'],arab,0,article
ar,مقومات الجذب السیاحی فی مدینة الطائف,2019,مجلة بحوث کلية الآداب جامعة المنوفية,ریان محمد ناصر القویفلی,10.21608/sjam.2019.146747,https://openalex.org/W3130510810,['السفر والسياحة'],arab,0,article
ar,عادات وتقاليد فولبى والسياسات الثقافية والهوية الوطنية في موريتانيا Les Coutumes et Traditions Des Fulbe et Les Politiques Culturelles et L’identité Nationale En Mauritanie,2026,مجــلة کلیة اللغة العربیة بأســیوط,مَامُودُو كَانْ,10.21608/jfla.2026.487094.1847,https://openalex.org/W7163867856,['الموروث الثقافي'],arab,0,article
ar,"لوحة العام العاشر للإمبراطور ""تیبریوس"" بالمتحف المصری وأعماله فی قفط",2022,مجلة کلية الآثار جامعة القاهرة,مصطفى نجدى; عبد الرحمن علی,10.21608/jarch.2022.211906,https://openalex.org/W4205970458,['المتحف'],arab,0,article
ar,الحج بين شعائر الله وشعائر الجاهلية دراسة قرآنية,2023,الدرایة,أسامة عبد الرحمن المراكبي,10.21608/drya.2023.336022,https://openalex.org/W4390844918,['الحج'],arab,0,article
ar,نحو مقاربة ثقافية للتنمية السياحية في الجزائر,2017,مجلة العلوم الانسانية,حسان تريكي,10.37136/1003-000-046-044,https://openalex.org/W2997370214,['السياحية'],arab,0,article
ar,تأثير السياحة المفرطة على الاستدامة بالمقصد السياحي المصري,2024,المجلة الدولية للتراث والسياحة والضيافة,Hanan Gouda; وفاء عاطف عبد المقصود,10.21608/jihtha.2024.255151.1047,https://openalex.org/W4405958493,['السياحي'],arab,0,article
ar,وظيفة الاتصال ودورها في تطوير كفاءات المؤسسات السياحية دراسة حالة بعض المؤسسات السياحية بالغرب الجزائري,2016,Revue Organisation et Travail,حنان مزياني; عبد اللطيف شليل,,https://openalex.org/W2801510639,['السياحية'],arab,0,article
ar,دور الدهاقين السياسي والحضاري في المشرق الإسلامي خلال عصر الدولة العباسية (132 ـــ 447هـ/ 749 ـــ 1055م) The Political and Cultural Role of the Dehqans in the Islamic East during the Abbasid Era (132-447 AH / 749-1055 CE),2026,مجــلة کلیة اللغة العربیة بأســیوط,ضاحي أحمد عبد الفضيل محمد,10.21608/jfla.2026.514728,https://openalex.org/W7168090095,['التبادل الثقافي'],arab,0,article
ar,مكانة قطاع السياحة في الجزائر -الواقع والمأمول-,2018,مجلة الحقيقة,عبد القادر عبد الرحمان; بن عودة حساني,,https://openalex.org/W2915460336,['السياحة'],arab,0,article
ar,تأثير التقنيات الذكية على تحسين جودة الخدمات الخضراء بالتطبيق على خدمات الطيران : نحو سياحة ذكية مستدامة,2025,مجلة کلية السياحة والفنادق - جامعة مدينة السادات,إسراء رضا حسن فرحات; أسامة محمد محمد بسيوني; أسماء عبدالفتاح عبدالفتاح,10.21608/mfth.2025.438033,https://openalex.org/W4412360065,"['السفر', 'الضيافة']",arab,0,article
ar,تعزيز التبادل الحضاري والتعلم المتبادل والتكاتف من أجل بناء مجتمع مصير مشترك للبشرية,2022,Afāq Asyawiyyaẗ,Samy Yang,10.21608/sis.2022.151436.1037,https://openalex.org/W4313067490,['التبادل الثقافي'],both,0,article
ar,فن المناظرات في التراث العربي,2021,,ابتسام دهينة,,https://openalex.org/W3123506908,['التراث'],arab,0,article
ar,ادارة المصادر الاثارية في اقليم الشلال الثالث بشمال السودان ودورها في تنمية السياحة,2021,Journal of Faculty of Arts University of Khartoum,عبدالرحمن إبراهيم سعيد علي,10.53332/jfa.v42i.614,https://openalex.org/W4294858608,"['التنمية السياحية', 'صناعة السياحة']",arab,0,article
ar,توظيف التراث في شعر ابن الدمينة,2019,Journal of Education College Wasit University,وصال قاسم غباش,10.31185/eduj.vol3.iss3.927,https://openalex.org/W3006234471,['التراث'],arab,0,article
ar,السياحة الميسرة نمط جديد لترقية السياحة في الوطن العربي، مبادرات وجهود بعض الدول العربية (مصر ، لبنان، المغرب، دبي),2020,مجلة أبحاث ودراسات التنمية - Revue Recherches et Etudes en Développement -,زهرة سيداعمر,,https://openalex.org/W3134878139,['السياحة'],arab,0,article
ar,الآثار الاقتصادية للفساد وجهود مكافحته في الجزائر,2021,مجلة الإبداع,نصيرة هبري; هجيرة شيقارة,,https://openalex.org/W3217164610,['الآثار'],arab,0,article
ar,البحث في الجانب المظلم للتسويق الفيروسي عبر وسائل التواصل الاجتماعي : أدلة تطبيقية من الخدمات السياحية في العراق,2024,Al-Ghary Journal of Economic and Administrative Sciences,حسين علي عبد الرسول,10.36325/ghjec.v20i00.17021,https://openalex.org/W4401287929,['السائحين'],arab,0,article
ar,الدراسات الإسلامیة فی ألمانیا جسر ثقافی بین الشرق والغرب,2021,مجلة العمارة والفنون والعلوم الإنسانية,رشا زینهم,10.21608/mjaf.2020.30748.1626,https://openalex.org/W3125148978,['التراث الثقافي'],arab,1,article
ar,تأثیر تطبیق تقنیة الذكاء الإصطناعى على إدارة الموارد البشریة فى شركات السیاحة المصریة أ,2022,المجلة الدولية للتراث والسياحة والضيافة,إسلام السید حسین; حنان ماهر علی; مروة صلاح قاعود,10.21608/jihtha.2022.275942,https://openalex.org/W4313336692,['صناعة السياحة'],arab,0,article
ar,الآثار القانونية للتكيف الهيكلي في التجارة الدولية,2024,مجلة المثنى للعلوم القانونية والسياسية,مرتضى عبد الحمزة هاشم,10.52113/564,https://openalex.org/W7118245005,['الآثار'],arab,0,article
ar,نصوص من المتحف العراقي,2021,Al-Adab Journal,Hasan M. Hammoodi,10.31973/aj.v2i139.1732,https://openalex.org/W4200083706,['المتحف'],arab,0,article
ar,تكوين المجموعات المتحفية العمومية بالمغرب خلال فترة الحماية الفرنسية:الزربية المغربية نموذجا,2026,PRSM,خالد لوقيد,10.34874/prsm.-vol2iss61.65760,https://openalex.org/W7147459538,['المتاحف'],arab,0,article
ar,"مواجهــة المشــرع الإماراتــي للخطــورة الإرهابيــة بالمنــع مــن السفــر ""دراسة تحليلية""",2023,مجلة جامعة الشارقة للعلوم القانونية,حمدان البلوشي; عبدالإله النوايسة,10.36394/jls.v20.i4.13,https://openalex.org/W4391855666,['السفر'],arab,0,article
ar,التوجهات المقاولاتية والقطاع السياحي في الجزائر,2016,مجلة اقتصاد المال و الأعمال,صديقي وحيدة; حشروف فاطمة الزهراء,,https://openalex.org/W2991195715,['السياحي'],arab,0,article
ar,شخصية مصر فى الأدب العبرى الحديث صورة مصر في أدب الرحلات,2010,Lūġūs,زين العابدين أبوخضرة,10.21608/logos.2021.151037,https://openalex.org/W3134107575,['الرحلات'],arab,0,article
ar,مشاهد صراع لأربعة اختام اسطوانية من المتحف العراقي,2019,,م.م.محمد يوسف محمد الجبوري; د. فاتن منصور محمد الغانمي,,https://openalex.org/W3122382305,['المتحف'],arab,0,article
ar,"تمثال غیر منشور بتاح سوکر أوزیر ل ""تا خرت"" (المتحف المصری - SR. 6850)",2021,مجلة کلية السياحة والفنادق - جامعة مدينة السادات,هناء مختار البحیری; أسماء شریف الجزار,10.21608/mfth.2021.227675,https://openalex.org/W4225930628,"['المتاحف', 'المتحف']",arab,0,article
ar,الفأل والتطیر فی موروثنا الشعبی . مجموعة المتحف الوطنی للآثار القدیمة والفنون الاسلامیة.,2019,The Conference Book of the General Union of Arab Archaeologists/The Conference Book of the General Union of Arab Archaeologists,Mohammed Sahabi,10.21608/cguaa.2019.39053,https://openalex.org/W2956972624,['المتحف'],arab,0,conference-paper
ar,تجليات مفاهيم التداولية في التراث العربي,2014,Dépôt Institutionnel de lUniversité de Tlemcen,Abderrahman Bechelaghem,,https://openalex.org/W7135349477,['التراث'],arab,0,dissertation
ar,واقع قطاع السياحة في العراق وسبل النهوض,2020,مجلة المستنصرية للدراسات العربية والدولية,جواد كاظم حميد; محمد حسن عودة; حسين علي أحمد العامرى,10.35155/0965-000-072-008,https://openalex.org/W4411784344,['السياحة'],arab,0,article
ar,"السياحة العلاجية الطبيعية في الجمهورية اليمنية ( الواقع , والأهمية وأفاق التطور).",2024,الباحث الجامعي.,حسان علي الطامش,10.69844/81t7rj77,https://openalex.org/W4400273661,['السياحة العلاجية'],arab,0,article
ar,انتاج ملابس نسائية مقترحة للحج والعمرة تتمتع بجودة الأداء الوظيفي والجمالي,2020,International Journal on Humanities and Social Sciences,د. ثناء بنت مصطفى السرحان,10.33193/10.33193/ijohss.14.2020.124,https://openalex.org/W4251349412,"['الحج والعمرة', 'العمرة']",arab,0,article
ar,أربع زمزميات فخارية خاصة بمزار القديس مينا محفوظة بمتحف آثار ملوي بالمنيا,2019,Abīdūs /Abīdūs,احمد سيد الصاوي; اسامة مختار; اشرف البخشونجي,10.21608/abidus.2019.223380,https://openalex.org/W4252679455,['المتحف'],arab,0,article
ar,رؤية جديدة للسياحة البيئية في مصروطرق استدامتها تطبيقا علي بعض هذه المواقع البيئية,2024,مجلة العمارة والفنون والعلوم الإنسانية,ياسمين محمد,10.21608/mjaf.2024.247438.3258,https://openalex.org/W4392111423,['السياحة البيئية'],arab,0,article
ar,السياحة البيئية والاقتصاد الدائري في مدينة الكرك التاريخية,2023,Humanitarian and Natural Sciences Journal,خولة المهندي       راكز سالم العرود        جمال النوايسه,10.53796/hnsj41026,https://openalex.org/W4387526756,"['السياحة البيئية', 'السياحة المستدامة']",arab,0,article
ar,التعرض للدراما وعلاقته بمعلومات المراهقين عن التراث الثقافي المادي,2023,مجلة البحوث الإعلامیة,نسمة إمام سليمان حسين,10.21608/jsb.2023.221911.1623,https://openalex.org/W4387611836,['التراث الثقافي'],arab,0,article
ar,دراسة لمجموعة من البورسلين الصيني المحفوظة في متحف شانغهاي وتقليده في المتاحف المصرية,2025,Maǧallaẗ al-biḥūṯ wa Al-Dirasāt al-āṯāriyyaẗ,سارة محمد حسن حسين حسن حسين محمد,10.21608/archmu.2025.352748.1277,https://openalex.org/W4410936564,['المتاحف'],both,0,article
ar,السياحة البيئية في الواقع الفلسطيني بين المعوقات وفرص النجاح من وجهة نظر خبرائها (الضفة الغربية أنموذجا),2018,,دعاء يحيى زكريا صلاح; Duaa Yahya Zakareya Salah,,https://openalex.org/W3120612391,['السياحة البيئية'],arab,0,dissertation
ar,اعتقال خالدة جرار الاسباب والخلفيات,2015,,جادالله صفا,,https://openalex.org/W2940227701,['السفر'],arab,0,article
ar,النظام القانوني للاستدامة السياحية في الجزائر,2014,مجلة الحقوق والعلوم السياسية,درار نسيمة,,https://openalex.org/W2898158818,['السياحية'],arab,0,article
ar,أثر جائحة كوفيد-19 على السفر الجوي في سلطنة عمان وأسواق الطيران العالمية المرتبطة بها,2024,مجلة کلیة الآداب القاهرة,سناء سعيد; محمد المقري,10.21608/jarts.2024.291738.1472,https://openalex.org/W4400924654,['السفر'],arab,0,article
ar,السياحة الدينية كخيار لتنويع القطاع السياحي في الجزائر,2020,recherches économiques,بلال بشطة; عبد القادر بورمانة,,https://openalex.org/W3030947362,"['السياحة الدينية', 'السياحي']",arab,0,article
ar,قياس الصورة الذهنية لدولة مصر کوجهه سياحية من منظور السائحين وأثرها على محددات بناء علاقات طويلة الأجل,2017,المجلة العملیة التجارة والتمویل,علاء الدين على حسن الغرباوى,10.21608/caf.2017.128265,https://openalex.org/W4233954318,['السائحين'],arab,0,article
ar,أثر الإستثمار السياحي في تنويع مصادر الدخل في إقليم كوردستان العراق للسنوات 2003-2018,2021,Govara zanistîn mirovayetî ya-zankoya Zaxo,Bahram Salih; Ahmed Yasin Al-safar,10.26436/hjuoz.2021.9.3.711,https://openalex.org/W3206733402,['السياحي'],arab,1,article
ar,دور وأهمية المتحف فى حماية التراث المخطوط بالجزائر,2016,مجلة جيل العلوم الإنسانية والاجتماعية,عبدالكريم خبزاوي,10.33685/1316-000-024-004,https://openalex.org/W2940720215,['المتحف'],arab,0,article
ar,دور السياحة التراثية في تنمية الاقتصاد الجزائري:,2021,مجلة رماح للبحوث والدراسات,بن عبدالله بن ساحة,10.33953/1371-000-052-008,https://openalex.org/W3203570380,"['السياحة', 'السياحة التراثية']",arab,0,article
ar,الرحلات الاستشراقية و صورة الذات العربية : قراءة في صورة الحريم,2015,رؤى فكرية,بهاء بن نوار,10.12816/0026584,https://openalex.org/W2251714519,['الرحلات'],arab,0,article
ar,الإشارات والرمزیة من خلال مقتنیات المتحف المصری,2019,مجلة کلية السياحة والفنادق - جامعة مدينة السادات,غادة محمد; هدی قندیل; هشام زکی,10.21608/mfth.2019.71078,https://openalex.org/W3007161918,['المتحف'],arab,0,article
ar,تثمين السياحة البيئية للتنمية السياحية المستدامة مع الإشارة للتجربة المصرية,2022,مجلة البحوث الاقتصادية والمالية,عبدالوهاب شنیخر; حجاج عبدالحكيم,10.37164/2056-009-001-011,https://openalex.org/W4412117959,['السياحة البيئية'],arab,0,article
ar,خطة عملية متكاملة لإدارة خطر الكوارث على مواقع التراث الثقافي: حالة دراسية في الإقليم الساحلي السوري,2020,​​​​Arabian Journal of Scientific Research-المجلة العربية للبحث العلمي,حسين عزيز صالح,10.5339/ajsr.2020.2,https://openalex.org/W3010390389,['التراث الثقافي'],arab,0,article
ar,"دور الاستثمار السياحي في تنمية السياحة الدينية في السودان ""دراسة تطبيقة على ولاية الجزيرة""",2018,Route Educational and Social Science Journal,د. احمد علي عبدالله,10.17121/ressjournal.1054,https://openalex.org/W2790115117,['السياحة الدينية'],arab,0,article
ar,مقومات الاستثمار السياحي في الجزائر,2023,Journal of Law Society and Authority,Samia Samri,10.52919/lsa.v12i1.186,https://openalex.org/W4409243008,['السياحي'],arab,0,article
ar,Accessible Accommodation: Do Resorts in Egypt Provide Services and Facilities Required for Guests with Disabilities?,2018,مجلة کلية السياحة والفنادق - جامعة مدينة السادات,Khlloud Abd-Elraof; Abd-Elbary Dawood; Abuelkassem Mohammad,10.21608/mfth.2018.26249,https://openalex.org/W2917265620,"['السائحين', 'المنتجعات']",arab,9,article
ar,"تجسيد صورة الحيوان في التحف الأثرية الرومانية بالجزائر:, دراسة نماذج من المتحف الوطني للأثار القديمة",2024,,السعيد تريعة,10.51841/2159-007-002-035,https://openalex.org/W4412140460,['المتحف'],arab,0,article
ar,تطور تعليم اللغة العربية في الجامعات الصينية من منظور العلاقات الاقتصادية والتجارية الصينية العربية,2024,مجلة کلية التربية بدمياط,شه لي,10.21608/jsdu.2024.287463.1465,https://openalex.org/W4402091334,['طريق الحرير'],both,0,article
ar,"واقع ومقومات السياحة الصحراوية بالجنوب الغربي الجزائري:, حالة ولايتي بشار وأدرار",2018,,كلثوم صافي,10.37171/2054-002-003-004,https://openalex.org/W2969881002,['السياحة الصحراوية'],arab,0,article
ar,الآثار الإقتصادية للتجارة الخارجية بين مصر والكوميسا بإستخدام نموذج الجاذبية للتحليل المكانى [Economic Impact for Trade Between Egypt and COMESA By Using Gravity Model of Spatial Analysis],2011,,Emad Abd Elmessih Shehata,,https://openalex.org/W2266909543,['الآثار'],arab,1,article
ar,دراسة أثریة لمجموعة دنانیر من العصر الإسلامى تنشر لأول مرة,2020,المجلة الدولية للتراث والسياحة والضيافة,محمد سید توفیق حافظ; حسناء حسن حامد,10.21608/jihtha.2020.162506,https://openalex.org/W3153458719,['المتاحف'],arab,0,article
ar,تنظيم الجمعية السعودية لمرافق الإيواء السياحي,2014,Saudi Laws,,10.36757/boe-ar-005-003-007,https://openalex.org/W4255167411,['السياحي'],arab,0,article
ar,اطلالة على بعض المظاهر الاجتماعیة بالمدینة النبویة فى العصر العثمانى من خلال بعض کتب الرحلات,2013,مجلة کلية الآداب جامعة بنها,عواطف بنت محمد بن یوسف نواب. نواب,10.21608/jfab.2013.53391,https://openalex.org/W2981697969,['الرحلات'],arab,0,article
ar,أثر تبني تقنيات الواقع المعزز على نية الزيارة السياحية: دراسة تطبيقية على زوار المعالم السياحية المصرية.,2026,Al-Mağallah Al-Akādīmiyyaẗ Lil-ʿulūm Al-Iğtimāʿiyyaẗ,أسامة محمد مهدى مبارز; ندا يحي خليفه; رنا احمد سلامه الخولي,10.21608/ajss.2026.492002.1124,https://openalex.org/W7166845104,['السياحية'],arab,0,article
ar,مبادرة الحزام والطريق الصينية وتأثيرها في مكانة الصين الدولية,2023,مجلة المعهد,أ.م.د سليم كاطع علي,10.61353/ma.0060235,https://openalex.org/W4388759100,['مبادرة الحزام والطريق'],china,0,article
ar,الآثار البيئية للمولدات الاهلية في مدينة بغداد,2022,Al-Adab Journal,Safaqes qassim Hadi,10.31973/aj.v1i141.3685,https://openalex.org/W4282959695,['الآثار'],arab,1,article
ar,أحكام الحج للأستاذ بدي بن أحمدسالم (الشاه),2014,,Moderateur,,https://openalex.org/W2274900157,['الحج'],arab,0,article
ar,الرحلات البحرية المصرية من عصور ماقبل التاريخ الى نهاية مرحلة الدولة الوسطى,2020,مجلة مدارات تاريخية,بلعباس محفوظي,,https://openalex.org/W3126861721,['الرحلات'],arab,0,article
ar,"أثر آليات الذكاء الاصطناعي على سلوك السائحين ""دراسة تطبيقية على قطاع السياحة والآثار المصرية”.",2025,Al-Maǧallaẗ Al-Miṣriyyaẗ Lil Dirāsāt Al-Tiǧāriyyaẗ /Al-Maǧallaẗ Al-Miṣriyyaẗ Lil Dirāsāt Al-Tiǧāriyyaẗ,طلعت عبد الحميد; سحر حمدي محمد يوسف بدر,10.21608/alat.2025.487665,https://openalex.org/W7134247960,['السائحين'],arab,0,article
ar,تصور مقترح لإدارة وترشيد استهلاك الطعام في الحج لحماية صحة الحجاج وتقليل الهدر,2022,era Journal for Humanities and Sociology,د. سماح محمد سامي حمدان; أ.د. هالة عبدالرحمن خطاب; د. سجى أحمد البلوى; د. ماجدة محمد علي,10.33193/ejhas.4.2022.212,https://openalex.org/W4287378481,['الحج'],arab,0,article
ar,الموروث الثقافي بالمغرب بين إكراهات التنمية وتحدي الحفاظ,2022,Toubkal,عبد الحميد بوجداد,10.83129/toubkal-24716,https://openalex.org/W7166154673,['الموروث الثقافي'],arab,0,other
ar,"التأثيرات العثمانية على طريقي الحج الشامي والمصري "" دراسة مقارنة """,2019,Akademik Platform İslami Araştırmalar Dergisi,Mohammad Ali Al-ahmad,,https://openalex.org/W2954577566,['الحج'],arab,0,article
ar,دراسة سبل مواجهة تحدیات السیاحة الموسمیة: بالتطبیق علـى مرسى مطروح,2020,مجلة کلية السياحة والفنادق - جامعة مدينة السادات,عزة عبدالسلام,10.21608/mfth.2020.135486,https://openalex.org/W3121427239,['السياحة التراثية'],arab,0,article
ar,متحف بولاق فى تاریخ مصر الحدیث,2017,مجلة کلية السياحة والفنادق جامعة المنصورة,أسماء أبوزید سلامة; مفیدة الوشاحى,10.21608/mkaf.2017.154043,https://openalex.org/W3136105857,['المتحف'],arab,0,article
ar,مراحل تطور المحراب و المنبر فی مختارات من المساجد الإسلامیة فی مصر,2020,بحوث في التربية الفنية والفنون,جیهان حمزة یوسف زهران,10.21608/seaf.2020.162160,https://openalex.org/W3156500076,['المتحف'],arab,0,article
ar,اثر استراتيجيات التسويق الاخضر علي استدامة السياحة و الضيافة : دراسة تطبيقية علي منطقة البحر الا حمر,2025,مجلة کلية السياحة والفنادق - جامعة مدينة السادات,عايدة فايز صابر; نهال حسن علي حسن,10.21608/mfth.2025.443517,https://openalex.org/W4412858948,['الضيافة'],arab,0,article
ar,المتاحف مصادر مجموعاتها ومبانيها وملحقاتها وكوادرها العاملة ومتطلبات حماية المقتنيات الأثرية,2014,مجلة الجامعة الأسمرية,معمر عباد,10.59743/jau.v21i.577,https://openalex.org/W4387203930,['المتاحف'],arab,0,article
ar,الإفادة من رموز التراث الشعبي لاستحداث تصميمات طباعية معاصرة,2023,بحوث في التربية الفنية والفنون,رحاب أحمد محمد كمال العوسي,10.21608/seaf.2023.317638,https://openalex.org/W4387040320,['الموروث الثقافي'],arab,0,article
ar,أطر تقدیم أزمة السیاحة فی مواقع الصحف الإلكترونیة وعلاقتها باتجاهات الجمهور نحوها,2022,المجلة العلمية لبحوث الصحافة,أمانی حمدی قرنی,10.21608/sjsj.2022.296012,https://openalex.org/W4366964936,['السائحين'],arab,0,article
ar,دور الإعلام في تنمية السياحة في السودان - - بالتطبيق على قناة النيل الأزرق الفضائية,2020,المجلة العربية لإعلام وثقافة الطفل,محمد يس يس محمد احمد; لؤي عبدالرحمن عبدالقادر عبدالرحيم,10.12816/jacc.2020.73404,https://openalex.org/W3157394139,['السياحة'],arab,1,article
ar,خصوصية الحماية القانونية للسائحين,2023,"International Journal for Tourism, Archaeology and Hospitality",Ibrahim Ahmed Ahmed Hammouda,10.21608/ijtah.2023.186754.1055,https://openalex.org/W4319987246,"['السائح', 'السائحين']",arab,0,article
ar,التحدیات الراهنة للمرشد السیاحی الفلسطینی,2019,المجلة الدولية للتراث والسياحة والضيافة,ضرغام فارس; عائشة التهامی; ولید شیخ العرب,10.21608/jihtha.2019.41356,https://openalex.org/W2966605181,"['السائح', 'السياحة الدينية']",arab,0,article
ar,أصول التداولية في التراث العربي,2020,DOAJ (DOAJ: Directory of Open Access Journals),صورية جغبوب        / مريم بوقرة,,https://openalex.org/W4404877639,['التراث'],arab,0,article
ar,تأثير إساءة معاملة السياح على الجذب السياحي «دراسة سوسيولوجية على بعض المقاصد السياحية بالقاهرة الكبرى» The Impact of Mistreatment of Tourists on Tourist Attractions Sociological Study on Some Tourist Destination in Greater Cairo,2023,مجلة بحوث الشرق الأوسط,أميرة عبدالعظيم فضل شنب,10.21608/mercj.2023.302619,https://openalex.org/W4380202355,['السائح'],arab,0,article
ar,آليات الحفاظ على التراث الثقافي في الجزائر – دراسة تحليلية على ضوء القانون 98-04,2020,,محمودي ذهيبة,,https://openalex.org/W3128674980,['التراث الثقافي'],arab,0,article
ar,إقليم شينجيانغ في الصين (دراسة في جغرافية السياسة),2025,مجلة الباحث,رياض محمد علي عودة; رغد عبد زيد علي الجميل; علاء محمد علي عودة,10.63797/bjh.v43i2.3213,https://openalex.org/W4412716835,['طريق الحرير'],china,0,article
ar,"صناعة الزربية التقليدية ودورها في تفعيل التراث الثقافي في الجزائر:, دراسة ميدانية بمنطقة قلعة بني راشد بولاية غليزان",2022,مجلة المعيار,نصيرة بلفوضيل; فاطمة الزهراء أمال صفاح,10.54191/2320-013-001-026,https://openalex.org/W4411764893,['التراث الثقافي'],arab,0,article
ar,دور الشرطة فی حمایة الآثار المصریة وتأمین المتاحف,2016,مجلة الآداب والعلوم الإنسانية,إسلام إبراهیم الدسوقی عبد القادر,10.21608/fjhj.2016.162430,https://openalex.org/W3154940704,"['الآثار', 'المتاحف']",arab,0,article
ar,تقييم السائح للخدمات التي تقدم في المواقع السياحية في الأردن من وجهة نظر السائح الأردني,2019,,خالد توفيق العساف,10.35516/0103-046-003-017,https://openalex.org/W3093149917,['السائح'],arab,0,article
ar,اسهامات الزوايا الصوفية باليمن في المحافظة على الموروث الثقافي: زوايا مدينة تريم حضرموت,2023,Electronic Journal of University of Aden for Humanity and Social Sciences,Yasser Hashem Emad Alhiagi,10.47372/ejua-hs.2023.3.288,https://openalex.org/W4387784697,['الموروث الثقافي'],arab,0,article
ar,الصمت التنظيمي وأثره على أداء العاملين بشركات السياحية بالعراق,2023,مجلة کلية السياحة والفنادق جامعة المنصورة,محمد حسين هاشم محمد علي; أحمد عادل حماد; دعاء سمير حزه,10.21608/mkaf.2023.299795,https://openalex.org/W4378529518,['السياحية'],arab,0,article
ar,تأثیر المخاطر المتصورة على السفر فی المستقبل: الدور الوسیط لعامل الثقة فی المقاصد السیاحیة أثناء جائحة کورونا,2021,المجلة العلمیة لکلیة السیاحة و الفنادق جامعة الأسکندریة,لمیاء حفنى,10.21608/thalexu.2021.96758.1066,https://openalex.org/W4205904397,"['السفر', 'صناعة السياحة']",arab,0,article
ar,آفاق ترقية السياحة الصحراوية في الجزائر كرافد للتنمية السياحية المحلية في ولايات الجنوب,2018,Economic Studies,ابتسام طوبال,,https://openalex.org/W2903739710,['السياحة الصحراوية'],arab,0,article
ar,"القلاع والحصون العمانية نموذج لاقتصاديات السياحة التراثية: دراسة لقلعة ""بهلا"" في سلطنة عمان.",2011,مجلة دراسات الخليج والجزيرة العربية.,عبدالله مشاري النفيسي,10.34120/jgaps.v37i140.2059,https://openalex.org/W4399805260,['السياحة التراثية'],arab,0,article
ar,"فكر المعماري"" حسن فتحي "" وأثر استخدام التكنولوجيا المتوافقة في تصميم منتجعات السياحة العلاجية بواحة سيوة",2024,مجلة العمارة والفنون والعلوم الإنسانية,ماجدة عبد العاطي; محمد شريف محمد محمود الشافعي,10.21608/mjaf.2024.293928.3418,https://openalex.org/W4401495292,"['السياحة العلاجية', 'المنتجعات']",arab,0,article
ar,ثقـافـة الکاتب فی التراث النقدی,2019,مجلة مرکز الخدمة للاستشارات البحثية واللغات,فتحی علی عبده,10.21608/jocr.2019.128079,https://openalex.org/W4255012551,['التراث'],arab,0,article
ar,طريق الحرير وتداعياته على الشراكة الصينية الخليجية,2020,مجلة البحوث والدراسات العربية,,10.21608/iars.2020.203146,https://openalex.org/W4210699443,['طريق الحرير'],both,0,article
ar,تفاعلیة الاتصال لممارسی العلاقات العامة فی بیئة الإنترنت: دراسة حالة على قطاع السیاحة فی ضوء نظریة الحوار الإلکترونی,2021,مجلة بحوث کلية الآداب جامعة المنوفية,رشا عبد الحمید أحمد جاد الله,10.21608/sjam.2021.180027,https://openalex.org/W3213185431,['السائحين'],arab,0,article
ar,ترميم وصيانة شاهد قبر أثري من الرخام يعود للعصر اليوناني – الفسطاط – جمهورية مصر العربية,2022,مجلة التراث والتصميم,شيماء سيد محمد السيد,10.21608/jsos.2022.174400.1324,https://openalex.org/W4313394139,['التراث الثقافي'],arab,0,article
ar,السياحة المستدامة : واقعها و تحدياتها بالنسبة للجزائر. « - دراسة القطاع السياحي لولاية سعيدة - حمام ربي,2012,Dépôt Institutionnel de lUniversité de Tlemcen,Mohamed Ouazani,,https://openalex.org/W7135347523,['السياحة المستدامة'],arab,0,report
ar,التحليل الجغرافي للسياحة الاجتماعية المدعومة في محافظة قنا: دراسة في جغرافية السياحة,2025,مجلة کلية الآداب بقنا,مريان نشأت فرح عبدالشهيد,10.21608/qarts.2025.425584.2316,https://openalex.org/W4415553525,['المتاحف'],arab,0,article
ar,الصناعة السياحية من البدائل الممكنة للريع الاقتصادي : حالة الجزائر,2015,مجلة جيل العلوم الإنسانية والاجتماعية,ريطاب عز الدين,10.12816/0015826,https://openalex.org/W2570227953,['السياحية'],arab,0,article
ar,الحماية الدستورية للتراث الأثري في ليبيا,2022,مجلة كلية الاداب,د.أحمد عيسى فرج الحاسي,10.37376/jofoa.vi42.2736,https://openalex.org/W4391068785,['التراث الثقافي'],arab,0,article
ar,السياحة في السودان المقومات والمعوقات والمعالجات,2018,مؤتمرات الآداب والعلوم الانسانية والطبيعية,علوية عبدالقادر,10.24897/acn.64.68.231,https://openalex.org/W2892633890,['السياحة'],arab,0,conference-paper
ar,فن التراث الشعبي وعلاقته بالنحت الخزفي,2024,مجلة دراسات وبحوث التربية النوعية,ا فيصل محمد عبداالرحمن السرهيد; أ.م.د نبيل سعيد عبدالله العلى; د محمد محمد صلاح درويش,10.21608/jsezu.2024.366940,https://openalex.org/W4400923884,['التراث'],arab,0,article
ar,دور الأرشيف الشفهي في حفظ الذاكرة الوطنية للثورة الجزائرية : مشروع المتحف الوطني للمجاهد لتسجيل الشهادات أنموذجا,2020,مجلة ببليوفيليا لدراسات المكتبات والمعلومات,سرير عبد الله ناذير; بوشتة رحمونة,,https://openalex.org/W3107651729,['المتحف'],arab,0,article
ar,الاقتصاد الأزرق مضامينه وتطبيقاته مع إشارة خاصة للبلدان العربية,2025,,قسم المحاسبة، المعهد الدبلوماسي – وزارة الخارجية - قطر; نوزاد عبد الرحمن محمد صالح,10.24086/icafs2025/paper.1768,https://openalex.org/W4410463760,['السياحة البيئية'],arab,0,conference-paper
ar,تقییم أداء مظهر المضیفات بشرکة مصر للطیران مع دراسة مقارنة لزی مضیفات شرکات طیران مصر والإمارات وسنغافورة وفرنسا,2022,مجلة کلية السياحة والفنادق جامعة المنصورة,منال محمد طلعت کشک,10.21608/mkaf.2022.246712,https://openalex.org/W4283771450,['الضيافة'],arab,0,article
ar,دراسة تقییمیة لتأثیر جودة الخدمات السیاحیة على المجتمع المحلی بالتطبیق على منطقة البترا بالمملکة الأردنیة الهاشمیة,2020,المجلة الدولية للتراث والسياحة والضيافة,فاروق عبد النبى حسانین; مصطفى محمود أبوحمد; محمد قاسم العمرات,10.21608/jihtha.2020.99113,https://openalex.org/W3040615615,['صناعة السياحة'],arab,0,article
ar,دور المتحف الافتراضي كوسيط سياحي من وجهة نظر طلاب كلية السياحة بجامعة الملك عبد العزيز,2023,المجلة المصرية للدراسات المتخصصة,وجود عبدالله العمودي; Leena Alfarani,10.21608/ejos.2023.322337,https://openalex.org/W4388161510,"['السائح', 'المتحف']",arab,0,article
ar,تأثير تخطيط التعاقب القيادي على استمرارية الأعمال في الشركات العائلية دراسة تطبيقية على القطاع الخاص المصري,2023,المجلة العلمية للدراسات التجارية والبيئية,عمر يحيي الحسين; أيمن حسن متولي,10.21608/jces.2023.304479,https://openalex.org/W4383110101,['الضيافة'],arab,0,article
ar,المسافر خانة المصرية 1849- 1879م,2023,Maǧallaẗ Al-Tārīẖ wa Al-Mustaqbal,جمال عبدالرحيم خليفة عبدالرحيم,10.21608/hfj.2024.211413.1112,https://openalex.org/W4391284757,['الضيافة'],arab,0,article
ar,ملمح موظف حجز التذاكر السياحية : دراسة ميدانية بالوكالات السياحية الجزائرية,2018,,نعيمة زايدي,10.34277/1459-000-014-014,https://openalex.org/W2964812852,['السياحية'],arab,0,article
ar,دور الصناعات الحرفية في استدامة التنمية في البيئات التراثية: مدينة زبيد التاريخية دراسة حالة,2020,The artist,Yasser Hashem Emad Al-hiagi,,https://openalex.org/W3213184084,['التراث الثقافي'],arab,0,article
ar,مستقبل العلاقات المصرية الصينية,2023,مجلة بحوث الشرق الأوسط,طارق محمد هلال,10.21608/mercj.2023.195444.1424,https://openalex.org/W4381192733,['مبادرة الحزام والطريق'],both,0,article
ar,دراسة الدور الإعلامي المصري داخل السوق السياحي الإماراتي,2023,"International Journal for Tourism, Archaeology and Hospitality",Ibrahim Ahmed Ahmed Hammouda,10.21608/ijtah.2023.186753.1054,https://openalex.org/W4318769597,"['السائحين', 'السياحي']",arab,0,article
ar,التماسك النصي في التراث العربي,2023,مجلة اللغة الوظيفية,جلول جيلالي,10.54295/2201-010-001-003,https://openalex.org/W4412142946,['التراث'],arab,0,article
ar,سيناريو مستدام لتفعيل الكفاءة التشغيلية لجهوزية التعامل مع التجمعات الحشدية بالمشاعر المقدسة خلال موسمي الحج والعمرة بمكة المكرمة,2023,المجلة التربوية لکلية التربية بسوهاج,ريم بنت ثابت محمد القحطاني,10.21608/edusohag.2023.282754,https://openalex.org/W4318827622,"['الحج', 'الحج والعمرة']",arab,0,article
ar,أثر الأنشطة البشرية على مواقع السياحة البيئية: حالة دراسية المحمية غابات عجلون والمناطق المجاورة– الأردن Impact of the human activities on the eco-tourism sites: A case study Ajloun Forest Reserve forests and its vicinity - Jordan,2015,Assiut University Bulletin for Environmental Researches,,10.21608/auber.2015.146112,https://openalex.org/W4230957962,['السياحة البيئية'],arab,0,article
ar,تفعيل دور الأثاث الخدمي لتحقق التكنولوجيا المستدامة لمنطقة هضبة الأهرام,2023,Al-Maǧallah Al-ʿarabiyyaẗ Al-Dawliyyaẗ Lil Fan wa Al-Taṣmīm Al-Raqamī,أميرة عادل,10.21608/iajadd.2023.190635.1040,https://openalex.org/W4361022219,['السائح'],arab,0,article
ar,"""أثر تطبيق الحوكمة على المنصات العقارية في موسم الحج""",2024,Arab Journal for Scientific Publishing,جامعة ميدأوشن/  كلية الإدارة; أسرار سعد الطويرقي,10.36571/ajsp7129,https://openalex.org/W4402122430,['الحج'],arab,0,article
ar,تحليل أساليب التسويق الفيروسي علي مواقع التواصل الاجتماعي لمؤسسات التنشيط السياحي,2025,المجلة الدولية لقياسات الرأي العام,آية علاء الدين يوسف,10.21608/ijgom.2025.423123.1019,https://openalex.org/W4415347364,['التسويق السياحي'],arab,0,article
ar,ادعاء الفهم ونظرية التحطيم العربية,2018,,د. فايز رشيد,,https://openalex.org/W2888486618,['المتحف'],arab,0,article
ar,دور الجمعيات والنوادي في ترقية السياحة البيئية في الجزائر,2022,,خطاب الهروشي; كريمة بسدات,10.37487/0845-022-001-002,https://openalex.org/W4411816706,['السياحة البيئية'],arab,0,article
ar,The Steelyard in Manuscripts and Museums and Its Importance in the Civilizing Structure of Islamic Society,2021,مجلة کلیة الآداب جامعة بورسعید,حجاج أحمد سید أحمد; محمد محمود علی الجهینی,10.21608/jfpsu.2021.50357.1093,https://openalex.org/W3164143501,['المتاحف'],arab,0,article
ar,الاستثمار السیاحی للأضرحة الأثریة فی محافظة بابل فی العصر العباسی,2022,مجلة کلية السياحة والفنادق جامعة المنصورة,محمد أحمد عبد اللطیف; عبد الكریم حسین هاشم,10.21608/mkaf.2022.259489,https://openalex.org/W4295546656,"['التسويق السياحي', 'التنمية السياحية', 'السياحة الدينية']",arab,0,article
ar,Unpublished Cuneiform Texts from Old Babylonian Period,2018,Al-Adab Journal,Hussein Mohammed Al-Hummeri,10.31973/aj.v1i125.40,https://openalex.org/W2907240222,['المتحف'],arab,0,article
ar,واقــــع حركة الســـــياحة الداخـــلية بليبيا في ظل أزمـــة COVID19)),2021,Al-Mukhtar Journal of Social Science,,10.54172/p9b4eq56,https://openalex.org/W4403915030,['السائح'],arab,0,article
ar,"أهمية التنمية المستدامة في السياحة الصحراوية:, حالة الجزائر",2022,مجلة البشائر الاقتصادية,بوجمعة حالة; دليلة براس,10.33704/1748-008-002-021,https://openalex.org/W4411763299,['السياحة الصحراوية'],arab,0,article
ar,عيوب النطق وامراض الکلام في التراث العربي في ضوء اللسانيات العلاجية - کتاب البيان و التبيين للجاحظ (255هـ) أنموذجا,2021,Mağallaẗ ʿulūm Al-ʿarabiyyaẗ,لمى جميل العاني,10.21608/malu.2021.178764,https://openalex.org/W4256083657,['التراث'],arab,1,article
ar,ملامح الكتابة بالجسد في الرواية العربية المعاصرة الأعمال الروائية للكاتبة فضيلة الفاروق نموذجا,2024,مجلة کلیة الآداب جامعة بورسعید,شيماء محمد حمدي حسن,10.21608/jfpsu.2024.300413.1362,https://openalex.org/W4400924627,['الموروث الثقافي'],arab,0,article
ar,تقييم الآثار الخارجية لإنتاج الكهرباء- حالة الجزائر,2018,Economic Studies,Ahcene Said,,https://openalex.org/W2910393878,['الآثار'],arab,0,article
ar,آليات الرقمنة الصحفية ودورها في تعزيز ثقافة السياحة المستدامة في مصر,2025,Al-Mağallah Al-ʿilmiyyaẗ Li Kulliyyaẗ Al-Adāb - Ǧāmiʿaẗ Asyūṭ/Al-Mağallah Al-ʿilmiyyaẗ Li Kulliyyaẗ Al-Adāb - Ǧāmiʿaẗ Asyūṭ ,هند حسانين أحمد,10.21608/aakj.2025.331650.1911,https://openalex.org/W4407611982,['السياحة المستدامة'],arab,0,article
ar,المؤشرات الاقتصادية للتنمية السياحية المستدامة في مصر في ظل تحقيق أهداف الأمم المتحدة (SDGs) دراسة تحليلية,2023,مجلة الدراسات القانونیة والاقتصادیة,إسلام محمد محمد شاهين,10.21608/jdl.2023.94628.1029,https://openalex.org/W4323979214,['السياحة المستدامة'],arab,0,article
ar,دور المتاحف في حفظ التراث والآثار العراقية,2019,Al-Adab Journal,Ghosun Muzhar Hussain; Saba Hussein Mawla,10.31973/aj.v0i0.954,https://openalex.org/W3082238491,"['المتاحف', 'المتحف', 'الموروث الثقافي']",arab,0,article
ar,"أثر وسائل النشر الإلكترونية في ترقية الخدمات السياحية:, دراسة عينة من الوكالات السياحية في الجزائر",2024,مجلة المحترف,نيشان حويوي; رقية حساني,10.46316/1676-011-002-027,https://openalex.org/W4411898580,['السياحية'],arab,0,article
ar,Role of Tourism Activity in achieving Economic Development in The Sultanate of Oman دور النشاط السياحي في تحقيق التنمية الاقتصادية في سلطنة عمان,2023,Journal of the Advances in Agricultural Researches/Journal of the Advances in Agricultural Researches ,Ahmed Al-Shanfari,10.21608/jalexu.2023.249687.1171,https://openalex.org/W4390166861,['السياحي'],arab,1,article
ar,الانزيـاح في التراث البـلاغي,2017,,fal jou fal jou fal jou,,https://openalex.org/W3033211125,['التراث'],arab,0,article
ar,"واقع تبني مفهوم إدارة علاقة الزبون في الوكالات السياحية:, دراسة استطلاعية حول الوكالات السياحية بولاية قسنطينة - الجزائر",2018,مجلة دراسات اقتصادية,أماني العايب; عز الدين بن تركي,10.46317/1423-005-002-001,https://openalex.org/W2911604852,['السياحية'],arab,0,article
ar,"إستراتيجية تحقيق عمارة داخلية مستدامة للنزل البيئية بمصر للحصول على علامات بيئية لتحسين تجربة السياحة البيئية "" تطبيقا على نزل كوم الدكة بالفيوم "".",2025,مجلة العمارة والفنون والعلوم الإنسانية,دينا وجيه فاضل إسکندر,10.21608/mjaf.2025.374517.3607,https://openalex.org/W4410938813,['السياحة البيئية'],arab,0,article
ar,التأريخ بالشعر في التراث العربي,2024,,علاوة كوسة بن الصغير,10.51841/2159-007-002-063,https://openalex.org/W4412140475,['التراث'],arab,0,article
ar,مبادرة الحزام والطريق والنفوذ الصيني في امريكا اللاتينية,2024,قضايا سياسية,علاء عبد الوهاب عبد العزيز,10.58298/792024621,https://openalex.org/W4406079281,['مبادرة الحزام والطريق'],china,0,article
ar,التراث الثقافي في المجتمعات المحلية (اليابانية والعربية),2024,Afāq Asyawiyyaẗ,دينا أحمد,10.21608/sis.2024.343481.1187,https://openalex.org/W4405813729,"['التراث الثقافي', 'الموروث الثقافي']",arab,0,article
ar,التخطيط السياحي في الجزائر بين الواقع و الآفاق : أقطاب التوسع السياحي في مدينة جيجل أنموذجا,2013,مجلة الحكمة للدراسات الاستراتيجية,أحمد مسعودان; عمر بو سكرة,10.12816/0005409,https://openalex.org/W2940716351,['السياحي'],arab,0,article
ar,مبادرة طريق الحرير الجديد بين الاستراتيجية الصينية والتحدي الأمريكي,2023,مجلة المعيار,لخذاري جلول; محمد غربي,10.54191/2320-014-002-035,https://openalex.org/W4411775839,['طريق الحرير'],china,0,article
ar,"السياحة الإلكترونية وأثرها في تطور صناعة السفر والسياحة :, تجربة دولة الإمارات العربية المتحدة، دراسة مقارنة",2018,,إقبال جاسم جعفر,10.33762/0295-046-003.004-006,https://openalex.org/W3114918047,"['السفر', 'السفر والسياحة', 'السياحة']",arab,1,article
ar,تحليل عناصر التصميم الجرافيكي في متحف الأردن وأثرها على تجربة الزائر,2024,Al-Maǧallah Al-ʿarabiyyaẗ Al-Dawliyyaẗ Lil Fan wa Al-Taṣmīm Al-Raqamī,ندى المومني; السيد قنديل; محمود فريد,10.21608/iajadd.2023.215355.1061,https://openalex.org/W4390512465,['التراث الثقافي'],arab,0,article
ar,الآفاق المستقبلية للسياحة في محافظة واسط,2019,لارك,محمد فهد القيسي; اياد عباس العتبي,10.31185/lark.vol1.iss28.1148,https://openalex.org/W2984048615,['السياحة الدينية'],arab,0,article
ar,"تنمیة سیاحة المتاحف فی مصر ""بالتطبیق على محافظة القاهرة """,2022,مجلة کلية السياحة والفنادق جامعة المنصورة,دالیا عبد المنعم طه سید أحمد; رانیا محمد بهاء الدین; منى فاروق حجاج,10.21608/mkaf.2022.257816,https://openalex.org/W4295546867,"['السائحين', 'المتاحف']",arab,0,article
ar,السياحة كأداة لتعزيز الأمن القومى المصرى,2023,Al-Amn Al-Qawmī wa Al-Istirātīğiyyaẗ/Al-Amn Al-Qawmī wa Al-Istirātīğiyyaẗ,عادلة رجب & أحمد رجب,10.21608/nsas.2023.309478,https://openalex.org/W4385464212,['السياحة'],arab,0,article
ar,جودة الخدمات السياحية ودورها في تنشيط السياحة الوافدة لمصر بالتطبيق علي دول شرق وجنوب شرق آسيا,2023,المجلة الدولية للتراث والسياحة والضيافة,طارق محمد سباعي محمد العزازي; عزة محمد عبدالسلام,10.21608/jihtha.2023.214016.1034,https://openalex.org/W4387622062,"['السائحين', 'السفر والسياحة']",arab,0,article
ar,توظيف عقود المبادلات في مجال الفنادق والسياحة دراسة تحليلية في عينة من الفنادق العراقية المسجلة في سوق العراق للأوراق المالية,2017,Al-Ghary Journal of Economic and Administrative Sciences,ندى عبد القادر الشريدة,10.36325/ghjec.v13i40.5638,https://openalex.org/W2620257661,['الفندقة'],arab,0,article
ar,دور التسویق التفاعلى فى توفیر الخدمات المعلوماتیة لسیاحة المحمیات الطبیعیة الوافدة لمصر (دراسة حالة على بعض المحمیات الطبیعیة فى مصر),2016,المجلة العلمية للبحوث التجارية (جامعة المنوفية),نسرین السعید منصور الشرقاوى,10.21608/sjsc.2016.111825,https://openalex.org/W3084997689,"['التسويق السياحي', 'السائح', 'السائحين', 'السياحة البيئية']",arab,0,article
ar,السياحة البنفسجية: تأصيل مصطلح ناشئ في الاقتصاد البنفسجي,2025,المجلة العربية للعلوم الإنسانية والاجتماعية,جنى سليمان الدخيل,10.59735/arabjhs.vi31.1338,https://openalex.org/W4411454858,['السياحة الثقافية'],arab,0,article
ar,"الرواسب الثقافية والاجتماعية لمظاهر الحج في مصر قديما وحديثا:, دراسة مقارنة ما بين العصر الفرعوني والعصر الإسلامي",2016,مجلة عصور,عصام السعيد; شيرين عبدالحليم القباني,10.54239/2319-000-028.029-002,https://openalex.org/W2903154579,['الحج'],arab,0,article
ar,"السياحة البيئية في المملكة العربية السعودية كآلية لتحقيق تنمية سياحية مستدامة:, ""لا تترك أثرا"" أنموذجا",2021,,هدى كرماني; راضية سعدي; زين العابدين خياطي,10.37487/0845-021-001-002,https://openalex.org/W3182626419,['السياحة البيئية'],arab,0,article
ar,أثر الاستثمار السياحي على النمو الاقتصادي في الجزائر,2017,,عبد الرحمان عبد القادر; مدياني محمد,,https://openalex.org/W2948165005,['السياحي'],arab,0,article
ar,فعالية الرحلات الافتراضية البانورامية في تنمية المهارات الهندسية لدي طلاب أصحاب الهمم بالمنطقة الشرقية,2020,المجلة العربية لعلوم الإعاقة والموهبة,أبو الحسن; محمد محمود,10.21608/jasht.2020.122064,https://openalex.org/W3106842270,['الرحلات'],arab,0,article
ar,وسائل المحافظة على المخطوطات ورقمنتها,2023,مجلة الفارابي للعلوم الانسانية,د.برهان جابر حسين,10.59746/.v2i2.70,https://openalex.org/W4386096059,['الموروث الثقافي'],arab,0,article
ar,تنمية المواهب الدولية في اللغات الأجنبية (دراسة حالة),2024,مجلة کلية التربية بدمياط,تسو لانفانغ; ليانغ بانبان,10.21608/jsdu.2024.297282.1460,https://openalex.org/W4400923621,['الصين والعالم العربي'],both,0,article
ar,أهمية مساهمة القطاع السياحي في التنمية في الجزائر,2011,جديد الاقتصاد,كواش خالد,,https://openalex.org/W2892094718,['السياحي'],arab,0,article
ar,دور شركات الطيران في تقييم عناصر الخدمة في النقل الجوي (دراسة ميدانية في شركة الخطوط الجوية العراقية),2021,Kufa Journal of Arts,الاستاذ المساعد عبدالامير زوين,10.36317/kaj/2019/v1.i42.1439,https://openalex.org/W4386199499,['السفر'],arab,0,article
ar,دور رحلات الحج في التواصل الثقافي بين المغرب والمشرق ق 8 هـ / 14 م,2016,Mağallaẗ al-ḥikmaẗ li-l-dirāsāt al-tārīẖiyyẗ,عبد الرحمن بالأعرج,10.12816/0043789,https://openalex.org/W2799477064,['الحج'],arab,0,article
ar,التنمیة السیاحیة المستدامة : دور الدولة فی تنمیة مدینة العلمین الجدیدة,2021,مجلة کلية السياحة والفنادق - جامعة مدينة السادات,هبة القرموطی,10.21608/mfth.2021.212301,https://openalex.org/W4205421184,['التنمية السياحية'],arab,0,article
ar,"الموروث الثقافي في الجزائر:, دراسة وتحليل",2024,مجلة الكلم,زهرة عميرى,10.54190/2140-009-001-025,https://openalex.org/W4412139793,['الموروث الثقافي'],arab,0,article
ar,واقــع وآفــاق التراث الثــقافــي الجــزائــري,2018,,حكيم كحاحلية,,https://openalex.org/W2969689825,['التراث'],arab,0,article
ar,صناعة السياحة ودورها في تحقيق التنمية المستدامة,2024,المجلة العربية لعلوم السياحة والضيافة والآثار,علوية حسن عبد الله,10.21608/kjao.2024.380156,https://openalex.org/W4402776488,"['التنمية السياحية', 'السياحة', 'صناعة السياحة']",arab,0,article
ar,الدوافع السياسية والاقتصادية لوفود النقود الأجنبية على مصر وبلاد الشام (358- 923هـ/ 969-1517م),2026,مجلة کلية الآداب بقنا,مروة عبداللاه عقيل عبدالله; ممدوح عبدالرحمن عبدالرحيم; مسعود محمود علي عبادى; مصطفى محمود محمد محمد,10.21608/qarts.2026.483547.2451,https://openalex.org/W7171302967,['التبادل الثقافي'],arab,0,article
ar,الآثار الجزائرية بين العسكريين و الجامعيين,2010,Revue d’études archéologiques,بن دعموش خليل; محمد البشير شنيتي,,https://openalex.org/W3111685110,['الآثار'],arab,0,article
ar,جعران صدرية الكاتب نفر رنبت,2025,Bulletin of the Center Papyrological Studies,محمد المزين; هاني عيسى,10.21608/bcps.2025.475603,https://openalex.org/W7118797263,['المتحف'],arab,0,article
ar,مسوغات التحرك الاستراتيجي الصيني في ظل مبادرة الحزام والطريق: الشرق الاوسط انموذجا,2025,مجلة كلية القانون والعلوم السياسية,جامعة النهرين-كلية العلوم السياسية,10.61279/jhmz1130,https://openalex.org/W7125598988,"['طريق الحرير', 'مبادرة الحزام والطريق']",both,0,article
ar,العود في الآثار العربية,2021,Al-Adab Journal,عبد العزيز حميد,10.31973/aj.v24i24.2279,https://openalex.org/W4226136826,['الآثار'],arab,0,article
ar,خصائص النبي -ﷺ- المختلف فيها في الحج والأضحية,2025,Al-Mağallaẗ al-ʿarabiyyaẗ lil Dirāsāt al-islāmiyyaẗ wa šarʿiyaẗ,خلود بنت إبراهيم القضيب,10.21608/jasis.2025.461327,https://openalex.org/W4415553889,"['الحج', 'العمرة']",arab,0,article
ar,التراث غير المادي كبناء اجتماعي للأصالة: المطبخ التونسي كمثال,2021,Via Tourism Review,وديع عثماني,10.4000/viatourism.7205,https://openalex.org/W3186955781,['السائحين'],arab,0,article
ar,تحلیل التجربة المصریة فى تطویر المدن التاریخیة دراسة حالة مدینة الأقصر,2018,Journal of Al-Azhar University Engineering Sector,محمد العراقى,10.21608/auej.2018.19092,https://openalex.org/W2900991443,['المتحف'],arab,1,article
ar,قراءة في كتاب جمهرة الرحلات الجزائرية الحديثة في الفترة الاستعمارية 1830-1962,2020,مجلة جسور المعرفة,عيسى بخيتى; إسماعيل زغودة; عبدالرحمن غربي,10.35645/1711-006-003-026,https://openalex.org/W3084669193,['الرحلات'],arab,0,article
ar,"الرحلات المغربية القديمة بين الأدب والنقد الإنثوجرافي:, رحلة التجاني ""التقييد"" أنموذجا",2019,,سعاد ترشاق,10.35918/1064-009-002-006,https://openalex.org/W2996589534,['الرحلات'],arab,0,article
ar,"دور مواقع التواصل الاجتماعي في الحفاظ على الموروث الثقافي الجزائري:, دراسة تحليلية لصفحة الإمبراطورية الجزائرية تاريخ وثقافة",2024,مجلة الأكاديمية للدراسات الاجتماعية والإنسانية,سلمى كوندة; صليحة بن سباع,10.33858/0500-016-001-019,https://openalex.org/W4411762657,['الموروث الثقافي'],arab,0,article
ar,كلمة العدد / Editorial,2018,مجلة الدراسات اللغوية والأدبية (Journal of Linguistic and Literary Studies),Asem Shehadeh Saleh Ali,10.31436/jlls.v9i2.660,https://openalex.org/W4230553425,['الحج والعمرة'],arab,0,article
ar,أثر تطبيقات الذكاء الاصطناعي على استراتيجيات التسويق عبر المؤثرين ونية الشراء في وكالات السياحة والسفر,2023,مجلة کلية السياحة والفنادق - جامعة مدينة السادات,عبدالفتاح سليمان شوالي; محمود عبدالمنعم عبداللاه,10.21608/mfth.2023.369568,https://openalex.org/W4401187738,['التسويق السياحي'],arab,0,article
ar,ذاكرة العرب,2019,Ḏākiraẗ Al-ʿarab,خالد عزب,10.21608/zarab.2019.380256,https://openalex.org/W4402774971,['التبادل الثقافي'],arab,0,article
ar,"المعرض المؤقت ""التحف المسترجعة"" المتحف العمومي الوطني للآثار القديمة",2015,دورية کان التاريخية,عز الدين حضري,10.21608/kan.2015.113252,https://openalex.org/W4242909919,"['التراث الثقافي', 'المتحف']",arab,0,article
ar,ركب الحج الجزائري من خلال رحلتي الحسين الورثيلاني وعبدالرحمن المجاجي,2020,مجلة عصور الجديدة,حمزة بكري; محمد دادة,10.54240/2318-010-001-016,https://openalex.org/W3014483785,['الحج'],arab,0,article
ar,""" المويلح"" محطة على طريق الحج المصري المغربي في القرن الثالث عشر الهجري، التاسع عشر الميلادي",2019,مجلة المعارف للبحوث والدراسات التاريخية,عبد الرحمن علي دعاء,,https://openalex.org/W3098084977,['الحج'],arab,0,article
ar,تفعيل السياحة الصحراوية بولاية الأغواط سبيل للنهوض بالسياحة الجزائرية,2013,مجلة الحقوق والعلوم الانسانية,بديرينة مراد,,https://openalex.org/W2917878803,['السياحة الصحراوية'],arab,0,article
ar,الاستشراق بین النشأة واﻷهداف,2016,حولية کلية أصول الدين والدعوة الإسلامية بطنطا,"مصطفى, إسماعيل عبدالفتاح",10.21608/bfrt.2016.6146,https://openalex.org/W2897964480,['المتاحف'],arab,0,article
ar,أخصائي المکتبات الضمني Embedded Librarian ودوره في المشارکة في إعداد البحوث العلمية بمجال العلوم الطبية: دراسة ميدانية بمکتبات القطاع الطبي بجامعة الإسکندرية,2022,Al-Mağallah Al-ʿilmiyyaẗ Lil-Maktabāt wa Al-Waṯā'iq wa Al-Ma'lūmāt,أسماء حسين محمد السيد,10.21608/jslmf.2020.47758.1052,https://openalex.org/W4283780225,['المتاحف'],arab,0,article
ar,دور التنويهات السياحية التلفزيونية (الفيلرز) في تنمية السياحة العربية,2016,المجلة العلمية لبحوث الإذاعة والتلفزيون,أماني رضا عبد المقصود,10.21608/ejsrt.2016.89999,https://openalex.org/W3129888300,"['السائح', 'السائحين']",arab,0,article
ar,واقع السياحة الدولية في البلاد العربية,2017,مجلة جيل الدراسات السياسية و العلاقات الدولية,عادل الوشاني,10.33685/1411-000-010-005,https://openalex.org/W2941833021,['السياحة'],arab,0,article
ar,کتاب (الإقناع)، لأبي سعيد السيرافي دراسة للمأثور منه والأثر,2022,مجلة کلية الآداب جامعة بني سويف,زکي بن صالح الحريول,10.21608/jfabsu.2021.67954.1068,https://openalex.org/W4281257057,['السفر'],arab,0,article
ar,"مساهمة التمكين في ترقية الإبداع التسويقي للعاملين بمؤسسة الضيافة:, حالة فندق السوفيتال بالجزائر",2017,مجلة الدراسات الاقتصادية والمالية,بوبكر عباسي; الداوي الشيخ,10.37488/2057-010-001-013,https://openalex.org/W2944338050,['الضيافة'],arab,0,article
ar,دور إدارة المعرفة في تحسين أداء المنشآت السياحية الفلسطينية - دراسة حالة الفنادق والمطاعم السياحية في فلسطين,2019,,سامر عرقاوي; نبيل عبد اللوح; آمال عبد المجيد الحيلة,,https://openalex.org/W2955756013,['السياحية'],arab,0,article
ar,مختارات من الالعاب الرياضية كمدخل لاستحداث تكوينات جدارية في ضوء الفن التجريدى.,2024,Ḥiwār Ǧanūb Ǧanūb,راشد علي راشد; محمد جلال علي; هالة صلاح عبد الستار,10.21608/hgg.2024.356918,https://openalex.org/W4399287706,['التراث الثقافي'],arab,0,article
ar,تأثير ﺇدارة السياحة الخضراء في تحقيق التنمية السياحية المستدامة (دراسة حالة شركات السياحة فئة أ فى جمهورية مصر العربية) The impact of Green Tourism Management in achieving Sustainable Tourism development (A case study of Tourism companies’ category A in the Arab Republic of Egypt),2023,Mağallaẗ Al-Maʿhad Al-ʿālī Lil Dirāsāt Al-Nawʿiyyaẗ /Mağallaẗ Al-Maʿhad Al-ʿālī Lil Dirāsāt Al-Nawʿiyyaẗ,سوزان السيد عبد السلام كتات,10.21608/hiss.2023.316728,https://openalex.org/W4387039561,['التنمية السياحية'],arab,0,article
ar,المسارات الجغرافية لعقد اللؤلؤ الصيني وانعكاساته الجيوسياسية على دول مجلس التعاون الخليجي,2020,Journal of Education College Wasit University,مثنى مشعان المزروعي,10.31185/eduj.vol1.iss1.1245,https://openalex.org/W3021586085,['طريق الحرير'],both,0,article
ar,استكشاف فرص وتحديات تطبيق تقنية سلسلة الكتلة في صناعة السياحة,2022,مجلة کلية السياحة والفنادق - جامعة مدينة السادات,وفاء عاطف; تقي محروس; أحمد محروس; داليا مندور,10.21608/mfth.2022.356965,https://openalex.org/W4399289585,"['السائح', 'صناعة السياحة']",arab,0,article
ar,"المكان الفاعل: توظيف الفضاء التاريخي والمتخيل في تشكيل دلالات رواية ""طريق الحرير""لإبراهيم أحمد عيسى",2025,سياقات اللغة والدراسات البينية,حيدر محمد حسين الكعبي; فرامرز ميرزائي; كبرى روشن فكر; خليل برويني,10.21608/siaqat.2025.390525.1089,https://openalex.org/W4412546700,['طريق الحرير'],arab,0,article
ar,صناعة السياحة في استثمار مقومات المكان دراسة حقلية (سلطنة عمان),2025,مجلة الباحث,عبد العباس فضيخ دغبوش,10.63797/bjh.v43i2.3198,https://openalex.org/W4412717035,['صناعة السياحة'],arab,0,article
ar,قافلة الحج العراقي وآثرها في تفعيل التجارة بين العراق والحجاز في العهد العثماني,2025,Journal of Kufa Studies Center,مقدام باقر; زهراء غازي,10.36322/jksc.176(g).20054,https://openalex.org/W4413154710,['الحج'],arab,0,article
ar,تقييم تنافسية قطاع السفر والسياحة في بلدان المغرب العربي: دراسة مقارنة بين الجزائر، تونس والمغرب,2015,مجلة العلوم الانسانية,ساعد بوراوي; عامر عيساني,10.37136/1003-000-040-002,https://openalex.org/W2547215015,"['السفر', 'السفر والسياحة']",arab,0,article
ar,الخزف التركيبي المعاصر في ضوء الموروث الثقافي العربي,2024,University of Sharjah (UoS) Journal of Humanities and Social Sciences,يعقوب العتوم; فؤاد خصاونة; محمود طعاني; تراث العباس; زينب البياتي; مروان طواها,10.36394/jhss/21/2/11,https://openalex.org/W4403231645,['الموروث الثقافي'],arab,0,article
ar,Design foundations for traditional interior spaces (Local reception halls are an example),2024,Al-academy,Wisam Hassan Hashim,10.35560/jcofarts1466,https://openalex.org/W4402809092,['الضيافة'],arab,0,article
ar,عوامل تنمية قطاع السياحة في الجزائر,2020,الأفاق للدراسات الإقتصادية,الهادي براي,,https://openalex.org/W3119144501,['السياحة'],arab,0,article
ar,بعض السمات الفنية لزخارف فيلا دار بوك عميرة الرومانية,2022,مجلة كلية الاداب,عبدالمنعم عثمان,10.37376/jofoa.vi45.2629,https://openalex.org/W4391062814,['المتحف'],arab,0,article
ar,نشوة الشمول في السفر إلى إسلامبول ونشوة المدام في العود إلى مدينة السلام 1851-1852,2019,Qatar University QSpace (Qatar University),هيثم سرحان,,https://openalex.org/W3007218117,['السفر'],arab,0,book
ar,"""الموروث الثقافی کرؤیة تشکیلیة للمشغولة النسجیة لتفعیل الفکر الاقتصادی التنموی للمشروعات الصغیرة بالمجتمعات المصریة"" (دراسة تجریبیة)",2020,بحوث في التربية الفنية والفنون,هبة محمد عبد الفتاح علی,10.21608/seaf.2020.162169,https://openalex.org/W3152769163,['الموروث الثقافي'],arab,0,article
ar,"القدس الشريف في كتب اللغة العربية في المرحلة الأساسية في الأردن ""دراسة تحليلية""",2010,,محمد فؤاد الحوامدة,,https://openalex.org/W561168738,['المعالم الأثرية'],arab,0,article
ar,تاریخ السیاحة فی دولة الإمارات العربیة المتحدة ودورها فی تحقیق التنمیة المستدامة (أبو ظبی، دبی، الشارقة، نموذجا),2022,وقائع تاريخية,احمد النقبی; عماد أبوالعینین,10.21608/hev.2022.140456.1119,https://openalex.org/W4312880283,['التنمية السياحية'],arab,0,article
ar,تنمیة ثقافة التعامل مع السائح فی المقصد السیاحی المصری,2017,مجلة کلية السياحة والفنادق - جامعة مدينة السادات,یحیی الزق,10.21608/mfth.2017.26108,https://openalex.org/W2918088286,"['السائح', 'السائحين']",arab,0,article
ar,حماية المواقع الأثرية في الحظيرة الوطنية للتاسيلي ناجر,2014,دورية کان التاريخية,عبد الحميد بعيطيش,10.21608/kan.2014.110805,https://openalex.org/W3083043095,['الموروث الثقافي'],arab,0,article
ar,جمالية البنية المكانية في الرحلات الحجازية مكة والمدينة في رحلة العبدري أنموذجا,2023,مجلة کلیة اللغة العربیة بإتاى البارود,خلود بنت جرمان خالد الدغيلبي,10.21608/jlt.2023.300323,https://openalex.org/W4378573955,['الرحلات'],arab,0,article
ar,"تطوير الأداء الوظيفي للملابس الفندقية باستخدام الخامات الصديقة للبيئة لمدينة ""نيوم"" بالمملكة العربية السعودية في ضوء السياحة المستدامة",2025,مجلة البحوث فی مجالات التربیة النوعیة,سارة ظافر آل محمد; نسرين عوض عبداللطيف النقيب,10.21608/jedu.2025.341685.2156,https://openalex.org/W4406687541,['السياحة المستدامة'],arab,0,article
ar,تكامل القيم الاقتصادية والثقافية للتراث في استراتيجيات تطوير السياحة التراثية وتحقيق الاستدامة: تجربة المملكة العربية السعودية,2025,مجلة کلية السياحة والفنادق جامعة المنصورة,ياسر هاشم عماد الهياجي,10.21608/mkaf.2025.464299,https://openalex.org/W4416318142,['السياحة التراثية'],arab,0,article
ar,بابین وهمیین للمدعو خاى و خع کاوو من الجیزة,2020,المجلة العلمیة لکلیة السیاحة و الفنادق جامعة الأسکندریة,جمال البلم طاهر عبد الحمید,10.21608/thalexu.2020.26822.1000,https://openalex.org/W3037007108,['المتحف'],arab,0,article
ar,متطلبات تعزيز دور المقاولاتية في ترقية الاستثمار السياحي بالجزائر = The Requirements of the Enhancement of the Role of Entrepreneurship in the Promotion of Tourism Investment in Algeria,2019,مجلة الاجتهاد للدراسات القانونية والاقتصادية,قلش ، عبد الله; خنتار ، نوال,10.12816/0054466,https://openalex.org/W2965331818,['التنمية السياحية'],arab,0,article
ar,أثر العمل بالقواعد المقاصدية في استنباط أحكام النوازل في السياحة المستدامة.,2024,Mağallaẗ Kulliyyaẗ Uṣūl Al-Din wa Al-Daʿwah Bil-Munūfiyyāẗ,نرجس بنت إبراهيم الصبري,10.21608/bfdm.2024.406111,https://openalex.org/W4406702074,['السياحة المستدامة'],arab,0,article
ar,"الأوضاع السياسية كعامل مؤثر على اتجاهات الرحلات العلمية بين بلاد المغرب الأوسط والأندلس خلال القرنين ""4-6 هـ.""",2023,مجلة العلوم القانونية والاجتماعية,حفيضة معمر,10.53419/2259-008-001-017,https://openalex.org/W4412144519,['الرحلات'],arab,0,article
ar,التعبد أمام رمز واست,2014,The Conference Book of the General Union of Arab Archaeologists/The Conference Book of the General Union of Arab Archaeologists,Nashaat Hassan El Zoharry,10.21608/cguaa.2014.44328,https://openalex.org/W2969840708,['المتحف'],arab,0,conference-paper
ar,دور الخط العربي في ابتكار علامات تجارية لتسويق الأزياء المعاصرة المطبوعة من خلال الموروث الثقافي العربي = Arabic Calligraphy Role in Creating Brands in Order to Market Contemporary Printed Fashion Using the Arab Cultural Heritage,2017,مجلة العمارة والفنون والعلوم الإنسانية,منى إبراهيم عبد الرحيم; نهى محمد نشأت,10.12816/0036613,https://openalex.org/W2620521557,['الموروث الثقافي'],arab,0,article
ar,همس الواحات: دراسة صوتية للعمران في جنوب الصحراء الكبرى Oasis Rustles: Sound study of the sub-Saharan Urbanism,2024,Journal of Urban Research /Journal of Urban Research,Marc Breviglieri; David Goeury; Noha Gamal Said,10.21608/jur.2024.304358.1163,https://openalex.org/W4402445961,['التراث الثقافي'],arab,1,article
ar,فزان حلقة وصل في طرق الحج المغربي بين رحلتي ابن مليح والبرتلي,2021,Journal of Human Sciences,ربيعة أحمد المدَّاح,10.51984/johs.v20i3.1540,https://openalex.org/W4377251335,['الحج'],arab,0,article
ar,تأثير الأحداث الثقافية الكبرى على صورة مصر لدى الجمهور الأجنبي: دراسة تطبيقية على احتفالية افتتاح المتحف المصرى الكبير,2026,Al-Maǧallah Al-Miṣriyyaẗ Li-Buḥūṯ Al-Iʿlām,نرمين علي عجوة,10.21608/ejsc.2026.483528,https://openalex.org/W7128917565,['المتحف'],arab,0,article
ar,نظرية الحقول الدلالية بين التراث العربي و الفكر اللساني المعاصر,2014,مجلة الممارسات اللغوية,باديس لهويمل,10.12816/0011305,https://openalex.org/W2305569486,['التراث'],arab,2,article
ar,The Mechanism of Legal Translation in Legislative Texts,2022,Al-Adab Journal,Marwan Kazem Mohammed; Mohammed Dera Farhan; Awham Rasheed Mohammed,10.31973/aj.v3i143.3937,https://openalex.org/W4312202987,['السفر'],arab,1,article
ar,التباين المکاني للمواقع السياحية والترفيهية داخل التصميم الاساسي للمدن کمؤشر للتنمية السياحية المستدامة (مدينة بغداد حالة دراسية),2021,حوليات أداب عين شمس,زينة جميل يوسف,10.21608/aafu.2021.214563,https://openalex.org/W4210247505,['السياحية'],arab,0,article
ar,""" دور المعلوماتیة فی التسویق السیاحی لمصر : الفیسبوک نموذجا "" ( دراسة میدانیة )",2019,مجلة البحث العلمي في الآداب,سالی سعد جوده ابراهیم,10.21608/jssa.2019.56082,https://openalex.org/W2991242709,"['التسويق السياحي', 'صناعة السياحة']",arab,0,article
ar,الآثار القانونية لوباء كورونا على الالتزامات التعاقدية,2020,مجلة دراسات قانونية,د. سالمة فرج الجازوي,10.37376/jols.vi.1059,https://openalex.org/W4390149637,['الآثار'],china,0,article
ar,العلاقة المکانية بين الحرم النبوي الشريف و مواقع سکنى الزائرين: دراسة تحليلية في جغرافية السياحة,2021,مجلة بحوث الشرق الأوسط,هيفاء البلاع,10.21608/mercj.2021.61776.1014,https://openalex.org/W3154918310,"['الحج والعمرة', 'السائح']",arab,0,article
ar,مراجعة لآليات إدارة التنمية السياحية فى مصر Revisiting Mechanisms for Tourism Development in Egypt,2018,Journal of Urban Research /Journal of Urban Research,محمـد سامح; سيد الغندور,10.21608/jur.2018.88175,https://openalex.org/W3194698039,"['التنمية السياحية', 'صناعة السياحة']",arab,0,article
ar,"الإدارة الإلكترونية لجوازات السفر البيومترية في الجزائر:, دراسة حالة إدارة الجوازات بولاية جيجل",2017,مجلة تاريخ العلوم,رؤوف كعواش,10.37613/1678-000-008-030,https://openalex.org/W2763507523,['السفر'],arab,0,article
ar,تأثير الاستدامة على جودة البيئة الداخلية السياحية (السياحة المستدامة - واحة سيوة),2022,Al-Maǧallah Al-ʿarabiyyaẗ Al-Dawliyyaẗ Lil Fan wa Al-Taṣmīm Al-Raqamī,بسمة محمد السيد جبر,10.21608/iajadd.2022.137682.1012,https://openalex.org/W4288046302,"['التنمية السياحية', 'السياحة المستدامة']",arab,0,article
ar,"تأثیر الزواج المبکر على التحصیل الدراسی للأبناء فى منطقتی الحوامدیة و البدراشین "".دراسة سوسیوانثروبولوجیة میدانیة.",2017,حوليات أداب عين شمس,علیاء محمد کامل,10.21608/aafu.2017.18077,https://openalex.org/W2900647883,['التراث الثقافي'],arab,0,article
ar,الآثار القانونیة لعقد الإشراف على البناء,2021,مجلة کلية الشريعة والقانون بتفهنا الأشراف - دقهلية,عبدالرحمن بن محمد عبدالرحمن الزیر,10.21608/jfslt.2021.142851,https://openalex.org/W3125397178,['الآثار'],arab,0,article
ar,التراث الأثري بتونس أمام رهان الذاكرات,2012,Insaniyat / إنسانيات,عماد صولة,10.4000/insaniyat.13783,https://openalex.org/W1123191617,['التراث'],arab,1,article
ar,القیم الجمالیة فى النحت البارز المصرى القدیم والمعاصر (دراسة مقارنة) The aesthetic values of ancient Egyptian and contemporary relief (A comparative study),2022,مجلة مرکز الخدمة للاستشارات البحثية واللغات,,10.21608/jocr.2022.108027.1061,https://openalex.org/W4226371344,['الموروث الثقافي'],arab,0,article
ar,مبادرة الحزام والطريق الصينية وأثرها على السياسة الخارجية الكويتية,2022,مجلة دراسات الخليج والجزيرة العربية.,عدنان عبدالله العنزي,10.34120/jgaps.v48i187.2949,https://openalex.org/W4399810276,['مبادرة الحزام والطريق'],both,0,article
ar,استخدام تحليل تتبع العين لاستكشاف اهتمام المستخدم بالمواقع الالكترونية السياحية الرسمية: منهج لإدارة المواقع الالكترونية,2023,مجلة کلية السياحة والفنادق - جامعة مدينة السادات,هبه عبد الكريم زيدان; أحمد أحمد هاشم,10.21608/mfth.2023.327914,https://openalex.org/W4389573740,"['السائحين', 'السياحية']",arab,1,article
ar,صورة المملكة العربية السعودية في أدب الرحلات الماليزي: مطار الملك عبد العزيز الدولي أنموذجا,2019,,Majdi Haji Ibrahim,,https://openalex.org/W2968494919,['الرحلات'],arab,0,article
ar,التأثير التاريخي المصري الذي يجمع بين كود الصورة الرقمية وأثره على الروابط بين التراث والحداثة.,2023,مجلة العمارة والفنون والعلوم الإنسانية,مروه عوده,10.21608/mjaf.2023.207329.3091,https://openalex.org/W4380201751,['التراث الثقافي'],arab,0,article
ar,تنشيط السياحة البينية العربية بين الواقع والطموح,2016,جديد الاقتصاد,عشي صليحة,,https://openalex.org/W2778386620,['السياحة'],arab,0,article
ar,القيم الجمالية للحشرات في الموروث الثقافي و الحضاري في مصر والإستفادة منها في مجال الخزف . .The aesthetic values of insects in the cultural and civilizational heritage in Egypt and making use of them in the field of ceramics,2021,Ḥiwār Ǧanūb Ǧanūb,كرستين فوزي مسعود سعيد; سعيد عبد الغفار العنانى; محمد عبد الباسط محمد; امل يوسف عبد المجيد,10.21608/hgg.2021.342575,https://openalex.org/W4392096202,['الموروث الثقافي'],arab,0,article
ar,الصناعات النسيجية لمدينه اوما ضمن قرارات المتحف العراقي,2026,مجلة دراسات في التاريخ والآثار,نور حميد الخفاجي; أ.د. سجى مؤيد عبد اللطيف,10.65074/evm5ks07,https://openalex.org/W7122629959,['المتحف'],arab,0,article
ar,لوحة غير منشورة لـ Rdy بالمتحف المصري رقم CG 20668,2025,"Mağallaẗ Kulliyyaẗ Al-Adāb, Ǧāmiʿaẗ Al-Iskandariyyaẗ/Mağallaẗ Kulliyyaẗ Al-Adāb, Ǧāmiʿaẗ Al-Iskandariyyaẗ",هانم عبدالحميد محمد عطية,10.21608/bfalex.2025.407522,https://openalex.org/W4407076488,['المتحف'],arab,0,article
ar,متاحف کلیة الآداب جامعة القاهرة خلال الفترة من سنة 1949 إلى سنة 1970,2020,مجلة کلیة الآداب القاهرة,جیهان أحمد عمران,10.21608/jarts.2020.135296,https://openalex.org/W3120711385,['المتاحف'],arab,0,article
ar,التنمية السياحية المستدامة وإستراتيجية ترقيتها بالجزائر,2018,Al-Mağallaẗ Al-ʿarabiyyaẗ lil Ādāb wa Al-Dirāsāẗ Al-Insāniyyat,ترکية خليفة,10.21608/1807-000-005-001,https://openalex.org/W4289455313,"['التنمية السياحية', 'السياحية']",arab,0,article
ar,المؤتمر العلمي الرابع لكلية التربية جامعة المنوفية : التربية وبناء الإنسان في ظل التحولات الديمقراطية في الفترة من 29 - 30 أبريل 2014,2014,Maġallaẗ Al-Maʿrifaẗ Al-tarbawiyyaẗ,صلاح الدين محمد توفيق,10.21608/jeed.2014.290829,https://openalex.org/W4361022270,['الضيافة'],arab,0,article
ar,فعالية التسويق السياحي الإلكتروني ودوره في تنشيط السياحة قراءة في التجربة الجزائرية,2023,Zenodo (CERN European Organization for Nuclear Research),خلفة إيمان,10.5281/zenodo.7792926,https://openalex.org/W4362201765,"['التسويق السياحي', 'السائح']",arab,0,article
ar,محاولات تشويه التراث الإسلامي في العراق,2020,Arab Scientific Heritage Journal,انس عصام الزيدي,10.54721/jrashc.1.45.612,https://openalex.org/W4213427201,['التراث'],arab,0,article
ar,المقومات السياحية الطبيعية لولاية جيجل: الواقع والآفاق,2022,مجلة التمكين الاجتماعي,Naim Bouamoucha; Hanane Bechta,10.34118/sej.v4i3.2507,https://openalex.org/W4404623445,['السياحية'],arab,0,article
ar,اثر استراتجية التسويق السياحي في مصر على ولاء السائحين الوافدين في السوق السياحي المصري,2024,Delta University Scientific Journal,نسرين فاروق معوض,10.21608/dusj.2024.399788,https://openalex.org/W4405814083,"['التبادل الثقافي', 'التسويق السياحي', 'السائحين', 'السياحي', 'صناعة السياحة']",arab,0,article
ar,"المتاحف الوطنية بالجزائر بين حفظ التراث والمساهمة في التنمية السياحية:, متحف الآثار القديمة والفنون الإسلامية نموذجا",2025,مجلة المفكر,مقدم بنت النبي; جميلة خالفيي,10.37136/0516-020-001-012,https://openalex.org/W4414961455,"['التنمية السياحية', 'المتاحف']",arab,0,article
ar,إسهامات الآليات الترويجية الحديثة والتدريب السياحي في ترقية وتطوير صناعة السياحة في الجزائر,2022,,عادل علام; إبراهيم بلحيمر,10.34277/1457-010-002-001,https://openalex.org/W4411907332,['صناعة السياحة'],arab,0,article
ar,التحلیل الجغرافى لخریطة استخدام الأرض بجزیرة الواسطى مرکز الفتح - محافظة أسیوط,2021,مجلة کلیة الآداب جامعة بورسعید,عصام عادل أحمد أحمد,10.21608/jfpsu.2021.71490.1071,https://openalex.org/W3172789904,['السياحة الريفية'],arab,0,article
ar,النظام القانوني للاستثمار في العقار السياحي بالجزائر,2016,مجلة القانون والعلوم السياسية,خليفي محمد,,https://openalex.org/W2971932323,['السياحي'],arab,0,article
ar,التنسیق المستدام للمنتزهات الوطنیة کاداة لتطویر السیاحة البیئیة (تطویر و تنسیق منتزة رغدان بالباحة - المملکة العربیة السعودیة),2016,Journal of Al-Azhar University Engineering Sector,محمود محمد احمد حماد,10.21608/auej.2016.19392,https://openalex.org/W2900808017,['السياحة البيئية'],arab,0,article
ar,التراث الثقافي المادي ودوره في التنمية السياحية المستدامة بسلطنة عمان دراسة تحليلية من منظور جغرافي,2022,Maǧallaẗ Kulliyyaẗ Al-Adāb bi Al-Wadī Al-Ǧadīd/Maǧallaẗ Kulliyyaẗ Al-Adāb bi Al-Wadī Al-Ǧadīd,سيد رمضان سيد عبد العال,10.21608/mkwn.2022.287427,https://openalex.org/W4322750781,"['التراث الثقافي', 'التنمية السياحية', 'السياحة الثقافية']",arab,0,article
ar,مقومات الجذب السیاحی فی مدینة الطائف إعداد / ریان محمد ناصر القویفمی,2019,مجلة بحوث کلية الآداب جامعة المنوفية,ریان محمد ناصر القویفلی,10.21608/sjam.2019.159994,https://openalex.org/W3153572639,['السفر والسياحة'],arab,0,article
ar,التقاليد الاجتماعية للقهوة في شبه الجزيرة العربية من خلال كتابات الرحالة الغربيين: رؤية الآخر,2024,مجلة دراسات الخليج والجزيرة العربية.,ياسر هاشم الهياجي,10.34120/jgaps.v50i193.3049,https://openalex.org/W4401546760,['الضيافة'],arab,0,article
ar,جوانب من التاريخ الثقافي في منطقة الخليج العربي البحرين – عمان- البصرة انموذجا خلال العصر الإسلامي,2019,Journal of Education College Wasit University,برهان جمعه درويش البالاني,10.31185/eduj.vol3.iss3.957,https://openalex.org/W3005755050,['التراث الثقافي'],arab,0,article
ar,الرياضة والسياحة: مقاربة بيئية,2014,المجلة الدولية للبحوث الرياضية المتقدمة,عبد العزيز الهنتــاتي,10.11111/assrarabic.v1i1.747,https://openalex.org/W1508854203,['السائح'],arab,0,article
ar,"سيمائية الصورة في المواقع الإلكترونية السياحية الرسمية دراسة تحليلية سيميولوجية لموقع ""روح السعودية""",2023,Dirasat Human and Social Sciences,سالي أسامة شحاته,10.35516/hum.v50i6.200,https://openalex.org/W4391148850,"['السائحين', 'السياحة الثقافية']",arab,0,article
ar,معوقات عملية النهوض بالقطاع السياحي في الجزائر,2011,جديد الاقتصاد,مجيطنة مسعود,,https://openalex.org/W2987784118,['السياحي'],arab,0,article
ar,واقع الإستثمار السياحي الصحراوي في الجزائر وسبل تطويره,2018,,شتاتحة هشام صلاح الدين,10.34277/1455-000-012-007,https://openalex.org/W2965778522,['السياحي'],arab,0,article
ar,نموذج نجاح لشراکة القطاعین العام والخاص فی إدارة وحمایة مواقع الجذب: دراسة حالة لمشروع تطویر منطقة أهرامات الجیزة.,2020,المجلة العلمیة لکلیة السیاحة و الفنادق جامعة الأسکندریة,دالیا أمارة; سهى بهجت,10.21608/thalexu.2020.48502.1033,https://openalex.org/W3120367803,['السياحة الثقافية'],arab,0,article
ar,النذور في التراث العراقي,2019,لارك,امتثال كاظم الموسوي,10.31185/lark.3548,https://openalex.org/W4395105413,['التراث'],arab,0,article
ar,تأثير التسويق الرقمي القائم على الحنين إلى الماضي في نية إعادة الزيارة: الدور الوسيط للإرتباط العاطفي ورضا الزوار، والدور المعدل للأصالة المدركة دراسة تطبيقية على زوار المتحف المصري الكبير,2026,المجلة العملیة التجارة والتمویل,أماني عاطف قطب البحيري; غادة مرزوق محمد عبد المغني; وجدان محمود رافت حجاج,10.21608/caf.2026.513304,https://openalex.org/W7166875758,['المتحف'],arab,0,article
ar,التحدیات التی تواجه التراث الثقافی المادی فی لیبیا وجهود حمایته فی ظل التغیرات الراهنة,2022,المجلة العربية لعلوم السياحة والضيافة والآثار,فاطمة منصور فرج; فوزیـــة سعید عمـار,10.21608/kjao.2022.259521,https://openalex.org/W4297834434,['التراث الثقافي'],arab,0,article
ar,دور تجارب السياحة الذكية في دعم النية المستقبلية للشراء في ضوء مقومات الجذب السياحي في مصر,2024,مجلة البحوث التجارية,رانيا علاء الدين أحمد خضر,10.21608/zcom.2024.324294.1384,https://openalex.org/W4404775921,['السائحين'],arab,0,article
ar,تقييم النخبة الأكاديمية لفاعلية الحملات الإعلانية عبر مواقع التواصل الاجتماعي في التسويق السياحي لمصر,2024,Al-Mağallah Al-ʿarabiyyaẗ Li Buḥūṯ Al-Itiṣāl wa Al-Iʿlām Al-Raqamī,رانيا أشرف محمد عبدالعزيز; صابرين علي محمد محمد; نيرة عبدالرؤوف احمد محمد; ياسمين أشرف توفيق البسيوني,10.21608/ajscd.2024.347353,https://openalex.org/W4394612471,"['التسويق السياحي', 'السائح']",arab,0,article
ar,دور تقنية الذكاء الاصطناعى فى التغلب على الاثار السلبية لجائحة كوفيد 19 على القطاع السياحى المصرى,2022,المجلة الدولية للتراث والسياحة والضيافة,رشا ابراهيم حسن صيام,10.21608/jihtha.2022.317489,https://openalex.org/W4387069511,"['السفر', 'الضيافة', 'صناعة السياحة']",arab,0,article
ar,اتجاهات طلبة الصف الحادي عشر بسلطنة عمان نحو السياحة المستدامة,2024,مجلة کلية التربية (أسيوط),أحمد الربعاني; زينب المشرفي,10.21608/mfes.2024.259824.1735,https://openalex.org/W4399017474,['السياحة المستدامة'],arab,0,article
ar,التسويق السياحي الالكتروني وآثره على مستوى أداء الخدمات في صناعة الضيافة دراسة تطبيقية على فنادق الدرجة الممتازة في العراق,2013,Journal of University of Babylon for Pure and Applied Sciences,سعد إبراهيم حمد,,https://openalex.org/W2939098679,"['التسويق السياحي', 'الضيافة', 'صناعة الضيافة']",arab,0,article
ar,"الأساس القانوني الوطني لسلطة الإدارة في حماية التراث الثقافي ""دراســة مقـــارنة .",2026,مجلة البحوث القانونية والإقتصادية (المنصورة),حيدر زرزور جودة الغانمى,10.21608/mjle.2026.517790,https://openalex.org/W7171288989,['التراث الثقافي'],arab,0,article
ar,دور الممارسات الخضراء فى تحقیق التنمیة السیاحیة المستدامة فی الفنادق المصریة,2021,المجلة الدولية للتراث والسياحة والضيافة,رشا رضا مختار قطب; عایدة فایز صابر,10.21608/jihtha.2021.286682,https://openalex.org/W4322752310,['التنمية السياحية'],arab,0,article
ar,إستراتيجية دور المواقع الالكترونية في تنشيط الطلب على السياحة العلاجية في الاردن,2012,مجلة الإقتصاد الجديد,قطيشـات فادي طاهـر; الشعـار اسحـق محمـود; خطـاب شـادي أحمـد; ابو رمان محمد عبدالرزاق,,https://openalex.org/W2923546181,['السياحة العلاجية'],arab,0,article
ar,التنمیة السیاحیة لمنطقة المعابد المطلة على بحیرة ناصر,2018,المجلة الدولية للتراث والسياحة والضيافة,شروق عاشور; فرج الله یوسف,10.21608/jihtha.2018.31486,https://openalex.org/W2946242469,['المنتجعات'],arab,0,article
ar,إستدامة السياحة البيئية الصحراوية كأساس محوري لدعم التنمية المستدامة. مع الإشارة إلى حالة الجزائر,2019,مجلة الاقتصاد الدولي والعولمة,معزوزي عيسى; بن تربح ابن تربح,,https://openalex.org/W3118830783,['السياحة البيئية'],arab,0,article
ar,مقومات ومؤشرات التنمية السياحية في الجزائر وبعض الدول المجاورة المنافسة لها )تونس-المغرب(,2018,مجلة التنمية والاقتصاد التطبيقي,بن لخضر السعيد; شنبي صورية,,https://openalex.org/W2943950730,['التنمية السياحية'],arab,0,article
ar,تاريخ السياحة الدينية في العراق,2023,journal of the college of basic education,ا.م.د. مسلم عوض مهلهل,10.35950/cbej.v1isi.10623,https://openalex.org/W4385664066,"['السياحة', 'السياحة الدينية']",arab,0,article
ar,التحولات الديمقراطية في جمهورية قيرغيزستان خلال الفترة ( 1991- 2021),2021,حوليات أداب عين شمس,هيله حمد المکيمي,10.21608/aafu.2021.200246,https://openalex.org/W3209586517,['طريق الحرير'],china,0,article
ar,الآثار الإسلامية في السودان,2022,Journal of Faculty of Arts University of Khartoum,انتصار صغيرون الزين,10.53332/jfa.v19i.728,https://openalex.org/W4294860580,['الآثار'],arab,0,article
ar,استلهام الزخارف الإسلامية وتوظيفها في المراكز الحرفية النسائية لتطوير السياحة ودعم الهوية الثقافية السعودية وفقا لرؤية 2030,2025,مجلة العمارة والفنون والعلوم الإنسانية,رسيل عبيدالله حسين القرافي; هبه سيد علي,10.21608/mjaf.2025.383683.3692,https://openalex.org/W4412360234,['السائحين'],arab,0,article
ar,"واقع وآفاق حماية التراث الثقافي في خضم التحولات السوسيو ثقافية للمجتمع الجزائري لباس المرأة التقليدية:, القفطان أنموذجا",2024,مجلة المحترف,نبيلة جلابي; دفتيحة حراث,10.46316/1676-011-999-001,https://openalex.org/W4411898714,['التراث الثقافي'],arab,0,article
ar,NEW RESULTS ON ANCIENT SETTLEMENT PATTERNS IN THE SOUTH-EASTERN QADISIYAH REGION (IRAQ). THE 2016-2017 IRAQI-ITALIAN QADIS SURVEY PROJECT,2018,Al-Adab Journal,Ahmed Abbas,10.31973/aj.v1i123.163,https://openalex.org/W2908260148,['التراث الثقافي'],arab,0,article
ar,ألواح فخارية غير منشورة من المتحف العراقي من العصر البابلي القديم,2022,Journal of Tikrit University for Humanities,Rasha Abdel Wahab Mahmoud Al- Juma'a; Ali Ghanem Hussein Daoud Al-Hayali,10.25130/jtuh.29.8.1.2022.10,https://openalex.org/W4312898390,['المتحف'],arab,1,article
ar,L’Activité Touristique en Algérie : Réalité et Perspectives de Développement = Tourism Activity in Algeria : Reality and Prospects for Development = النشاط السياحي في الجزائر : الواقع وآفاق التطور,2017,مجلة الباحث,Sabrina Amnache-Chikh,10.12816/0045397,https://openalex.org/W2806220779,['السياحي'],arab,1,article
ar,التسامح بين أطياف المجتمع العراقي في العصر العثماني 1534-1918,2024,Mustansiriyah Journal of Humanities,Ali Talib Obaid Al-Sultani,10.47831/mjh.v2i4.620,https://openalex.org/W4404796061,['الموروث الثقافي'],arab,0,article
ar,ضمن حملة للتعريف بالمناطق السياحية,2018,Qatar University QSpace (Qatar University),,,https://openalex.org/W7134710582,['السياحية'],arab,0,article
ar,دور التراث الثقافي في التنمية المستدامة في المجال السياحي في الجزائر موقع أشير و رابيدوم نموذجا,2021,مجلة التراث والتصميم,إسماعيل علال,10.21608/jsos.2021.154037,https://openalex.org/W3166718349,['التراث الثقافي'],arab,0,article
ar,تطبيقات المدينة الذكية ودورها في دعم السياحة الدينية,2021,السبط,نصير عبدالرزاق حسج البصري; نور منصور حسن,10.52790/2239-007-002-018,https://openalex.org/W4412180621,"['السياحة', 'السياحة الدينية']",arab,0,article
ar,منتدى شباب العالم:,2018,المجلة العلمية لبحوث العلاقات العامة و الإعلان,دینا عرابی; ایمان سلیمان,10.21608/sjocs.2018.104026,https://openalex.org/W3044665009,['السائحين'],arab,0,article
ar,نشر مجموعة من العملات السکندرية والبيزنطية المحفوظة بالمتحف المصري بالقاهرة,2021,مجلة بحوث الشرق الأوسط,کرستين أشرف وديع,10.21608/mercj.2021.83088.1107,https://openalex.org/W3196380615,['المتحف'],arab,0,article
ar,أثر العوامل الاجتماعية والثقافية على فعالية إدارة السياحة في المشاريع الكبرى: منظور إنساني,2025,مجلة العلوم الإنسانية و الإجتماعية,أشرف فوزي الجندي,10.26389/ajsrp.h280725,https://openalex.org/W4413859859,['السياحة المستدامة'],arab,0,article
ar,خارطة التراث الشعبي في مصر,2023,الفن المعاصر,,10.21608/aoa.2023.458554,https://openalex.org/W4415347239,['التراث'],arab,0,article
ar,التسويق السياحي لدعم مكانة الجزائر كوجهة سياحية على ضوء ما جاء به المخطط التوجيهي لتهيئة السياحية 2030 (SDAT2030),2019,مجلة رماح للبحوث والدراسات,رقية منصوري,10.12816/0052550,https://openalex.org/W4236445172,['التسويق السياحي'],arab,0,article
ar,أدب الرحلات من خلال مظاهر من الحياة الاجتماعية في المدينة المنورة 1661 - 1710 م,2019,مجلة مركز بابل للدراسات الإنسانية,بنان صلاح الدين,10.33843/1152-009-001-001,https://openalex.org/W3092919431,['الرحلات'],arab,0,article
ar,المقــــــومات البشرية للجذب السياحي بمنطقة الساحل الغربي لخليج العقبة ؛ دراسة جغرافية باستخدام نظم المعلومات الجغرافية,2025,الإنسانيات,أ. جيلان عبدالنبى عبد العزيزعرقوب,10.21608/ins.2025.453276,https://openalex.org/W4414293237,['السائحين'],arab,0,article
ar,توظيف التراث الشعبي في الرواية الجزائرية,2017,FORUM  DE  L' ENSEIGNANT منتدى الأستاذ,Mouna Bechlem,,https://openalex.org/W2788317298,['التراث'],arab,0,article
ar,الآليات الوطنية لحماية التراث الثقافي الجزائري,2022,مجلة العلوم القانونية والاجتماعية,العلاء سائحي; محمد المصطفى فيلاح,10.53419/2259-007-002-009,https://openalex.org/W4412145236,['التراث الثقافي'],arab,0,article
ar,"دراسة تأثير أبعاد جودة الخدمة السياحية على ترقية الوكالات السياحية الجزائرية:, دراسة حاله الوكالات السياحية بوهران",2020,,مباركة مساوى; ابتسام قارة,10.37136/0504-014-003-010,https://openalex.org/W4411835533,['السياحية'],arab,0,article
ar,تطبیق نظام SISPIO لتقییم مقومات الجذب السیاحی بمحافظة المنیا,2017,المجلة الدولية للتراث والسياحة والضيافة,نهاد یحیى; محمد الشربینی,10.21608/jihtha.2017.28198,https://openalex.org/W2918482808,['السائحين'],arab,0,article
ar,مجلة حوليات التراث العدد 23,2023,DOAJ (DOAJ: Directory of Open Access Journals),د. محمد عباسة,,https://openalex.org/W7211176060,['التراث'],arab,0,article
ar,دور تطبيق تقنية الهولوجرام كأداة تسويقية للمواقع الأثرية المصرية بالبورصات السياحية العالمية,2023,Journal of Association of Arab Universities for Tourism and Hospitality,shams mandour,10.21608/jaauth.2023.241047.1510,https://openalex.org/W4388159546,"['السائحين', 'السياحية']",arab,1,article
ar,التراث القبطی المرتبط بالأعیاد السیدیة الكبرى,2022,مجلة کلية السياحة والفنادق جامعة المنصورة,میرى مجدى أنور كامل; دالیا محمود محمد القلق,10.21608/mkaf.2022.260477,https://openalex.org/W4297920813,['التراث'],arab,0,article
ar,الحماية القانونية للبيئة الحضرية في المدن الجزائرية في إطار التنمية السياحية المستدامة,2017,مجلة المفكر,أمينة ريحاني,10.12816/0045156,https://openalex.org/W2800917733,['التنمية السياحية'],arab,0,article
ar,حوكمة المبادرات العابرة للحدود: مبادرة الحزام والطريق من المنظورين الصيني-المصري,2026,مجلة البحوث المالیة والتجاریة,شريف سيف الدين خليل,10.21608/jsst.2026.466117.2202,https://openalex.org/W7128905815,['مبادرة الحزام والطريق'],both,0,article
ar,استقراء اولي للممكنات المتاحة والمزايا الاقتصادية المتوقعة لانضمام العراق الى مبادرة الحزام والطريق الصينية,2022,Academic Journal of Nawroz University,Muhanad Aziz Mohammed Shalal; Njyar Mohammed Salim Mahmood,10.25007/ajnu.v11n3a1350,https://openalex.org/W4293373723,['مبادرة الحزام والطريق'],both,0,article
ar,دور الفنادق البیئیة السوریة فى تحقیق التنمیة السیاحیة المستدامة,2022,مجلة کلية السياحة والفنادق جامعة المنصورة,نزار نزیه الجندی,10.21608/mkaf.2022.261421,https://openalex.org/W4312337463,"['التنمية السياحية', 'الموروث الثقافي']",arab,0,article
ar,"دور المواقع الالکترونية في التسويق السياحي ""EG gate نموذجا""",2021,Buḥūṯ /Buḥūṯ,حنان علاء,10.21608/buhuth.2021.82509.1141,https://openalex.org/W3198684640,"['التسويق السياحي', 'السائح']",arab,0,article
ar,تقييم مهارات التواصل الاجتماعي لدى الدليل السياحي في الأردن من وجهة نظر السياح الأجانب: دراسة استطلاعية في موقع البتراء الأثري,2021,Dirasat Human and Social Sciences,Sawsan Haider Abdullah Khreis,,https://openalex.org/W2908145065,['السائح'],arab,0,article
ar,التسويق السياحي الأخضر كنمط لترقية الوجهة السياحية المستدامة بالإشارة إلى تجربة دار زغوان بتونس,2019,,حمزة د. مزيان; نادية بن سالم,,https://openalex.org/W3097583162,['التسويق السياحي'],arab,0,article
ar,تشخيص استراتيجية التسويق السياحي في الجزائر,2016,رؤى اقتصادية,فوزية بوصفصاف,,https://openalex.org/W2278946954,"['التسويق السياحي', 'السياحي']",arab,0,article
ar,الآثار الیمنیة ومخاطر الحرب والکوارث الطبیعیة,2021,حولية الاتحاد العام للآثاريين العرب دراسات فى آثار الوطن العربى,منیر العریقى,10.21608/cguaa.2021.97310.1094,https://openalex.org/W3199619183,['الآثار'],arab,0,article
ar,قصبة منت: التاريخ والذاكرة,2022,دورية کان التاريخية,جواد التباعي,10.21608/kan.2022.309679,https://openalex.org/W4385468263,['السياحة الثقافية'],arab,0,article
ar,دور التكنولوجيا في تحسين اداء وكفاءة المرشد السياحي دراسة تطبيقية على محافظة بغداد بالعراق,2023,مجلة کلية السياحة والفنادق جامعة المنصورة,زينب عبد الرضا; محمد احمد عبد اللطيف; محمود عبدالله,10.21608/mkaf.2023.326837,https://openalex.org/W4389066688,['صناعة السياحة'],arab,0,article
ar,كشف التغير في المساحات الخضراء في مدينة مكة المكرمة لعامي ۲۰۱۳-۲۰۰۰م باستخدام تقنية الاستشعار عن بعد ونظم المعلومات الجغرافية,2016,مجلة جامعة جازان للعلوم الإنسانية,زين الجميعي,10.63908/zj4wf214,https://openalex.org/W4410866241,['العمرة'],arab,0,article
ar,"تطوير الحماية القانونية الدولية للموارد الطبيعية ذات القيمة الثقافية ""دراسة تطبيقية على نهر النيل""",2023,المجلة الدولية للفقه والقضاء والتشريع,سلوى الاكيابي,10.21608/ijdjl.2023.196350.1198,https://openalex.org/W4380200941,['التراث الثقافي'],arab,0,article
ar,التداعيات الاقتصادية لفيروس كورونا علي القطاع السياحي,2022,Maǧallaẗ Rūḥ Al-Qawānīn /Maǧallaẗ Rūḥ Al-Qawānīn,محمد السيد السيد جودت الشاعر; احمد محمد ماهر احمد السعيد الطوخى,10.21608/las.2022.167839.1097,https://openalex.org/W4307113956,['السياحي'],arab,0,article
ar,صناعة السياحة في الجزائر والمغرب -فرص وتحديات-,2018,,حسين بن العارية; محمد مدياني,,https://openalex.org/W2903662209,"['السياحة', 'صناعة السياحة']",arab,0,article
ar,مجلة حوليات التراث العدد 13,2013,DOAJ (DOAJ: Directory of Open Access Journals),د. محمد عباسة,,https://openalex.org/W7210312656,['التراث'],arab,0,article
ar,اللغة العربية والذکاء الاصطناعى. کيف يمکن الاستفادة من تقنيات الذکاء الاصطناعى فى تعزيز اللغة العربية ؟,2020,المجلة التربوية لکلية التربية بسوهاج,جمال خليل الدهشان,10.21608/edusohag.2020.82577,https://openalex.org/W3041561860,['التراث الثقافي'],arab,1,article
ar,الآثار القانونية لإنقسام الشركات التجارية,2024,"Journal of Arts, Literature, Humanities and Social Sciences",د. امجد مفلح غانم الحمد,10.33193/jalhss.102.2024.1057,https://openalex.org/W4393039959,['الآثار'],arab,0,article
ar,المبادئ القانونية لحقوق المكلف بالضريبة في القانون الأردني والمصري,2017,,Adel Faih Al-Ali; Hamdi Suleiman al-Tribes,,https://openalex.org/W2900852536,['السفر'],arab,0,article
ar,تسويق وجهة الجزائر ضمن المخططات التوجيهية للتهيئة السياحية الولائية ولاية قسنطينة -نموذجا-,2018,مجلة جامعة الأمير عبد القادر للعلوم الإسلامية,حسيبة سميرة,10.37138/emirj.v32i1.1645,https://openalex.org/W4323658175,['التنمية السياحية'],arab,0,article
ar,دور الضيافة في عصر الرسالة,2022,Journal of Education College Wasit University,رنا سالم محمد,10.31185/eduj.vol48.iss3.3116,https://openalex.org/W4297148186,['الضيافة'],arab,0,article
ar,التخطيط السياحي ودوره في تحقيق التنمية السياحية بالجزائر,2018,مجلة آفاق لعلم الاجتماع,العلجة قرينات,,https://openalex.org/W2911901788,"['التنمية السياحية', 'السياحي', 'السياحية']",arab,0,article
ar,منحوتة جدیدة فی المتحف العراقی,2017,حوليات أداب عين شمس,فیحاء علی,10.21608/aafu.2017.16426,https://openalex.org/W2897610201,['المتحف'],arab,0,article
ar,التنمية السياحية المستدامة رهان الاقتصاد الجزائري ما بعد النفط.,2018,حوليات جامعة قالمة للعلوم الاجتماعية والإنسانية,الدراجي لعفيفي; عبد الرحمن أولاد زاوي,,https://openalex.org/W2907355645,"['التنمية السياحية', 'السياحية']",arab,0,article
ar,"الدور التبادلي في رابط ""الصناعات التقليدية والحرف التنمية السياحية"":, حالة الجزائر",2020,,سليم عابر; الجيلالى بن عوالى; ليلى عثمان,10.54666/2334-004-002-010,https://openalex.org/W3086998904,['التنمية السياحية'],arab,0,article
ar,نحو تنمیة سیاحیة مستدامة لمنطقة تل الفرخة بمحافظة الدقهلیة,2017,مجلة کلية السياحة والفنادق جامعة المنصورة,أحمد عادل محمود محمد حماد; کریم أحمد عبد الفتاح علی; ولـیـد سـید أمیـن عبد الله,10.21608/mkaf.2017.154081,https://openalex.org/W3139262833,"['التنمية السياحية', 'السياحة الثقافية']",arab,0,article
ar,الآثار المترتبة على الغضب في مصر القديمة,2012,الإنسانيات,عبد المنعم محمد مجاهد,10.21608/ins.2012.234095,https://openalex.org/W4302540069,['الآثار'],arab,0,article
ar,عملات رومانية متأخرة غير منشوره محفوظة بالمتحف المصري بالقاهرة,2023,International Journal of Tourism and Hospitality Studies /International Journal of Tourism and Hospitality Studies,Marwa Badwy,10.21608/ijthsx.2023.225325.1061,https://openalex.org/W4387612409,['المتحف'],arab,0,article
ar,ممارسات الإبتکار السیاحی فی صناعة السیاحة: دراسة حالة مصر,2020,مجلة کلية السياحة والفنادق - جامعة مدينة السادات,یحیی الزق; هبةالله جعفر; حمیدة عبدالسمیع,10.21608/mfth.2020.103144,https://openalex.org/W3043912051,['صناعة السياحة'],arab,3,article
ar,رؤوس البیارق المعدنیة فی مصر فی القرن 13هـ/19م فی ضوء مجموعة المتحف الإثنوغرافی بالقاهرة (الجمعیة الجغرافیة) ( دراسة آثاریة فنیة),2020,المجلة الدولية للتراث والسياحة والضيافة,جهاد عزت; میرفت عبد الهادى; حمادة ثابت,10.21608/jihtha.2020.191723,https://openalex.org/W3196518255,['المتحف'],arab,0,article
ar,تقييم دور الصحافة الإلكترونية في تنشيط السياحة المحلية في مصر,2022,"International Journal for Tourism, Archaeology and Hospitality",mayaada abdel hamid,10.21608/ijtah.2022.171736.1016,https://openalex.org/W4312598784,['السائحين'],arab,0,article
ar,Administrative regulations for the protection of ancient medinas under the law 98_04 on cultural heritage protection,2023,Revue Sciences Humaines (Université des Frères Mentouri Constantine 1),حنان بلمرابط; Hanane Belmerabet; Hanane Belmerabet,,https://openalex.org/W7139415786,['التراث الثقافي'],arab,0,article
ar,السياحة والإرشاد السياحي في مصر في العصر البيزنطي,2024,مجلة کلية السياحة والفنادق جامعة المنصورة,نعيمة محمد إبراهيم,10.21608/mkaf.2024.363707,https://openalex.org/W4400384967,"['السفر', 'السياحي']",arab,0,article
ar,مقررات دراسية,2011,Qatar University QSpace (Qatar University),أيمن صقر,,https://openalex.org/W7123377688,['المتاحف'],arab,0,article
ar,مردود التكنولوجيا الرقمية على التراث الثقافي الفني: التراث الوثائقي السينمائي دراسة حالة,2024,مجلة العمارة والفنون والعلوم الإنسانية,مروة الشوربجي,10.21608/mjaf.2024.247911.3263,https://openalex.org/W4390838816,"['التراث', 'التراث الثقافي']",arab,0,article
ar,تأثير الإعلان السياحي في قرار اختيار السائح لوجهاته السياحية بالجزائر,2019,مجلة إقتصاد المال والأعمال,يوسف خروبي; عيسى نجيمي; بلقاسم تويزة,,https://openalex.org/W2996819181,['السائح'],arab,0,article
ar,ترجمة احالات الخريطة الأثرية لمدينة تلمسان من خلال بعض العينات )عمارة دينية ، جنائزية ووظيفية,2023,Dépôt Institutionnel de lUniversité de Tlemcen,محمد يس مهتاري,,https://openalex.org/W7135334238,['التراث الثقافي'],arab,0,dissertation
ar,إدارة الآثار والتراث الليبي,2015,Al-Mukhtar Journal of Social Science,احمد عيسى فرج Ahmed Issa Faraj,10.54172/t8sg5s59,https://openalex.org/W4403223731,['الآثار'],arab,0,article
ar,تثميم الأسطوانة التفاعلية ببرنامجالسويش ماكسلتعليم أنماط الجمل العربية في مادة دروس العربية المكثفة للكتابة الأولى,2011,SKRIPSI Jurusan Sastra Arab - Fakultas Sastra UM,Abdur Rokhim Romadhoni,,https://openalex.org/W2741476685,['الحج والعمرة'],arab,0,article
ar,الآثار المالية للضرائب الكمركية في الاقتصاد العراقي,2016,,منتظر فاضل سعد البطاط; منتظر فاضل سعد البطاط,10.33762/0295-044-003.004-001,https://openalex.org/W2943156541,['الآثار'],arab,0,article
ar,السياحة البيئية في ساحل العقير بالمملكة العربية السعودية: الواقع والمأمول,2020,,حلو عبدالعاطي محمد; عباس الطيب بابكر مصطفى; يسين عبد الله الحضر,10.0001/sgj.v2i1.2663,https://openalex.org/W3009906600,['السياحة البيئية'],arab,0,article
ar,"الآثار الاجتماعية والاقتصادية لجائحة کورونا على السياحة الثقافية في مصر ""دراسة سوسيوأنثروبولوجية في قرية تونس بمحافظة الفيوم""",2021,Mağallaẗ Al-Dirāsāt Al-Insāniyyah wal-Adabiyyah /Mağallaẗ Al-Dirāsāt Al-Insāni yyaẗ wa Al-Adabiyyaẗ,,10.21608/shak.2021.193073,https://openalex.org/W4254506040,"['الآثار', 'السياحة', 'السياحة الثقافية']",arab,1,article
ar,التوزيع الجغرافي للمتاحف في العراق,2025,Al-Adab Journal,صفاء الربيعي; ناهض محمد,10.31973/p9tbdy98,https://openalex.org/W4414186494,['المتاحف'],arab,0,article
ar,فريضة الحج بين الرخص الشرعية والرخص الفقهية وترخص المکلفين (دراسة فقهية ),2019,مجلة کلیة الشریعة و القانون بطنطا مجلة فصلیة علمیة محکمة,رمضان السيد إسماعيل القطان,10.21608/mksq.2019.46237,https://openalex.org/W2972241370,['الحج'],arab,0,article
ar,جائحة كورونا بين تداخل الوصف القانوني وتشعب الآثار القانونية على علاقات العمل,2021,International Review of Law,فوزي بن أحمد بالكناني,10.29117/irl.2020.0136,https://openalex.org/W3173228177,['الآثار'],arab,1,article
ar,الحماية القانونية للممتلكات الثقافية العقارية على ضوء التشريع الجزائري,2021,مجلة المعيار,حسينة غواس,10.37138/mieyar.v25i9.5206,https://openalex.org/W4324386471,"['التراث الثقافي', 'الموروث الثقافي']",arab,0,article
ar,الزخارف الجصیة بقصر أحمد بای بمدینة قسنطینة,2015,The Conference Book of the General Union of Arab Archaeologists/The Conference Book of the General Union of Arab Archaeologists,Zahira Hamroush,10.21608/cguaa.2015.31012,https://openalex.org/W2946353676,['المعالم الأثرية'],arab,0,conference-paper
ar,الأحكام الموضوعية لجرائم الاعتداء على التراث الثقافي (دراسة مقارنة بين الفقه الإسلامي والقوانين الوضعية),2024,المجلة القانونیة,محمد حسين موسى,10.21608/jlaw.2024.354275,https://openalex.org/W4399022883,['التراث الثقافي'],arab,0,article
ar,تصور مقترح من منظور خدمة الفرد للتعامل مع مشكلة التنمر الوظیفی ضد المرأة فی بیئة العمل فی القطاع الخاص دراسة مطبقة على عینة من النساء العاملات فی القطاع الخاص التجاری بمدینة مكة المكرمة,2022,مجلة کلية الخدمة الاجتماعية للدراسات والبحوث الاجتماعية,تركی حسن أبو العلا,10.21608/jfss.2022.263952,https://openalex.org/W4313193043,['الضيافة'],arab,0,article
ar,التراث العربي وانساقه العلمية الاجتماعية,2021,Al-Adab Journal,عبد اللطيف عبد الحميد العاني,10.31973/aj.v0i42.2557,https://openalex.org/W4384757070,['التراث'],arab,0,article
ar,تعزیز آلیات تدویل الجامعات المصریة لزیادة قدراتها التنافسیة فی ضوء مبادرة الحزام والطریق الصینیة (دراسة مقارنة),2022,مجلة کلية التربية,حنان صلاح الدین محمد الحلوانی,10.21608/jfe.2022.282684,https://openalex.org/W4318813557,['مبادرة الحزام والطريق'],both,0,article
ar,أهمية أدب الرحلات من الناحية الأدبية,2016,مجلة اللغة,فردوس أحمد بت,10.12816/0039347,https://openalex.org/W2770041084,['الرحلات'],arab,0,article
ar,نحو تثمين وترويج التراث الثقافي غير المادي الجزائري من خلال المكتبات,2025,Al-Mağallah Al-ʿarabiyyaẗ Al-Dawliyyaẗ Li Idāraẗ Al-Maʿrifaẗ/Al-Mağallah Al-ʿarabiyyaẗ Al-Dawliyyaẗ Li Idāraẗ Al-Maʿrifaẗ,خديجة أولم,10.21608/aikm.2025.348093.1102,https://openalex.org/W4409847873,['التراث الثقافي'],arab,0,article
ar,تحليل المحتوى الثقافي في الكتب التعليمية الرئيسية لتخصص اللغة العربية في الجامعات الصينية من منظور التربية والتواصل الحضاري,2026,PRSM,تشاو هوي جيه Huijie 赵慧杰 Zhao,10.34874/prsm.ejc-vol3iss1.8992,https://openalex.org/W7151407511,['مبادرة الحزام والطريق'],both,0,article
ar,علاقة ترقية المؤسسات السياحية الجزائرية بابعاد جودة الخدمة السياحية -دراسة حالة مجموعة من وكالات السياحة و الاسفار لولاية وهران-,2019,Dépôt Institutionnel de lUniversité de Tlemcen,Mebarka Moussaoui,,https://openalex.org/W7135302851,['السياحية'],arab,0,dissertation
ar,حد السفر والإقامة فی الفقه الإسلامی دراسة مقارنة,2022,مجلة کلية الشريعة والقانون بتفهنا الأشراف - دقهلية,عبد الله بن راضی الشمری,10.21608/jfslt.2022.251555,https://openalex.org/W4290017448,['السفر'],arab,0,article
ar,برنامج فی القراءة الموسعة قائم على الرحلات المعرفیة لتنمیة الکتابة الإبداعیة لدى طلاب المرحلة الثانویة,2019,بحوث فى تدريس اللغات,خولة محمد منصور المز وغی,10.21608/ssl.2019.83032,https://openalex.org/W3020273790,['الرحلات'],arab,0,article
ar,تصنيف المدن العربية في التراث الجغرافي,2019,لارك,وفاء حسن جبر طاهر,10.31185/lark.vol4.iss23.568,https://openalex.org/W2981440772,['التراث'],arab,0,article
ar,طريق الحرير الجديد في الاستراتيجية الصينية: الأهداف الكبرى، والوزن الاستراتيجي، والتحديات,2020,سياسات عربية,محمد مطاوع,,https://openalex.org/W3115940886,['طريق الحرير'],china,0,article
ar,المتحف الذكي للحضارات اليمنية,2026,"University of Science and Technology Institutional Repository (University of Science and Technology, Sana’a, Yemen)",العزعزي، احمد عادل غانم,,https://openalex.org/W7203850000,['المتحف'],arab,0,article
ar,عــمــرة المــكــي: رواية ودراية,2020,Mağallaẗ al-ʻulūm al-islāmiyyaẗ,عبد الرحمن بن عبد الوهاب الصديقي,10.26389/ajsrp.w150820,https://openalex.org/W3162654128,['العمرة'],arab,0,article
ar,إدارة المیاه فی صناعة الضیافة: وجهات نظر إداریة,2020,المجلة العلمیة لکلیة السیاحة و الفنادق جامعة الأسکندریة,محمد عبدالراضی; فاتن محمد حسین,10.21608/thalexu.2020.47185.1031,https://openalex.org/W3119634809,"['السائح', 'الضيافة', 'صناعة الضيافة']",arab,0,article
ar,تحليل جغرافي لمقومات السياحة الدينية في مدينة كربلاء المقدسة,2014,Al-Ghary Journal of Economic and Administrative Sciences,احمد عبد الكريم النجم,10.36325/ghjec.v9i27.5814,https://openalex.org/W4401061128,['السياحة الدينية'],arab,0,article
ar,الحزام الثقافي : تاريخ التبادل الثقافي بين الصين والعرب,2017,المستقبل العربي,جعفر كرار أحمد,10.12816/0038774,https://openalex.org/W2769980264,['التبادل الثقافي'],both,0,article
ar,التراث والتجديد في الفكر العربي المعاصر,2015,مجلة الحوار الثقافي,عميرات محمد أمين,10.37140/1701-004-002-007,https://openalex.org/W2997315683,['التراث'],arab,0,article
ar,الشيكات السياحية - دراسة قانونية فقهية,2017,مجلة الحقوق.,صالح العلي; عبدالرزاق أحمد الشيبان,10.34120/jol.v41i3.2285,https://openalex.org/W4399173325,['السياحية'],arab,0,article
ar,حماية العقار السياحي في التشريع الجزائري,2018,مجلة الاجتهاد للدراسات القانونية والاقتصادية,محديد حميد,10.36540/1914-000-017-016,https://openalex.org/W2988333718,['السياحي'],arab,0,article
ar,قطاع السياحة في الجزائر:الفرص و التحديات,2017,مجلة البحوث و الدراسات التجارية,السبتي وسيلة; صحراوي محمد تاج الدين,,https://openalex.org/W2966749442,['السياحة'],arab,0,article
ar,الحج والأضرحة إبان العهد العثماني المتأخر وفي الأردن,2013,Presses de l’Ifpo eBooks,بتاني والكر; نوريغ نوفو,10.4000/books.ifpo.7754,https://openalex.org/W1526487770,['الحج'],arab,0,book-chapter
ar,تعزيز دور التقنيات الحديثة في العرض المتحفي للأطفال,2023,Al-Adab Journal,انتصار العبيدلي; منذر جمحاوي; أسيل حسين,10.31973/aj.v1i145.3961,https://openalex.org/W4380683655,['المتحف'],arab,0,article
ar,الطابع البريدي مدخلا في استحداث تصميمات للمعلقات النسجية المطبوعة لإحياء التراث المصري ..,2024,مجلة الفنون والعلوم التطبيقية,نجلاء محمد طعيمة; داليا كمال إبراهيم بسيوني; آية السيد حرات,10.21608/maut.2024.343941,https://openalex.org/W4392625415,['التراث الثقافي'],arab,0,article
ar,واقع السياحة االإلكترونية في الجزائر,2016,,معياش إدير,,https://openalex.org/W2762617368,['السياحة'],arab,0,article
ar,إستراتیجیات وسیاسات التکیف والتخفیف مع تغیر المناخ المتعلقة بالتراث الثقافی فی مصر,2021,مجلة کلية السياحة والفنادق - جامعة مدينة السادات,إسلام کمال; مجدی فکری; إسلام أبوالمجد; نشوة سلیمان,10.21608/mfth.2021.190352,https://openalex.org/W3195270027,['التراث الثقافي'],arab,0,article
ar,اتجاهات الشباب العراقي نحو الأمثال الشعبية العراقية,2024,Al-Adab Journal,جمان حسين,10.31973/0nazzt41,https://openalex.org/W4405400874,['التراث الثقافي'],arab,0,article
ar,"دراسة حول التنوير في کتاب ""محاضرات في الدستور"" مراجعة الدراسات السابقة",2021,مجلة کلیة الآداب القاهرة,حسن کمال حرب,10.21608/jarts.2021.153346,https://openalex.org/W3136061438,['الموروث الثقافي'],china,0,article
ar,المشروع النهضوي عند حسن حنفي,2019,Tishreen University Journal- Arts and Humanities Sciences Series,خليل الخليل,,https://openalex.org/W2999551439,['الموروث الثقافي'],arab,0,article
ar,"المحضور في الموروث الثقافي والاجتماعي لسكان بلاد المغرب الإسلامي خلال العصر الوسيط:, السحر أنموذجا",2025,مجلة جسور المعرفة,بن سعيد بن ميرة; معمر عفاس,10.35645/1711-011-001-005,https://openalex.org/W4411887937,['الموروث الثقافي'],arab,0,article
ar,An Unpublished Stela of Kharu and his wife Ty in the Egyptian Museum in Cairo (Temp. No. 11.1.25.7) لوحة غیر منشورة للمدعو خارو و زوجته تی فى المتحف المصری بالقاهرة (رقم مؤقت 11.1.25.7),2017,The Conference Book of the General Union of Arab Archaeologists/The Conference Book of the General Union of Arab Archaeologists,Ahmed Hamden,10.21608/cguaa.2017.29857,https://openalex.org/W3118409979,['المتحف'],arab,0,conference-paper
ar,مدى تعزيز الهوية السعودية في ضوء رؤية المملكة 2030 بمقرر اللغة الإنجليزية للصف الأول المتوسط بمدينة الرياض,2022,Maǧallaẗ Kulliyyaẗ Al-Tarbiyyaẗ Bil-Manṣūraẗ,نورة بنت عبد الرحمن بن عثمان الهليل,10.21608/maed.2022.264153,https://openalex.org/W4312653056,['الحج والعمرة'],arab,0,article
ar,موقف العراق من تأسيس جيش منظمة التحرير الفلسطينية,2023,Journal of Tikrit University for Humanities,معاذ هلال جاسم; علاءالدين عباس عبد العيساوي,10.25130/jtuh.30.2.2.2023.15,https://openalex.org/W4391858753,['السفر'],arab,0,article
ar,فعالية دور مؤسسات التعليم السياحي والفندقي في تعزيز مكانة المشروبات الكحولية بصناعة الضيافة,2023,مجلة کلية السياحة والفنادق - جامعة مدينة السادات,عبد المنعم العدوي,10.21608/mfth.2023.299179,https://openalex.org/W4378554851,['الضيافة'],arab,0,article
ar,الآليات القانونية لحماية السياحية البيئية في الجزائر,2013,مجلة البحوث السياسية و الادارية,لغلام عزوز,,https://openalex.org/W2895258080,['السياحية'],arab,0,article
ar,مشاهد الصراع في العصر الأكدي في ضوء طبعات الأختام غير المنشورة من المتحف العراقي,2025,Mağallaẗ Ǧamʿiyyaẗ Turāṯ Miṣr,حسام جميل عزيز المرعبي; هبة ماهر محمود; باسم محمد خطاب,10.21608/mgtm.2025.407782.1039,https://openalex.org/W4412857756,['المتحف'],arab,0,article
ar,التسويق عبر الموقع الالكتروني وأثره على مستوى جودة الخدمات السياحية دراسة تطبيقية على عينة من الوكالات السياحية في الجزائر,2019,أبحاث إقتصادية معاصرة,شلالي د. الطاهر حسام الدين; صيلع د. عبد الله,,https://openalex.org/W3094135375,['السياحية'],arab,0,article
ar,وجدان بنت سعید جبار الشهری,2020,Mağallaẗ Al-Qirā'aẗ wa Al-Maʿrifaẗ/Mağallaẗ Al-Qirā'aẗ wa Al-Maʿrifaẗ,وجدان بنت سعید جبار الشهری,10.21608/mrk.2020.101042,https://openalex.org/W4241055551,['المتحف'],arab,0,article
ar,مساهمة الإعلام السياحي المرئي في تفعيل التنمية السياحية في الجزائر قراءة وصفية لبرامج قناة شمس السياحية,2021,Annales de l’université d’Alger,شعبان كريمة,,https://openalex.org/W3172715763,"['التنمية السياحية', 'السياحية']",arab,0,article
ar,البنية التحتية كأحد متطلبات صناعة السياحة وترقيتها في الجزائر,2020,الريادة لاقتصاديات الأعمال,زينب غزالي; رحمة غزالي,,https://openalex.org/W3004181096,['صناعة السياحة'],arab,0,article
ar,الفصل الأول: عوالم متأزمة. الحج إلى مكة، تهديد للإمبراطوريات,2021,Centre français de recherche de la péninsule Arabique eBooks,لـــوك شـــانـــتر,10.4000/books.cefas.3460,https://openalex.org/W3177988975,['الحج'],arab,0,book-chapter
ar,الرحلات المعرفية عبر الويب في تدريس مقرر الكمبيوتر وتكنولوجيا المعلومات والإتصالات لتنمية التفكير التأملي والتحصيل الدراسي لدي تلاميذ المرحلة الأعدادية.,2021,Al-Maǧallaẗ Al-Dawliyyaẗ Lil Buḥūṯ wa Al-Dirāsāt fi Al-Tarbiyyaẗ Al-Nawʿiyyaẗ,إيمان ربيع العساس,10.21608/adbt.2021.220788,https://openalex.org/W4246192572,['الرحلات'],arab,0,article
ar,الهجرة غير الشرعية من منظور الفقه الإسلامي.,2023,حولیة کلیة الدراسات الإسلامیة والعربیة للبنات بالمنصورة,نجلاء لبيب حسين عبد الرحمن,10.21608/bfsgm.2023.332542,https://openalex.org/W4390514047,['السفر'],arab,1,article
ar,مؤلفات قلع الآثار في التراث العربي,2015,Journal of Islamic Manuscripts,‮لطف‬‎ ‮قاري‬‎,10.1163/1878464x-00601007,https://openalex.org/W2797442808,"['الآثار', 'التراث']",arab,0,article
ar,الاستراتيجيات الاتصالية للعلاقات العامة الحكومية عبر المنصات الرقمية في الوزارات,2026,Al-Maǧallah Al-Miṣriyyaẗ Li-Buḥūṯ Al-Iʿlām,عبدالله أحمد الدقاش; علي عجوة; فتحية صبري,10.21608/ejsc.2026.499247,https://openalex.org/W7154890642,['الحج والعمرة'],arab,0,article
ar,"إدارة تجربة العمرة في ظل جائحة کورونا "" کوفيد 19 "" (دراسة تقيمية لواقع الخدمات المقدمة)",2021,الفکر المحاسبى,أفنان عقيل بوشة; سعد عزيز حبيب العتيبي,10.21608/atasu.2021.210311,https://openalex.org/W4206134395,['العمرة'],arab,0,article
ar,الجغرافيا السياحية في سلطنة عمان: محافظة ظفار أنموذجا,2019,,عيسى بن تمان بن محاد سالم العمري,10.33953/0381-002-012-002,https://openalex.org/W4411836966,['السياحية'],arab,0,article
ar,مجسمات فخارية فرثية من تل الغريرة في المتحف العراقي,2019,لارك,أحمد عزيز سلمان; برهان عبد الرضا الدلفي,10.31185/lark.3547,https://openalex.org/W4395105418,['المتحف'],arab,0,article
ar,السياحة البيئية ودورها في تحقيق التنمية المستدامة في ولاية تيزي وزو - الجزائر,2022,مجلة علوم الإنسان والمجتمع,وهيبة الجوزي خليفاتى; عمر قريعة,10.37136/2000-011-003-005,https://openalex.org/W4412133580,['السياحة البيئية'],arab,0,article
ar,دور الأمم المتحدة والمشاركة المصرية وأهميتها في عملية حفظ السلام بجمهورية مالى,2024,المجلة العلمية للدراسات التجارية والبيئية,أسامة ابرهيم الدسوقى أحمد; سلوي السعيد فراج; ريمان أحمدعبدالعال,10.21608/jces.2024.361593,https://openalex.org/W4400044525,['التبادل الثقافي'],arab,0,article
ar,مكافحة الإجرام السياحي وأثره على السياحة المستدامة في الجزائر = Confrontation of Tourism Crime and Its Effects on Sustainable Tourism in Algeria,2019,مجلة الاجتهاد للدراسات القانونية والاقتصادية,علي ، عيسى; الحاج ، مبطوش,10.12816/0054459,https://openalex.org/W2964299167,['السياحة المستدامة'],arab,0,article
ar,تأثير تقنيات الذكاء الاصطناعي على تحسين تجربة السائح بالمطارات الذكية,2025,مجلة کلية السياحة والفنادق - جامعة مدينة السادات,منى محمد مسعد,10.21608/mfth.2025.427625,https://openalex.org/W4410470402,"['السائح', 'السائحين', 'السفر', 'السفر والسياحة', 'صناعة السياحة']",arab,0,article
ar,التسويق السياحي : مقاربة إقتصادية و إجتماعية حالة الجزائر,2014,Dépôt Institutionnel de lUniversité de Tlemcen,Boumedienne Kachekouche,,https://openalex.org/W7135330772,"['التسويق السياحي', 'السياحي']",arab,0,dissertation
ar,"从“黑”与“红”看汉阿文化词语的语义差异 دراسة الفروق الدلالية للكلمات الثقافية في اللغتين الصينية والعربية من خلال ""الأسود"" و""الأحمر""",2025,مجلة کلیة الآداب جامعة الفیوم,سلمى رجب عبد الستار سري,10.21608/jfafu.2025.410781.2272,https://openalex.org/W4414311027,"['التبادل الثقافي', 'الصين والعالم العربي']",both,0,article
ar,أبو القاسم سعد الله ومساهماته في الحفاظ على التراث الثقافي الجزائري,2014,مجلة الحوار المتوسطي,زاهي محمد,10.54242/1702-000-007-006,https://openalex.org/W2784950383,['التراث الثقافي'],arab,0,article
ar,مساهمة التنمية السياحية المستدامة في الحد من ظاهرة البطالة في الجزائر,2019,PRSM,نور الدين سعيدي,10.34874/imist.prsm/doreg-v7i2.15729,https://openalex.org/W3134250654,['التنمية السياحية'],arab,0,article
ar,فرص الاستثمار السياحي في الجزائر: واقع وآفاق,2018,مجلة الاجتهاد للدراسات القانونية والاقتصادية,محمد زايد,10.36540/1914-000-017-004,https://openalex.org/W2983524677,['السياحي'],arab,0,article
ar,مكانة السعودية الجيو اقتصادية في استراتيجيات القوى التعديلية : مبادرة الحزام والطريق انموذجا,2025,Iraqi Journal of Economic Sciences,م.م زياد عبدالرحمن علي محمود,10.31272/ijes.v23i86.1337,https://openalex.org/W4414928701,['مبادرة الحزام والطريق'],both,0,article
ar,التوعیة الأثریة ودور المواطن المصری فی الحفاظ على آثار مصر القدیمة LES VÊTEMENTS ROYAUX SUR LES PAROIS DES CHAPELLES DIVINES DANS LE GRAND TEMPLE DE SÉTHI Ier À ABYDOS,2012,The Conference Book of the General Union of Arab Archaeologists/The Conference Book of the General Union of Arab Archaeologists,Omaïma El-Shal,10.21608/cguaa.2012.36869,https://openalex.org/W2956777448,['السائح'],arab,0,conference-paper
ar,المنع من السفر لتحصيل المديونيات المستحقة على منتفعي المرفق العام,2024,مجلة الدراسات القانونیة والاقتصادیة,عبد العزيز محمد صلبي المطيري,10.21608/jdl.2024.292742.1352,https://openalex.org/W4399289568,['السفر'],arab,0,article
ar,"تأثير استخدام التكنولوجيا الحديثة علي العروض المتحفية دراسة حالة مقارنة متحف المركبات الملكية ببولاق ونماذج مختارة من متاحف المركبات حول العالم The Impact Of Using Modern Technology On Museum Displays"" A Comparative Case Study Of The Royal Carriages Museum In Bulaq And Chosen Models From Carriage Museums Around The World",2025,مجلة بحوث الشرق الأوسط,خالد محمد خالد محمود عبدالمنعم; محمد أحمد محمد محمد عبد السلام; محمد كمال الدين عز الدين علي,10.21608/mercj.2025.330411.1677,https://openalex.org/W7117466960,['المتاحف'],arab,0,article
ar,مقومات السياحة الصحراوية في الجزائر ومتطلبات تنشيطها قراءة في تجارب رائدة,2020,,الخامسة سايحي; فاطمة الزهرة بن صغير; مراد جنيدي,,https://openalex.org/W3119619451,['السياحة الصحراوية'],arab,0,article
ar,"مساهمة السياحة الثقافية في تحقيق التنمية السياحية المستدامة في الجزائر:, قسنطينة عاصمة الثقافة العربية نموذجا",2021,مجلة العلوم الإنسانية,Rehailia Seif Eddine; Amar Benmalek; Cherabi Imed,10.35395/1728-008-003-067,https://openalex.org/W4411885802,"['التنمية السياحية', 'السياحة الثقافية']",arab,0,article
ar,التراث الأندلسي بين الإحراق و الضياع,2015,مجلة جامعة القدس المفتوحة للأبحاث و الدراسات,محمد يوسف إبراهيم بنات,10.12816/0016121,https://openalex.org/W2568848177,['التراث'],arab,0,article
ar,تفعيل الإعلام السياحي الرقمي في تعزيز ثقافة السياحة الخارجية بالجزائر: قراءة تحليلية نقدية,2023,مجلة التمكين الاجتماعي,Karima Abba,10.34118/sej.v5i1.3170,https://openalex.org/W4404623690,['السائح'],arab,0,article
ar,ترقية تسويق المنتج السياحي في الجزائر -الواقع والرهانات-,2015,Economic Studies,مصطفى يونسي,,https://openalex.org/W2974349100,['السياحي'],arab,0,article
ar,العوامل المؤثرة فی شراء المستهلکین المصریین لتذاکر الطیران عبر الإنترنت,2021,المجلة العلمیة لکلیة السیاحة و الفنادق جامعة الأسکندریة,لمیاء حفنى,10.21608/thalexu.2021.93070.1065,https://openalex.org/W4205512195,['السفر'],arab,1,article
ar,إنشاء المتاحف الأثریة بین الفقه الإسلامی وقانون الآثار الأردنی,2020,مجلة کلية الشريعة والقانون بتفهنا الأشراف - دقهلية,نور سامی عبد الفتاح الخطیب; برلنت محمد سلغریوفا,10.21608/jfslt.2020.130362,https://openalex.org/W3117522507,['المتاحف'],arab,0,article
ar,"السياحة البيئية ودورها في التنمية السياحية المستدامة ""غدامس كحالة دراسة""",2024,المجلة الدولية للعلوم الهندسية وتقنية المعلومات.,محمود قريو,10.36602/ijeit.v11i1.209,https://openalex.org/W4402766127,"['التنمية السياحية', 'السياحة البيئية', 'السياحة المستدامة', 'صناعة السياحة']",arab,0,article
ar,رؤية مقترحة لتصميم موقع افتراضي لمجموعات المتحف القومي للحضارة المصرية,2024,المجلة العلمية بکلية الآداب,رضوى سمير محمد الشطوري,10.21608/jartf.2024.358915,https://openalex.org/W4399538486,['المتحف'],arab,0,article
ar,"السياحة البيئية وتنمية المستوطنات الحضرية الصغيرة في الصحاري القاحلة : حالة مدينة جبة، صحراء النفود الكبير، المملكة العربية السعودية = Ecotourism and Development of Small Urban Settlements in the Arid Deserts : A Case Study of Jubbah City, Great an Nafud Desert, Saudi Arabia",2017,مجلة العلوم العربية و الإنسانية,محمد بن صالح الربدي,10.12816/0048718,https://openalex.org/W2898056967,"['السياحة البيئية', 'السياحة الصحراوية']",arab,0,article
ar,دور ركب الحج الجزائري في التواصل الثقافي بين الجزائر والمشرق العربي خلال العهد العثماني,2021,المفكر,الحاج صادوق,,https://openalex.org/W3173913736,['الحج'],arab,0,article
ar,متحف العلا بين القيم الجمالية ومعايير الاستدامة بالمملكة العربية السعودية (دراسة تحليلية),2023,"Journal of Arts, Literature, Humanities and Social Sciences",خلود عبدالقادر باطرفي,10.33193/jalhss.88.2023.793,https://openalex.org/W4321459348,['المتاحف'],arab,0,article
ar,الدراسة التقابلية بين مفردات اللغة العربية الفصحى واللغة العربية العامية للحج و العمرة في كتاب Mudah Berbahasa Arab untuk Haji dan Umroh لأفريجون أفندي,2020,Tarbawi,Mar'a Rabbi Radliyya,10.62748/tarbawi.v8i01.14,https://openalex.org/W4409399970,['العمرة'],arab,0,article
ar,الإرهاب الإكتروني ومخاطره علي قطاع السياحة,2019,التحديات الجيوفيزيائية والاجتماعية والانسانية والطبيعية في بيئة متغيرة,علوية حسن عبد الله,10.24897/acn.64.68.476,https://openalex.org/W2972911133,['السياحة'],arab,0,conference-paper
ar,قياس رغبة موظفي وزارة الحج والعمرة في المملكة العربية السعودية لتطبيق كايزن,2024,مجلة العلوم الإقتصادية و الإدارية و القانونية,نسرين عبدالرحيم صديق; زينة محمود مجيد الكبيسي,10.26389/ajsrp.d140923,https://openalex.org/W4391724040,"['الحج', 'الحج والعمرة', 'العمرة']",arab,0,article
ar,الآثار والكتابات السبئية في جبل الأسود(اليمن),2022,journal of the college of basic education,د. علي محمد الناشري,10.35950/cbej.v23i97.8120,https://openalex.org/W4399135444,['الآثار'],arab,0,article
ar,ألواح فخارية غيرمنشورة من المتحف العراقي,2021,,nigar sediq ramadhan,10.31219/osf.io/pb5kw,https://openalex.org/W4210702866,['المتحف'],arab,0,preprint
ar,"فاعلية تسويق الخدمات للشركات على صفحات الفيسبوك:, دراسة تحليلية للشركات السياحية العراقية على موقع الفيسبوك",2020,مجلة آداب الفراهيدي,جاسم رمضان قاسم,10.51990/2228-012-040-012,https://openalex.org/W4248616179,['السياحية'],arab,1,article
ar,التراث الموسيقي في الجزائر,2017,مجلة آفاق للعلوم,كمال بن سنوسى,10.37167/1677-000-006-011,https://openalex.org/W2765579572,['التراث'],arab,0,article
ar,ثلاث جداریات آشوریة من المتحف البریطانی توثق التهجیر القسری للسكان (القرنین السابع والثامن قبل المیلاد),2023,حولية الاتحاد العام للآثاريين العرب دراسات فى آثار الوطن العربى,هبه لانا قصیر,10.21608/cguaa.2023.187381.1163,https://openalex.org/W4376116179,['المتحف'],arab,0,article
ar,"تداولية أسلوب النداء في التراث النحوي العربي:, مقاربة سياقية من خلال نظرية الأفعال الكلامية",2019,مجلة المعيار,العربي بومسحة,10.54191/2320-010-001-001,https://openalex.org/W2945587352,['التراث'],arab,1,article
ar,أضواء على الوشائج الحضارية الأرتقية في بيت المقدس,2021,Journal of Islamicjerusalem Studies,Yusuf NATSHAH,10.31456/beytulmakdis.810769,https://openalex.org/W4200279758,['المتحف'],arab,1,article
ar,الترويج السياحي كأسلوب لترقية القطاع السياحي في الجزائر,2012,L'entreprise,الشيخ الداوي; نوال قمراوي,,https://openalex.org/W2735473778,['السياحي'],arab,0,article
ar,"السلوک الاتصالى للشباب المصرى فى علاقته بالتقنیات التکنولوجیة المتطورة ""البودکاست نموذجا "" دراسة فى استخدام الشباب المصرى لتقنیة البودکاست والاشباعات المتحققة والتأثیرات السلوکیة المتوقعة",2017,مجلة کلية الآداب جامعة بنها,أمل محمد خطاب,10.21608/jfab.2017.67935,https://openalex.org/W3000459891,['السفر'],arab,1,article
ar,"دور الأفلام التسجيلية الفرنسية في التسويق السياحي للوجهة الجزائرية:, دراسة سيميولوجية لحالة الفيلم التسجيلي الفرنسي Un été En Algérie",2022,المجلة الدولية للاتصال الاجتماعي,محمد أمين بن شراد,10.53284/2120-009-002-003,https://openalex.org/W4285297244,['التسويق السياحي'],arab,0,article
ar,صدى رحلة أحمد الرهوني إلى الحج سنة 1937 في الصحافة الإسبانية,2024,دورية کان التاريخية,نورالدين أحميان,10.21608/kan.2024.277927.1116,https://openalex.org/W4400043813,['الحج'],arab,0,article
ar,دور الحسابات الرسمية على موقع تويتر في التسويق السياحي للمواقع السياحية والأثرية بالمملكة العربية السعودية : دراسة ميدانية,2022,المجلة العربية للتربية النوعية,أحمد سامي عبد الوهاب العايدي; أميرة محمد محمد أحمد; رحاب إبراهيم رأفت محمد السيد,10.21608/ejev.2022.248800,https://openalex.org/W4285602027,"['التسويق السياحي', 'المتاحف']",arab,0,article
ar,دور المرشد السیاحی فی تنشیط السیاحة الدینیة فی بغداد بالعراق,2022,مجلة کلية السياحة والفنادق جامعة المنصورة,محمد أحمد عبد اللطیف; رحاب محمود الشرنوبی; على عبد الجبار البكیرات,10.21608/mkaf.2022.259490,https://openalex.org/W4295546834,"['السائحين', 'السياحة الدينية']",arab,0,article
ar,السياحة العلاجية الطبيعية في الجزائر,2020,,عائشة بن النوي,,https://openalex.org/W3113800313,"['السياحة', 'السياحة العلاجية']",arab,0,article
ar,معالجة البي بي سي وورلد نيوز لحوادث الطيران المصري عام 2016,2017,المجلة العلمية لبحوث الإذاعة والتلفزيون,خالد جمال عبده,10.21608/ejsrt.2017.89791,https://openalex.org/W3168316704,['السائحين'],arab,0,article
ar,تطهير المستعمرات: قوانين المنتجعات الصيفية في الصين,2012,DOAJ (DOAJ: Directory of Open Access Journals),كارول تان,,https://openalex.org/W4385790926,['المنتجعات'],both,0,article
ar,دور سلوكيات السائحين الخضراء في الحد من التغيرات المناخية بالمقصد السياحي المصري,2024,مجلة کلية السياحة والفنادق - جامعة مدينة السادات,سمية مجدي مصطفي; نهاد محمد كمال; محمود رمضان العزب; محمود عبدالمنعم عبداللاه,10.21608/mfth.2024.395083,https://openalex.org/W4405164916,"['السائح', 'السائحين']",arab,0,article
ar,موازنة العبء: كيف يعمل الدعم الاجتماعي والاستقلال الوظيفي على تخفيف العلاقة بين الحضور رغم المرض والاحتراق الوظيفي في الفنادق ووكالات السفر,2025,مجلة کلية السياحة والفنادق - جامعة مدينة السادات,نوران صابر فهمى; أسماء سعيد أحمد الأسراج; شيماء أبو السعود محمد سليمان; محمود أحمد محمد صالح,10.21608/mfth.2025.416632,https://openalex.org/W4408626088,"['السفر', 'الضيافة', 'صناعة الضيافة']",arab,0,article
ar,التضخم الإقتصادى وتأثيره على قرارات السائح الداخلي في مصر,2022,المجلة الدولية للتراث والسياحة والضيافة,روزانا إيهاب رمزي; مصطفى محمود أبو حمد; شيماء عبد القوي عبد التواب,10.21608/jihtha.2022.371377,https://openalex.org/W4401494997,"['السائح', 'السفر', 'صناعة السياحة']",arab,0,article
ar,"السياحة التراثية ودورها في تنمية مقومات الجذب السياحي:, القرى التراثية في الإمارات المتحدة نموذجا",2023,مجلة الناقد للدراسات السياسية,مريم زان,10.37136/1999-007-002-007,https://openalex.org/W4412113214,['السياحة التراثية'],arab,0,article
ar,"التصميمات الفنية لجلود المخطوطات القاجارية في ضوء نماذج من المتاحف المصرية والعالمية ""دراسة فنية آثارية مقارنة""",2020,Al-Mağallah Al-ʿilmiyyaẗ Li Kulliyyaẗ Al-Adāb - Ǧāmiʿaẗ Asyūṭ/Al-Mağallah Al-ʿilmiyyaẗ Li Kulliyyaẗ Al-Adāb - Ǧāmiʿaẗ Asyūṭ ,نورهان محمد نـجاح سيف النصر,10.21608/aakj.2020.286173,https://openalex.org/W4322720594,['المتاحف'],arab,0,article
ar,دراسة نصوص مسمارية غير منشورة من العصر السومري الحديث,2025,Journal of Kufa Studies Center,جاسم الجنابي; دلال شمران,10.36322/jksc.175(d).18726,https://openalex.org/W4407071229,['المتحف'],arab,0,article
ar,"صناعة السياحة كبديل للثروة النفطية في الجزائر "" دراسة حالة : السياحة الصحراوية",2015,الباحث,فتيحة منصةري,,https://openalex.org/W2736068255,"['السياحة', 'السياحة الصحراوية', 'صناعة السياحة']",arab,0,article
ar,التنمية السياحية في الجزائر و أثرها على الاقتصاد الوطني,2015,Le Manager,عبد المالك مهلل; يونس لـغواطي,,https://openalex.org/W2953274416,"['التنمية السياحية', 'السياحية']",arab,0,article
ar,"الحالة المفقودة في العرض المتحفي وماهيتها ""دراسة حالة تطبيقا على متحف كوم أوشيم"" THE MISSING CASE IN THE MUSEUM DISPLAY AND ITS IDENTIFICATION: KOM OSHIM MUSEUM CASE STUDY",2022,Journal of Archaeology and Tourism - MUST,H. Salama; Ayman Waziri; Maher A. Eissa; Mohamed Rashed,10.21608/jatmust.2022.253380,https://openalex.org/W4292236071,['المتاحف'],arab,0,article
ar,برنامج قائم على المعانى الصرفية لتنمية الثروة اللغوية والوعى الدلالى لدى دارسي اللغة العربية الناطقين بغيرها,2022,Maǧallaẗ Kulliyyaẗ Al-Tarbiyyaẗ Bil-Manṣūraẗ,دعاء السيد محمد معاطى,10.21608/maed.2022.275135,https://openalex.org/W4312582847,['التبادل الثقافي'],arab,0,article
ar,العناقيد السياحية نموذج جديد لتحفيز التنافسية السياحية في العراق,2016,,أ.م. د عادل عيسى الوزني,,https://openalex.org/W2925744360,['السياحية'],arab,0,article
ar,المحمیات الطبیعیة بشبه جزیرة سیناء. (دراسة فى جغرافیة السیاحة),2016,مجلة البحث العلمي في الآداب,شیماء سالم,10.21608/jssa.2016.11403,https://openalex.org/W2888386378,"['السائح', 'السائحين']",arab,0,article
ar,واقع التسویق السیاحی فی مدینة القدس وتأثیره على التنمیة الاقتصادیة الفلسطینیة,2022,المجلة العربية لعلوم السياحة والضيافة والآثار,مجدی محمـد کلاب,10.21608/kjao.2022.221840,https://openalex.org/W4220784846,['التسويق السياحي'],arab,0,article
ar,أختام منبسطة من موقع تل الولاية في المتحف العراقي,2013,مجلة مركز بابل للدراسات الإنسانية,أحمد عزيز سلمان; عباس زويد موان الجبوري,10.33843/1152-003-001-006,https://openalex.org/W4411759643,['المتحف'],arab,0,article
ar,التمييز بين الحجاج والسياح في مواقع التراث الدينى,2024,مجلة کلية السياحة والفنادق - جامعة مدينة السادات,إحسان قنديل,10.21608/mfth.2024.354262,https://openalex.org/W4399024881,"['السائحين', 'السفر']",arab,0,article
ar,الصين و المغرب على طريق الحرير زمن العالم الجديد العظيم,2018,PRSM,Mostafa Nachoui,10.34874/imist.prsm/egsm/13287,https://openalex.org/W3200340380,['طريق الحرير'],both,0,article
ar,العوامل المؤثرة في الصورة المدركة للسياح بالوجهات السياحية في الجزائر : حالة الوجهة السياحية بجيجل,2016,Revue des reformes Economique et intégration dans l’économie mondiale,بلقاسم تويزة,10.12816/0032721,https://openalex.org/W2586797576,['السياحية'],arab,0,article
ar,"إدارة أمور الحج في الأردن ( ت 1342 - 1388 هـ. / 1923 - 1968 م. ), دراسة وثائقية تاريخية",2018,المجلة الأردنية للتاريخ والآثار,أحمد بن حامد إبراهيم القضاة,10.35516/0437-012-002-005,https://openalex.org/W2996512801,['الحج'],arab,0,article
ar,الحماية القانونية للتراث الثقافي من منظور التشريع الليبي - دراسة مقارنة مع بعض القوانين الدولية,2020,المجلة الليبية العالمية,أ - عبد الباسط علي عبد الجليل داوود,10.37376/1570-000-036-002,https://openalex.org/W3005255281,"['التراث الثقافي', 'المتاحف']",arab,0,article
ar,Tributaries of the authoritarian phenomenon in the Arab region: between cultural justifications and the deposits of crisis religious heritage,2022,Revue Sciences Humaines (Université des Frères Mentouri Constantine 1),سفيان فوكة; Sofiane Fouka; Sodiane Fouka,,https://openalex.org/W7139435602,['الموروث الثقافي'],arab,0,article
ar,أدوات صناعة الخزف الإسلامي في المغرب الأوسط من خلال معروضات المتاحف,2016,مجلة دفاتر البحوث العلمية,علي خيدة,10.37218/1426-000-008-010,https://openalex.org/W2998102475,['المتاحف'],arab,0,article
ar,الفأس في حضارة بلاد الرافدين,2025,Mağallaẗ Ǧamʿiyyaẗ Turāṯ Miṣr,علي هاشم معضد العزاوي; نهاد كمال; كاظم عبدالله عطية الزيدي,10.21608/mgtm.2025.404948.1038,https://openalex.org/W4413174312,['المتحف'],arab,0,article
ar,الآثار والمعوقات المترتبة على اتفاقية خور عبدالله,2020,"Journal of Arts, Literature, Humanities and Social Sciences",م.م. سمر عبدالله هويدي; م.م. حنان حسن ملاح,10.33193/jalhss.60.2020.310,https://openalex.org/W3102440194,['الآثار'],arab,1,article
ar,خطاب المرأة المصرية: التحول من الموروث الثقافي الى النشاط السياسي,2020,Journal of Education College Wasit University,إطلال سالم حنا,10.31185/eduj.vol1.iss1.1233,https://openalex.org/W3023100094,['الموروث الثقافي'],arab,0,article
ar,واقع وآفاق صناعة السياحة الحموية في الجزائر-ولاية قالمة أنموذجا-,2022,مجلة التمكين الاجتماعي,Soufyane Amrani,10.34118/sej.v4i3.2522,https://openalex.org/W4404623658,['صناعة السياحة'],arab,0,article
ar,البنیة السردیة فی قصیدة الضیافة لأحمد شاملو,2019,حوليات أداب عين شمس,شیرین خیرى عبد النبى,10.21608/aafu.2019.76636,https://openalex.org/W3011474086,['الضيافة'],arab,0,article
ar,نحو تطبيق منهجية مبادئ السياحة البيئية فى مصر ( دراسة حالة السياحة البيئية الصحراوية والساحلية فى مصر),2022,مجلة التراث والتصميم,نعمه حسن السيد عمر,10.21608/jsos.2022.155303.1278,https://openalex.org/W4297900499,"['السياحة', 'السياحة البيئية']",arab,0,article
ar,"تأملات في قانون الجنسية الإماراتية :, دراسة تحليلية انتقادية مقارنة للقانون رقم 17 لسنة 1972 فى شأن الجنسية وجوازات السفر المعدل بالقانون رقم 10 لسنة 1975",2010,,محمد الروبي,10.54000/0576-018-002-002,https://openalex.org/W4409271584,['السفر'],arab,0,article
ar,التقییم الجیوبیئی لمنتزة العارض الوطنی بالریاض￼￼￼￼￼￼￼ لدعم التنمیة السیاحیة المستدامة,2021,المجلة الجغرافية العربية,وفاء صالح الخریجی الخریجی,10.21608/agj.2021.40979.1011,https://openalex.org/W3135161698,['التنمية السياحية'],arab,0,article
ar,"أهمية تثمين التراث الثقافي لتحقيق أبعاد التنمية السياحية المستدامة:, الصناعات الحرفية التقليدية الجزائرية نموذجا",2020,مجلة الاستراتيجية والتنمية,مولود حواس; هدى حفصي,10.34276/1822-010-995-021,https://openalex.org/W3178791772,"['التراث الثقافي', 'التنمية السياحية']",arab,0,article
ar,بصمات الحملة الفرنسية في دير سانت كاترين (1798‒1801),2025,مجلة کلية السياحة والفنادق - جامعة مدينة السادات,شيماء عبد التواب سيد; مروة عز الدين عبد العزيز,10.21608/mfth.2025.429777,https://openalex.org/W4410937594,['المعالم الأثرية'],arab,0,article
ar,الآثار الاقتصادیة والاجتماعیة المحتملة للأزمة السوریة,2021,مجلة بحوث کلية الآداب جامعة المنوفية,محمد علی سلیم عبد الله,10.21608/sjam.2021.82226.1175,https://openalex.org/W4248005410,['الآثار'],arab,0,article
ar,نشر قطعة نقدية ذهبية للإمبراطور ماركوس أوريليوس من مقتنيات المتحف المصري بالقاهرة,2026,Mağallaẗ Ǧamʿiyyaẗ Turāṯ Miṣr,مروه فاروق مصطفي بدوى,10.21608/mgtm.2026.481501.1052,https://openalex.org/W7160759346,['المتحف'],arab,0,article
ar,أدب الرحلات في الأدب العربي في مصر في العصر العثماني ـ رحلة الشهاب الخفاجي إلى الحرمين الشريفين نموذجا,2023,مجلة کلية دار العلوم,أحمد حامد محمد حجازي,10.21608/mkda.2023.310250,https://openalex.org/W4385465666,['الرحلات'],arab,0,article
ar,معايير جغرافية لاختيار القرى التراثية في محافظة المجمعة,2025,المجلة الجغرافية العربية,سطام بن عبد الله بن القحطاني; عامر بن ناصر المطير,10.21608/agj.2025.365093.1261,https://openalex.org/W4417236675,['السياحة التراثية'],arab,0,article
ar,Two Unpublished Terracotta Figurines in Berlin,2024,Mağallaẗ Ǧamʿiyyaẗ Turāṯ Miṣr,هشام عجلان,10.21608/mgtm.2025.356960.1035,https://openalex.org/W4408171269,"['المتاحف', 'المتحف']",arab,0,article
ar,السياحة واللغة العربية,2010,,عبدالمجيد حنون,10.33705/0114-000-024-005,https://openalex.org/W4411704413,['السياحة'],arab,0,article
ar,تأثیر نماذج الإعاقة علی الإتجاهات نحو السیاحة المیسرة,2021,مجلة کلية السياحة والفنادق - جامعة مدينة السادات,میریل موریس; هبة الأخرس; نیفین عید; محمد حجازی,10.21608/mfth.2021.207407,https://openalex.org/W4206382425,['السائحين'],arab,0,article
ar,"إعادة إحياء التراث المصري القديم في تصميم السجاد المعاصر المطبوع رقميا ""دراسة حالة حول دمج التراث بالابتكارات المستدامة""",2026,مجلة العمارة والفنون والعلوم الإنسانية,سما عبد الرحيم صقر; شريف حسن عبد السلام; محمد محمود محمد عفيفي,10.21608/mjaf.2026.447291.3878,https://openalex.org/W7118482756,['التراث الثقافي'],arab,0,article
ar,Two Demotic Ostraca of Unknown Provenances,2020,أبجديات,Maha Akeel,10.21608/abgad.2020.141207,https://openalex.org/W3121413948,['المتحف'],arab,0,article
ar,التراث الثقافي المادي ودوره في التنمية المستدامة بسلطنة عمان - دراسة تحليلية من منظور جغرافي,2023,Maǧallaẗ Kulliyyaẗ Al-Adāb bi Al-Wadī Al-Ǧadīd/Maǧallaẗ Kulliyyaẗ Al-Adāb bi Al-Wadī Al-Ǧadīd,سيد عبدالعال,10.21608/mkwn.2023.193005.1113,https://openalex.org/W4362661032,"['التراث الثقافي', 'السياحة الثقافية']",arab,0,article
ar,"امارة الحج العراقي في عهدي حسن باشا و احمد باشا ( 1704 - 1747 م ) :, دراسة تاريخية",2012,مجلة مركز بابل للدراسات الإنسانية,علي كامل حمزة كاظم السرحان,10.33843/1152-002-001-003,https://openalex.org/W4411759609,['الحج'],arab,0,article
ar,الفن الصخري بحث إمكانيات توظيفه كأحد عناصر التنمية السياحية (مصر نموذجا),2026,مجلة الإتحاد العام للآثاريين العرب,رباب حمدي علي,10.21608/jguaa.2025.453097.1420,https://openalex.org/W7118265313,['التنمية السياحية'],arab,0,article
ar,The shrines of Algeria during the Ottoman period الأضرحة بالجزائری خلال العهد العثمانی,2016,The Conference Book of the General Union of Arab Archaeologists/The Conference Book of the General Union of Arab Archaeologists,Abdelkader DAHDOUH,10.21608/cguaa.2016.29625,https://openalex.org/W2938835457,['المعالم الأثرية'],arab,0,conference-paper
ar,دور المسارات والجولات السياحية الرقمية في إبراز معالم الجذب السياحية في مدينة الرياض للتحول نحو المدن السياحية الذكية: دور المسارات والجولات السياحية الرقمية في إبراز معالم الجذب السياحية في مدينة الرياض للتحول نحو المدن السياحية الذكية,2020,Journal of Arts and Social Sciences [JASS],Jass Journal; شيخة محمد العاجزي,10.24200/jass.vol11iss2pp57-96,https://openalex.org/W3172038394,"['السائح', 'السياحية', 'صناعة السياحة']",arab,0,article
ar,تأثیر نظریة السلوك المخطط على النیة السلوكیة للسائحین بإتخاذ القرار السیاحى فى ظل جائحة كورونا,2022,المجلة الدولية للتراث والسياحة والضيافة,مروة صلاح قاعود; إسلام السید حسین; حنان ماهر علی,10.21608/jihtha.2022.275943,https://openalex.org/W4313336729,['السائحين'],arab,0,article
ar,"كنيسة سانت نيقولا ""القديس نيكولا"" (Άγιος Νικόλαος) بالإسكندرية 1889م-1306هـ ""دراسة آثارية معمارية""",2024,مجلة کلية الآثار جامعة القاهرة,أمال أحمد العمري; محمود رشدي سالم; سارة محمد محمد إبراهيم,10.21608/jarch.2024.333281,https://openalex.org/W4390497372,['السياحة الدينية'],arab,0,article
ar,ماهیة النفس والروح بین الفکر المصری والفکر الیونانی قدیما,2017,المجلة الدولية للتراث والسياحة والضيافة,ضحى عبد الحمید; زینب السقیلی,10.21608/jihtha.2017.28205,https://openalex.org/W2920692638,['الموروث الثقافي'],arab,0,article
ar,"الجندر والنزعة الكولونيالية مقاربة لرواية ""النبيذة"" لإنعام كجه جي",2025,مجلة البحث العلمي في الآداب,Sayyed I. Daifallah,10.21608/jssa.2025.353387.1697,https://openalex.org/W4412547518,['الموروث الثقافي'],arab,0,article
ar,الآثار الفكرية للتمدن في العراق,2020,مجلة الأطروحة للعلوم الإنسانية,حسين سيد نور جلال الأعرجي,10.33811/1847-005-003-001,https://openalex.org/W4233126936,['الآثار'],arab,0,article
ar,آثار السياحة البيئية على التنمية المستدامة في الجزائر,2013,مجلة الاستراتيجية والتنمية,رقية ملاحي,10.34276/1822-000-005-006,https://openalex.org/W2803752676,['السياحة البيئية'],arab,0,article
ar,الآثار الاقتصادیة للطلاق فی مصر,2018,مجلة البحوث الإدارية,عبد المهدی محمد أحمد,10.21608/jso.2018.233508,https://openalex.org/W4298733996,['الآثار'],arab,0,article
ar,تبني التخطيط التسويقي الاستراتيجي كأداة لتفعيل قطاع السياحة في الجزائر,2017,مجلة اقتصاديات المال والأعمال,فاتح مجاهدي; عبدالرحيم زديوي,10.37170/1986-000-004-018,https://openalex.org/W2781847279,['السياحة'],arab,1,article
ar,أثر الاضافات والتغیرات الحدیثة على المبانی التاریخیة فی مدینة الخلیل-فلسطین The impact of additions and modern changes on historical buildings in the city of Hebron-Palestine,2020,حولية الاتحاد العام للآثاريين العرب دراسات فى آثار الوطن العربى,وائل شاهین; روان الشیوخی,10.21608/cguaa.2020.23036.1012,https://openalex.org/W3014577226,['الموروث الثقافي'],arab,0,article
ar,A Striding Statue of Nebsumenu son of Reditenseni The Egyptian Museum in Cairo (CG 957) تمثال للمدعو نبسمنو إبن ردیتنسینى بالمتحف المصرى بالقاهرة (CG 957),2016,The Conference Book of the General Union of Arab Archaeologists/The Conference Book of the General Union of Arab Archaeologists,Ahmed Hamden,10.21608/cguaa.2016.29690,https://openalex.org/W2938200239,['المتحف'],arab,0,conference-paper
ar,التحليل المکاني لمواقع السياحة البيئية في شرق السودان باستخدام نظم المعلومات الجغرافية لأجل تطوير مستدام,2020,المجلة العربية للدراسات الجغرافية,سمية محمد عوض السيد حسن,10.21608/jasg.2020.73431,https://openalex.org/W3119027691,['السياحة البيئية'],arab,0,article
ar,الاستثمار في السياحة الصحراوية كأداة حديثة لتحقيق التنمية المستدامة في الجزائر,2021,مجلة الاستراتيجية والتنمية,ختيم محمد العيد,10.34276/1822-011-003-009,https://openalex.org/W4205371027,['السياحة الصحراوية'],arab,0,article
ar,دور ممارسات نمط القيادة الخادمة في رضا المستفيدين من الخدمات الطبية بالمدينة المنورة: دراسة تطبيقية بإدارة الحج والعمرة بتجمع المدينة المنورة الصحي بالمملكة العربية السعودية,2026,مجلة السادات للبحوث الإدارية والمالية,محمد شيخ,10.21608/sjsaf.2026.467814.1387,https://openalex.org/W7163864765,['الحج والعمرة'],arab,0,article
ar,الممتلكات الثقافية في ميزان القانون الدولي والتشريعات الجنائية الوطنية,2019,مجلة الحقوق.,عبدالرحمان خلفي; خالد حساني,10.34120/jol.v43i1.2413,https://openalex.org/W4399174211,['التراث الثقافي'],arab,0,article
ar,تطبيقات الذكاء الاصطناعي وعلاقتها بتنمية السياحة المصرية وإحياء التراث من وجهة نظر المواطن المصري,2024,Al-Mağallah Al-ʿarabiyyaẗ Li Buḥūṯ Al-Itiṣāl wa Al-Iʿlām Al-Raqamī,سها سعيد,10.21608/ajscd.2024.339825,https://openalex.org/W4391719078,"['التراث', 'التنمية السياحية', 'السفر', 'السياحة']",arab,1,article
ar,أثر التشريعات البلدية الحديثة على قطاع الضيافة في المملكة العربية السعودية,2023,المجلة العربیة للإدارة,علي جفري; عبدالله بن ضويحي,10.21608/aja.2023.199591.1412,https://openalex.org/W4380238468,"['الضيافة', 'الفندقة']",arab,0,article
ar,تنمیة سیاحة الکهوف فى مصر,2019,مجلة کلية السياحة والفنادق جامعة المنصورة,هدیر أحمد محمد أبو عمر; می محمد باهر عمر; رانیا محمد بهاء الدین بدرالدین,10.21608/mkaf.2019.107073,https://openalex.org/W3079165290,['السائحين'],arab,0,article
ar,التحول الاقتصادي لمدينة مكة المكرمة في ظل رؤية المملكة 2030: دراسة تحليلية استشرافية,2025,مجلة الدراسات التجارية المعاصرة,السيد محمد السريتي; محمود جمال زقزوق,10.21608/csj.2025.433234.1675,https://openalex.org/W4417236517,['الحج والعمرة'],arab,0,article
ar,التراث الحموي كمحرك للتنمية السياحية: قراءة أنثروبولوجية,2022,مجلة التمكين الاجتماعي,Hakima Adaal; Fairouz Mami Zerarga,10.34118/sej.v4i4.2767,https://openalex.org/W4404623767,['السياحة العلاجية'],arab,0,article
ar,استراتيجية النهوض بالقطاع السياحي في الجزائر,2012,مجلة الأكاديمية للدراسات الاجتماعية والإنسانية,اعراب عبدالعزيز,10.33858/0500-000-008-016,https://openalex.org/W4411762115,['السياحي'],arab,0,article
ar,الفكر الديني في منطقة شينجيانغ,2024,مجلة کلية الآداب جامعة بنها,أحمد لطفي أحمد حافظ,10.21608/jfab.2024.407573,https://openalex.org/W4407077605,['طريق الحرير'],china,0,article
ar,خدمات السیاحة الالکترونیة و أثرها على شرکات السیاحة و السفر,2017,المجلة العلمیة لکلیة السیاحة و الفنادق جامعة الأسکندریة,خلیل صالح صالح,10.21608/thalexu.2017.48779,https://openalex.org/W2975630426,['السفر'],arab,0,article
ar,دور زيارات المشاهير في إبراز الحضارة المصرية القديمة في العصر الحديث,2025,مجلة کلية السياحة والفنادق - جامعة مدينة السادات,جمال الدين عبدالرازق; محمد عمر محمد; ترنيم فرج بيومى; شيرين مجدى رمضان,10.21608/mfth.2025.411786,https://openalex.org/W4407612861,['المتاحف'],arab,0,article
ar,The Impact of Transformational Leadership on Employees' Organizational Commitment in Egyptian Airlines,2017,مجلة کلية السياحة والفنادق - جامعة مدينة السادات,Marwa Atia; Toka Fahmy; Hamida Mohammed,10.21608/mfth.2017.26091,https://openalex.org/W2916977477,['صناعة السياحة'],arab,3,article
ar,الفرص الاستثمارية لترقية السياحة الصحروية في الجزائر,2016,,يوسف قروج; فتيحة قصاص,10.34277/1455-000-007-002,https://openalex.org/W2788493777,['السياحة'],arab,0,article
ar,"تقارير: ندوة الرباط الوطنية ""الآخر في الكتابة التاريخية المغربية""",2025,دورية کان التاريخية,عبد السلام انويکََة,10.21608/kan.2025.447423,https://openalex.org/W4413518927,['التبادل الثقافي'],arab,0,article
ar,خصائص حركة السياحة الشاطئية ببلدية مصراتة,2020,(Faculty of Arts Journal) مجلة كلية الآداب - جامعة مصراتة,مصباح محمد عاشور,10.36602/faj.2020.n16.03,https://openalex.org/W3108265821,['السياحة'],arab,0,article
ar,تجربة المملكة العربية السعودية في توثيق مواقع التراث في قائمة التراث العالمي,2023,مجلة الدراسات التاريخية و الاجتماعية,حصة بنت عبيد بن صويان الشمري,10.36353/1515-000-059-011,https://openalex.org/W4411903708,['التراث'],arab,0,article
ar,التحليل المكاني للاندسكيب وأثره على السياحة البيئية المستدامة فى محافظة النماص باستخدام نظم المعلومات الجغرافية,2024,Maǧallaẗ Markaz Al-Buḥūṯ Al-Ǧuġrāfiyyaẗ wa Al-Kārtūğirāfiyyaẗ/Maǧallaẗ Markaz Al-Buḥūṯ Al-Ǧuġrāfiyyaẗ wa Al-Kārtūğirāfiyyaẗ,سلمى عبدالله حسن الغرابي,10.21608/mkgc.2024.337299.1165,https://openalex.org/W4405977218,['السياحة البيئية'],arab,0,article
ar,التنمية السياحية في دولة الکويت,2022,Al-Mağallah Al-ʿilmiyyaẗ Li Kulliyyaẗ Al-Adāb - Ǧāmiʿaẗ Asyūṭ/Al-Mağallah Al-ʿilmiyyaẗ Li Kulliyyaẗ Al-Adāb - Ǧāmiʿaẗ Asyūṭ ,أحمد حسين راشد البليق,10.21608/aakj.2024.154273.1307,https://openalex.org/W4394612833,"['التنمية السياحية', 'السياحية']",arab,0,article
ar,دراسة العلاقة السببية بين الاستثمار السياحي والنمو السياحي في الجزائر باستعمال منهجية Toda And Yamamoto,2018,مجلة البشائر الاقتصادية,حنان حراث; حنان حراث,10.33704/1748-004-002-009,https://openalex.org/W2897065009,['السياحي'],arab,1,article
ar,الآثار الاقتصادية الکلية لتحويلات المصريين العاملين بالخارج,2018,,جمال عطية; ايمان حسن; سيد محمد,,https://openalex.org/W3119398846,['الآثار'],arab,0,article
ar,تنافسية القطاع السياحي في الدول العربية,2013,مجلة الباحث,نوال هاني,10.12816/0005873,https://openalex.org/W2330019474,['السياحي'],arab,0,article
ar,أثر إستراتيجية الرحلات المعرفية عبر الويب كويست في التحصيل والتفكير الإبداعي لدى طلاب الصف الرابع الأدبي في مادة الأدب والنصوص,2025,Mustansiriyah Journal of Humanities,أ. م. د. علي فاضل مهدي,10.47831/mjh.v2i3.915,https://openalex.org/W4411792356,['الرحلات'],arab,0,article
ar,دور الخدمات المستدامة في الموانئ التخصصية السياحية في تحقيق رضاء سائحي اليخوت دراسة تطبيقية على مارينا بورت غالب السياحي الدولي,2025,مجلة کلية السياحة والفنادق جامعة المنصورة,ميادة عبد المنجد عبد العزيز; أية أحمد احمد عبدالمجيد; غادة علي حمود,10.21608/mkaf.2025.486037,https://openalex.org/W7131364523,['السائحين'],arab,0,article
ar,الرحلات الطلابية المغربية إلى مصر ودورها في دعم النضال الوطني المغربي 1912-1956 م.:,2020,,فاتح بوفروك,10.52359/2231-007-002-012,https://openalex.org/W3170274365,['الرحلات'],arab,0,article
ar,مساهمة التسويق السياحي في تحفيز الطلب السياحي في الجزائر دراسة حالة - عينة من وكالات السياحة والأسفار بولاية المسيلة The contribution of tourism marketing to stimulating tourism demand in Algeria Case study - a sample of travel and tourism agencies in M'Sila state,2021,,نعيمة سماعيني; نسيمة لخضاري,,https://openalex.org/W3195939153,['التسويق السياحي'],arab,0,article
ar,جدلیة الأنا و الآخر فی أدب الرحلات بین إیران و مصر؛ دراسة مقارنة بین السفرنامة لمیرزاصالح الشیرازی و تخلیص الإبریز لطهطاوی,2019,ادب عربی,عبداله حسینی; سید عدنان اشکوری,10.22059/jalit.2019.242081.611790,https://openalex.org/W2966271020,['الرحلات'],arab,0,article
ar,الوجهة السياحية الجزائرية : الواقع والتحديات,2021,مجلة الميدان للدراسات الرياضية و الإجتماعية و الإنسانية,رضا سيف الدين جلولي,,https://openalex.org/W3134013628,['السياحية'],arab,0,article
ar,كرسى المصحف (الرحل) الخشبي باقليم كشمير فى ضوء مجموعات لم يسبق نشرها دراسة أثرية فنية,2024,مجلة کلية الآثار جامعة القاهرة,محمد قطب أبو العلا,10.21608/jarch.2024.333332,https://openalex.org/W4390497191,['المتاحف'],arab,0,article
ar,آليات تطوير السياحة الصحراوية بالجزائر من منظور التنمية السياحية المستدامة,2019,مجلة دراسات في علم إجتماع المنظمات,همال عبد المالك,,https://openalex.org/W3004125156,"['التنمية السياحية', 'السياحة الصحراوية']",arab,0,article
ar,دور السياحة الرقمية في تعزيز استراتيجية التنمية المستدامة (دراسة تحليلية لأراء عينة من الضيوف في عدد من المنظمات الفندقية في محافظة النجف),2023,مجلـة دراسات الاقتصاد والأعمال,كرار محمد مدلول الجنابي; عادل تركي فرحان الخالدي; امير عقيد كاظم العرداوي,10.36602/jebs.2023.v10.02.02,https://openalex.org/W4412159026,['الضيافة'],arab,0,article
ar,دور التربية الفنية في تفعيل قيم المشاركة لطالبات كلية التربية الأساسية في اليوم العالمي للمتاحف في دار الآثار الإسلامية الكويت.,2019,Buḥūṯ fi Al-Tarbiyyaẗ Al-Nawʿiyyaẗ - Ǧāmiʿaẗ Al-Qāhirah/Buḥūṯ fi Al-Tarbiyyaẗ Al-Nawʿiyyaẗ - Ǧāmiʿaẗ Al-Qāhiraẗ,,10.21608/bedcu.2019.290022,https://openalex.org/W4324004448,['المتاحف'],arab,0,article
ar,قياس مدى أهمية استخدام الأنظمة المحاسبية الحديثة في تلبية متطلبات الأعمال الإدارية في قطاع الضيافة,2018,مجلة العلوم الإقتصادية و الإدارية و القانونية,ناصر أحمد العدساني,10.26389/ajsrp.n180818,https://openalex.org/W3216636444,['الضيافة'],arab,0,article
ar,توظيف المتحف القبطي في نشر ثقافة التسامح في مصر,2024,Journal of Archaeology and Tourism - MUST,يوستينه سعيد; عنايات أحمد,10.21608/jatmust.2024.253479.1023,https://openalex.org/W4392096277,"['المتاحف', 'المتحف']",arab,0,article
ar,سياحة المتاحف المصرية من منظور جغرافي دراسة حالة لمتحف سوهاج القومي,2025,مجلة کلية الآداب بقنا,مريان نشأت فرح عبدالشهيد,10.21608/qarts.2025.380923.2212,https://openalex.org/W4411822167,"['السائحين', 'السياحة الثقافية', 'المتاحف', 'المتحف']",arab,0,article
ar,دور الوكالات السياحية في التسويق السياحي الالكتروني بالجزائر,2020,مجلة اقتصاديات شمال افريقيا,ابتسام بلغربي,,https://openalex.org/W3037852552,"['التسويق السياحي', 'السياحي', 'السياحية']",arab,0,article
ar,الإفادة من خبرة الجامعات الألمانية في تطوير المتاحف الجامعية المصرية في ضوء الاقتصاد البنفسجي,2026,مجلة البحث في التربية وعلم النفس,ام هاشم ابو عميره,10.21608/mathj.2026.457840.1611,https://openalex.org/W7128911956,"['المتاحف', 'المتحف']",arab,0,article
ar,التقييم الجيوبيئي لمواقع الرسوم الصخرية بمنطقة حائل بالمملكة العربية السعودية,2023,حوليات أداب عين شمس,وفاء صالح على الخريجي,10.21608/aafu.2023.308890,https://openalex.org/W4385464392,['السياحة المستدامة'],arab,0,article
ar,Demotic Ostracon of Account of money,2024,Mağallaẗ Ǧamʿiyyaẗ Turāṯ Miṣr,Esraa Mohamed Abd El-Halim Ahmed,10.21608/mgtm.2024.308175.1012,https://openalex.org/W4402093148,['المتحف'],arab,0,article
ar,"تجلیات التراث الصوفی عند عبد الجواد خفاجی ف روایته ""بغل المجلی""",2021,مجلة وادي النيل للدراسات والبحوث الإنسانية والاجتماعية والتربويه,صابر عکاشة قلیعی,10.21608/jwadi.2021.205939,https://openalex.org/W4253350845,['الموروث الثقافي'],arab,0,article
ar,دور الإحساس بالمکان في صناعة الأماکن والحفاظ الحضري لمواقع التراث : دراسة حالة المدينة المنورة,2021,Engineering Research Journal,حنان سليمان عيسى محمد,10.21608/erj.2021.208234,https://openalex.org/W4200261861,['التراث'],arab,1,article
ar,دور الإعلام ووسائطه فى تنمية الوعى الدينى لدى المسلمين (دراسة ميدانية على زوار المسجد النبوى الشريف ),2019,مجلة کلية الاداب جامعة المنصورة,شيماء أبومندور عبد الغنى أبومندور,10.21608/artman.2019.147581,https://openalex.org/W3132794500,['العمرة'],arab,0,article
ar,تأثیر المستهلک فی خلق القیمة المشترکة للسیاحة المصریة من خلال وسائل التواصل الاجتماعی,2021,مجلة العمارة والفنون والعلوم الإنسانية,نرمین عبد الحلیم,10.21608/mjaf.2020.46726.1991,https://openalex.org/W3118774975,"['السائح', 'صناعة السياحة']",arab,1,article
ar,مقومات السياحة العلاجية الاستشفائية في الجزائر,2021,مجلة الاستراتيجية والتنمية,زهور حسيني; لخضر مداح,10.34276/1822-011-004-023,https://openalex.org/W3195341847,"['السياحة', 'السياحة العلاجية']",arab,0,article
ar,الاستفادة من القيم الجمالية للتراث المصري في ابتکار جداريات نحتية تستخدم في التجميل المعماري للمطارات,2022,مجلة التراث والتصميم,حاتم احمد,10.21608/jsos.2022.134531.1208,https://openalex.org/W4293075644,['السائحين'],arab,0,article
ar,تطبیق السلسلة القیاسیة الدولیة الأیزو 14001 فی المحمیات الطبیعیة فی مصر وأثر ذلک على تقلیل المخاطر البیئیة,2020,مجلة کلية السياحة والفنادق جامعة المنصورة,سمر عطیة محمد أحمد; محمود إبراهیم دسوقی بغدادی; رانیا محمد بهاء الدین بدر الدین; نهاد محمد کمال یحیى,10.21608/mkaf.2020.125589,https://openalex.org/W3111431887,['السائحين'],arab,0,article
ar,الآليات القانونية لتحقيق التنمية بالقطاع السياحي الجزائري,2018,مجلة حقوق الإنسان والحريات العامة,ربيعة بوقرط; محمد بلمديوني,10.54192/2254-000-006-010,https://openalex.org/W2919033922,['السياحي'],arab,0,article
ar,الأب ماكريوس: الحصار فشل بعد مرور 17 شهرا على فرضه,2018,Qatar University QSpace (Qatar University),ابوبكر الحسن; ايمن يوسف,,https://openalex.org/W7134675820,['السفر'],arab,0,article
ar,أثر التأثيرات الثقافية السلبية للسياحة على الاستدامة الثقافية في جزيرة هيسا، أ سوان، مصر,2025,مجلة کلية السياحة والفنادق - جامعة مدينة السادات,إيهاب ربيع محمد علي,10.21608/mfth.2025.427194,https://openalex.org/W4410470253,['السياحة البيئية'],arab,0,article
ar,آليات توظيف التراث في النص المسرحي الإماراتي و كيفياته : نماذج مختارة,2013,مجلة شؤون إجتماعية,يحيى سليم عيسى,10.12816/0004425,https://openalex.org/W2332343467,['التراث'],arab,1,article
ar,الحرف والفنون الشعبية بمنطقة توات: دراسة وتثمين,2022,دورية کان التاريخية,ميلود بلحاج,10.21608/kan.2022.273498,https://openalex.org/W4312537373,['التراث الثقافي'],arab,0,article
ar,الامكانيات السياحية في الجزائر ودورالجماعات المحلية في تفعيلها,2015,مجلة الآداب والعلوم الاجتماعية,حلمي دريدش,,https://openalex.org/W2914609694,['السياحية'],arab,0,article
ar,مشاهد العزف على الآلات الموسيقية في ضوء مجسمات وألواح غير مدروسة من المتحف العراقي,2025,مجلة دراسات في التاريخ والآثار,محمد فرحان الربيعي; قصي صبحي الجميلي,10.65074/dq9y4n82,https://openalex.org/W4415330230,['المتحف'],arab,0,article
ar,الاستثمار السياحي في ليبيا,2019,مجلة جامعة صبراتة العلمية,أ. زياد مفتاح الخروبي,10.47891/sabujhs.v3i1.115,https://openalex.org/W3095181753,['السياحي'],arab,0,article
ar,الأمراض والأوبئة فی بلاد الحرمین الشریفین خلال العصر العثمانی 923 - 1334هـــ/ 1517 - 1926م,2023,مجلة بحوث کلية الآداب جامعة المنوفية,سمیر حمدی عبدالله الحسنی,10.21608/sjam.2023.183370.1861,https://openalex.org/W4317761822,['الضيافة'],arab,0,article
ar,التناص في الأمثال الشعبية الإماراتية,2019,DOAJ (DOAJ: Directory of Open Access Journals),Abdellah Abdulhakim Zubaidi,10.48384/imist.prsm/lcs-v5i2.18655,https://openalex.org/W3136082459,['الموروث الثقافي'],arab,0,article
ar,دور الاعلام الرقمي في التنمية السياحية في ضوء رؤية المملكة العربية السعودية 2030,2024,Journal of Educational and Human Sciences,سعد الحميدي العتيبي,10.33193/jeahs.39.2024.546,https://openalex.org/W4402841829,"['التنمية السياحية', 'السائح']",arab,0,article
ar,دور استراتيجيات الترويج السياحي في ترقية القطاع السياحي الجزائري,2014,L'entreprise,الشيخ الداوي; نوال قمراوي,,https://openalex.org/W2883006214,['السياحي'],arab,0,article
ar,رصد للظواهر الاجتماعية التي تؤثر سلبا علي تجربة السائح في مصر والجهود المبذولة للتغلب عليها,2023,Mağallaẗ Al-Maʿhad Al-ʿālī Lil Dirāsāt Al-Nawʿiyyaẗ /Mağallaẗ Al-Maʿhad Al-ʿālī Lil Dirāsāt Al-Nawʿiyyaẗ,ايمان محمود احمد محمود,10.21608/hiss.2023.316747,https://openalex.org/W4387039648,['السائح'],arab,0,article
ar,الإستخدام الأمثل لمناطق التراث الثقافي کمورد سياحي بالتطبيق على القاهرة التاريخية,2022,Journal of Association of Arab Universities for Tourism and Hospitality,Sara Elmogy,10.21608/jaauth.2022.140267.1361,https://openalex.org/W4290028313,"['التراث الثقافي', 'السائحين']",arab,0,article
ar,"مقترح لتسويق خدمات السياحة الترويحية والعلاجية ""الإستشفائية"" في جمهورية مصر العربية",2023,مجلة نظریات وتطبیقات التربیة البدنیه وعلوم الریاضة,أحمد حلمي غراب,10.21608/mnase.2023.215340.1423,https://openalex.org/W4381196169,"['التسويق السياحي', 'السائحين', 'السياحة العلاجية']",arab,0,article
ar,ملامح البينية في التراث العربي القديم,2022,حوليات أداب عين شمس,محمد صالح عطية السعود; أحمد صالح الزعبي,10.21608/aafu.2022.280747,https://openalex.org/W4317827803,['التراث'],arab,0,article
ar,التنمية السياحة المستدامة وواقع السياحة الصحراوية في الجزائر,2021,مجلة العلوم الانسانية لجامعة أم البواقي,بلقاسم بن علال; مريم شعنبي; شهرزاد بورداش,,https://openalex.org/W3193573200,"['السياحة', 'السياحة الصحراوية', 'السياحة المستدامة']",arab,0,article
ar,تصميم برنامج مقترح قائم على توظيف التذوق الفني عمليا في ضوء التربية المتحفية باستخدام الذكاء الاصطناعي,2023,مجلة دراسات وبحوث التربية النوعية,د داليا محمد محمد شرف; د أميرة يحى زيتون,10.21608/jsezu.2023.319681,https://openalex.org/W4387601515,['المتاحف'],arab,0,article
ar,تأصيل الهوية السعودية في الإعلان السياحي,2024,"Journal of Arts, Literature, Humanities and Social Sciences",هيفاء بنت عبد الله التميمي,10.33193/jalhss.112.2024.1232,https://openalex.org/W4402809360,['السياحي'],arab,0,article
ar,أثر استخدام إستراتيجية الرحلات المعرفية عبر الويب Web Quests Strategy على اكتساب المفاهيم النحوية وتطبيقها واستبقائها وتنمية فعالية الذات لدى طلاب المرحلة الثانوية,2017,المجلة التربوية لکلية التربية بسوهاج,وحيد حامد عبد الرشيد; محمود محمد عبد الكريم,10.12816/0043550,https://openalex.org/W2900591537,['الرحلات'],arab,1,article
ar,الإعلام واللغة والشريعة نظرة منهجية في الأدوار,2017,Journal of Jurisprudence Faculty,حسن كاظم اسد,10.36324/fqhj.v15i2.8791,https://openalex.org/W4406556376,['التراث الثقافي'],arab,0,article
ar,درجة توافر مفاهيم التربية السياحية في كتب لغتي للصف الثالث الابتدائي بالمملكة العربية السعودية,2024,المجلة العربية لإعلام وثقافة الطفل,فاطمة حسين سعد الشهراني,10.21608/jacc.2024.335552,https://openalex.org/W4390843124,"['السياحة البيئية', 'السياحة الدينية']",arab,0,article
ar,العولمة المالية والنظام المصرفي: الآثار والتجليات,2015,مقاربات مجلة العلوم الإنسانية,بلخيري عمر; علة مراد,,https://openalex.org/W3012349875,['الآثار'],arab,0,article
ar,التحقيق العلمي الإحصائي للموروث الشعبي في العلاقة بين الفلك والأحوال الجوية في دولة الكويت.,2020,مجلة دراسات الخليج والجزيرة العربية.,أحمد مبارك الحصم,10.34120/jgaps.v46i176.2655,https://openalex.org/W4399809728,['الموروث الثقافي'],arab,0,article
ar,عن التزمین فی التراث اللغوی,2014,مجلة کلية اللغة العربية بالقاهرة,,10.21608/jflc.2014.47158,https://openalex.org/W4238807702,['التراث'],arab,0,article
ar,آفاق الصناعة السياحية الجزائرية في ظل الصناعة السياحية الالكترونية,2019,,Mohamed Yedou; Nabil Benmerzoug,,https://openalex.org/W3175098230,"['السياحية', 'صناعة السياحة']",arab,0,article
ar,الإعلام السياحي ودوره في تنمية السياحة بالجزائر : جريدة السياحي الجزائرية نموذجا,2017,دراسات,إيمان عبادى; حياة إبراهيمي,10.34118/0136-000-061-015,https://openalex.org/W2954576115,['السياحي'],arab,0,article
ar,الصیاغات التشکیلیة و التقنیة لجداریات المتاحف وفقا لأغراضها الوظیفیة.,2021,مجلة العمارة والفنون والعلوم الإنسانية,احمد محمد ابراهیم,10.21608/mjaf.2020.46694.1978,https://openalex.org/W3120516115,['المتاحف'],arab,0,article
ar,International mechanisms for recovering stolen Iraqi antiquities,2019,الرافدین للحقوق,mohammed khmmo,10.33899/alaw.2019.163135,https://openalex.org/W2995041248,['المتاحف'],arab,1,article
ar,التراث الثقافي، ورهانات التنمية المحلية: المدينة العتيقة لشفشاون نموذجا - الجزء الأول + الجزء الثاني,2023,Toubkal,محمد الشهبوني,10.83129/toubkal-25290,https://openalex.org/W7166181676,['التراث الثقافي'],arab,0,other
ar,متحف العریش القومی: تاریخ سیناء مصیر غامض Arish National Museum: Sinai's History is mysterious,2017,The Conference Book of the General Union of Arab Archaeologists/The Conference Book of the General Union of Arab Archaeologists,Rahab Baza,10.21608/cguaa.2017.29504,https://openalex.org/W2935842365,"['المتاحف', 'المتحف']",arab,0,conference-paper
ar,القصة الشاعرة ومحدداتها الفنية والجمالية: دراسة تحليلية تطبيقية على مجموعة انسكاب القصصية للشاعر علي الشيمي,2023,مجلة ابن خلدون للدراسات والأبحاث,شبيب محمد الدوسري,10.56989/benkj.v2i1.205,https://openalex.org/W4362137784,['الموروث الثقافي'],arab,0,article
ar,الحركة النسوية المصرية : بين الموروث الثقافي والنشاط السياسي (نساء ميدان التحرير نموذجا),2016,Insaniyat / إنسانيات,حنين البرازي,10.4000/insaniyat.16709,https://openalex.org/W2903981156,['الموروث الثقافي'],arab,1,article
ar,المجهول والمحال فی التراث العربی,2015,تراثيات,,10.21608/tars.2015.101240,https://openalex.org/W4240113857,['التراث'],arab,3,article
ar,"أهم المراكز التجارية في الصحراء الجزائرية من خلال الرحلات الحجازية في القرنين ""11-12 هـ. / 17-18 م.""",2023,دراسات تاريخية,عامر دحو; شهرزاد شلبي,10.37487/1421-011-001-023,https://openalex.org/W4411911337,['الرحلات'],arab,0,article
ar,إعادة قراءة بردیة آرامیة من مصر (447 ق.م) (کاولی 13) محفوظة فی المتحف المصری برقم) 37108(,2019,مجلة کلية الآداب و العلوم الإنسانية جامعة قناة السويس,بسمة مغیث أحمد سلطان,10.21608/jfhsc.2019.116058,https://openalex.org/W3089474573,['المتحف'],arab,0,article
ar,بعض الالعاب فی التراث العربی الاسلامی,2010,The Conference Book of the General Union of Arab Archaeologists/The Conference Book of the General Union of Arab Archaeologists,Souhila Mizban Hassan,10.21608/cguaa.2010.37097,https://openalex.org/W2956551326,['التراث'],arab,0,conference-paper
ar,"السياحة العلاجية القائمة على أساس المقومات الطبيعية والهياكل الصحية كأحد الحلول لتعبئة الموارد الاقتصادية ""دراسة حالة الجزائر 2013-2017""",2023,مجلة العلوم الإقتصادية و الإدارية و القانونية,سليم برشيد عبد القادر; الصديق يوسف محمد موسى,10.26389/ajsrp.q251022,https://openalex.org/W4322739670,['السياحة العلاجية'],arab,0,article
ar,الوعي السياحي و علاقته التنموية بالقطاع السياحي في الجزائر,2020,Economic Studies,طه ياسين مرباح; عبد الحفيظ يحياوي; فطيمة الزهرة عيسات,,https://openalex.org/W3113234054,['السياحي'],arab,0,article
ar,الثقافة السياحية كدعم للسياحة البيئية ودورها في تحقيق السياحة المستدامة في الجزائر,2024,مجلة سوسيولوجيا للدراسات والبحوث الإجتماعية,نوال شاين; يونس لعوبي,10.52124/2234-008-001-002,https://openalex.org/W4412180915,['السياحة المستدامة'],arab,0,article
ar,رمزيـة اللبـاس في أعمال الفـن التشكيلي الجزائــري إيمان مطري أنموذجا,2021,Dépôt Institutionnel de lUniversité de Tlemcen,إيهـاب عثماني; سمـراء بطاهر,,https://openalex.org/W7135346082,['التراث الثقافي'],arab,0,dissertation
ar,دور السينما السياحية في الترويج السياحي(التجربة الجزائرية أنموذجا),2020,آفاق سينمائية,عبد الحق شادلي; منـــى كحلوش,,https://openalex.org/W3117322379,['السياحية'],arab,0,article
ar,فاعلية موقع قائم على المتاحف الافتراضية في تنمية مهارات التفكير التاريخي لدى طلاب الصف الأول الثانوي,2025,مجلة کلیة التربیة بورسعید,ياسمين محمد صابر محمد أبو,10.21608/jftp.2025.273146.1384,https://openalex.org/W4412359891,"['المتاحف', 'المتحف']",arab,0,article
ar,التراث الفني وصناعة السياحة,2021,مجلة التراث والتصميم,خالدي محمد; بن عزة أحمد,10.21608/jsos.2021.142563,https://openalex.org/W3123915858,"['التراث', 'السياحة']",arab,0,article
ar,تأثير إساءة معاملة السياح على الجذب السياحى دراسة سوسيولوجية على بعض المقاصد السياحية بالقاهرة الكبري,2022,مجلة بحوث الشرق الأوسط,أميرة عبدالعظيم فضل شنب,10.21608/mercj.2022.170992.1364,https://openalex.org/W4313211586,['السائح'],arab,0,article
ar,تأثير وسائل التواصل الاجتماعي على العادات الاجتماعية في الأسرة الإماراتية في ظل جائحة كورونا,2023,Al-Adab Journal,سلطان المزروعي; زيزيت مصطفى,10.31973/aj.v2i147.4272,https://openalex.org/W4389784051,['الضيافة'],arab,0,article
ar,الحجامون والفصادون ، نماذج من صورهم على الآثار العربية,2021,Al-Adab Journal,صلاح حسين العبيدي,10.31973/aj.v0i26.2337,https://openalex.org/W4226101441,['الآثار'],arab,0,article
ar,العولمة السياحية -الامارات العربية المتحدة انموذجا,2019,مجلة البحوث والدراسات,شهيناز صبيحي,,https://openalex.org/W2972525303,['السياحية'],arab,0,article
ar,السياحة كمدخل لتحقيق التنمية المستدامة في الجزائر,2019,مجلة الاقتصاد الدولي والعولمة,بوعافية علية; جاب الله أمينة,,https://openalex.org/W3117175816,['السياحة'],arab,0,article
ar,واقع السياحة الجزائرية وآفاقها المستقبلية,2013,مجلة معهد العلوم الاقتصادية,حكيم بن حسان,10.54244/1902-000-028-001,https://openalex.org/W4412179336,['السياحة'],arab,0,article
ar,التراث الموسيقي الكلاسيكي في الجزائر,2022,مجلة المحترف,كمال بن سنوسى,10.46316/1676-009-005-021,https://openalex.org/W4411898390,['التراث'],arab,0,article
ar,أثر الاستدامة الذكیة علی جاذبیة المقصد السیاحی,2022,مجلة کلية السياحة والفنادق - جامعة مدينة السادات,أحمد مجدی; تقی محروس فهمی; حمیدة عبدالسمیع,10.21608/mfth.2022.284689,https://openalex.org/W4320909879,['صناعة السياحة'],arab,0,article
ar,التراث في النصوص القصصية المغربية,2015,الاستهلال,عبد القادر الطاهري,10.12816/0016018,https://openalex.org/W2570556865,['التراث'],arab,0,article
ar,تنافسية القطاع السياحي في الجزائر واقعه وتحدياته,2015,مجلة دفاتر البحوث العلمية,صباح شنايت; خيضر خنفري,10.37218/1426-000-006-014,https://openalex.org/W2998365504,['السياحي'],arab,0,article
ar,سلوك تسوق السعوديين عن طريق الإنترنت,2013,المجلة العربية للعلوم الإدارية.,أحمد صدر الدين; ياسر باهزيك,10.34120/ajas.v20i1.841,https://openalex.org/W4403594454,['السفر'],arab,0,article
ar,دراسة دور شركات السياحة فى تسويق سياحة التنزه بالممرات الجبلية,2022,Mağallaẗ Al-Maʿhad Al-ʿālī Lil Dirāsāt Al-Nawʿiyyaẗ /Mağallaẗ Al-Maʿhad Al-ʿālī Lil Dirāsāt Al-Nawʿiyyaẗ,ميرفت حسين,10.21608/hiss.2022.279002,https://openalex.org/W4315559848,"['السائحين', 'صناعة السياحة']",arab,0,article
ar,تطوير السياحة الصحراوية في الجزائر ، بين ضرورة التفعيل وصعوبة التنفيذ - دراسة حالة وادي رم بالصحراء الأردنية أنموذجا,2019,مجلة الإقتصاد الجديد,طهرات عمار; طيبة عبد العزيز,,https://openalex.org/W2955092948,['السياحة الصحراوية'],arab,0,article
ar,استراتیجیة تنمیة السیاحة البیئیة فی الجزائر (دراسة حالة: المحمیات الطبیعیة),2022,المجلة العربية لعلوم السياحة والضيافة والآثار,العلجة مبطوش,10.21608/kjao.2022.221842,https://openalex.org/W4220898890,['السياحة البيئية'],arab,0,article
ar,السياحة الدينية في وسط الصعيد دراسة في الجغرافيا السياحية بالتطبيق على مدينة القوصية,2024,Al-Mağallah Al-ʿilmiyyaẗ Li Kulliyyaẗ Al-Adāb - Ǧāmiʿaẗ Asyūṭ/Al-Mağallah Al-ʿilmiyyaẗ Li Kulliyyaẗ Al-Adāb - Ǧāmiʿaẗ Asyūṭ ,مروه عبد الرحمن احمد عبد,10.21608/aakj.2024.289988.1757,https://openalex.org/W4400060478,['السياحة الدينية'],arab,0,article
ar,دور الرقابة المالية لديوان المحاسبة على نفقات العلاج خارج دولة الکويت: دراسة حالة وزارة الصحة,2021,المجلة العربیة للإدارة,هاجر الوادي; مرعي بني خالد,10.21608/aja.2021.151150,https://openalex.org/W3135555830,['السفر'],arab,0,article
ar,دور کنائس وأدیرة مارجرجس الرومانی الأثریة بالدقهلیة فی تأکید هویتها کمقصد سیاحی,2021,المجلة العلمیة لکلیة السیاحة و الفنادق جامعة الأسکندریة,أمیرة محروس,10.21608/thalexu.2022.87943.1063,https://openalex.org/W4205951097,['السائحين'],arab,0,article
ar,"الغرف الدمشقية العثمانية ودورها في إثراء العروض المتحفية وحفظ التراث السوري المادي واللاماد ""دراسة متحفية تراثية"" د/ محمد أحمد محمد محمد عبد السلام",2024,Maǧallaẗ al-biḥūṯ wa Al-Dirasāt al-āṯāriyyaẗ,"أحمد محمد محمد عبد السلام, محمد",10.21608/archmu.2024.345732,https://openalex.org/W4393148642,['المتاحف'],arab,0,article
ar,أثر المزيج التسويقي الإلكتروني على إتجاهات السائحين نحو السياحة في الأردن,2013,Dirasat: Administrative Sciences,أنس يحيى الحديد; رفعت عودة الله الشناق,10.12816/0002634,https://openalex.org/W2323414110,['السائحين'],arab,0,article
ar,"إجراءت السفر في مصر في ضوء مقننة الإديوس لوجوس ""Απόστολος""",2023,مجلة الدراسات التاريخية والحضارية المصرية,ربيع عيد كريم,10.21608/jhse.2024.311153.1236,https://openalex.org/W4403874211,['السفر'],arab,0,article
ar,الآثار البيئية لتحرير التجارة على الاقتصاد المصرى,2024,مجلة السياسة والاقتصاد,محمد راشد; احمد قمرة,10.21608/jocu.2024.299935.1348,https://openalex.org/W4400616412,['الآثار'],arab,0,article
ar,التنمية السياحية في الدول العربية واقعها وآفاق تطويرها -دراسة تقييمية لتجربة الجزائر –,2013,مجلة الاقتصاد و التنمية البشرية,كورتل فريد; كحيلة آمال,,https://openalex.org/W2735517781,['التنمية السياحية'],arab,0,article
ar,حماية السائح القانونية في عقود باقات الرحلات السياحية وفقا للتشريع الاماراتي .,2024,مجلة البحوث القانونية والإقتصادية (المنصورة),يونس راشد محمد راشد و أ.د معمر بن طريه,10.21608/mjle.2024.393497,https://openalex.org/W4404774919,"['الرحلات', 'السائح', 'السائحين']",arab,0,article
ar,تطوير أداء منظمي الرحلات السياحية ودوره في دعم عملية التنمية السياحية المستدامة (بالتطبيق على منظمي الرحلات السياحية في مصر),2023,المجلة العلمیة لکلیة السیاحة و الفنادق جامعة الأسکندریة,زينب يسري عبد العال إبراهيم,10.21608/thalexu.2023.205849.1096,https://openalex.org/W4383107823,"['التنمية السياحية', 'الرحلات', 'السائح', 'السياحية']",arab,0,article
ar,أثر إدارة المراسم والاتيكيت في تحقيق النجاح الاستراتيجي لمنظمات الضيافة,2018,Al-Ghary Journal of Economic and Administrative Sciences,نوفل عبد الرضا الكمري; عماد حسين سعود,10.36325/ghjec.v15i1.5384,https://openalex.org/W3115118085,"['السائح', 'الضيافة']",arab,1,article
ar,الضيافة ومظاهرها عند العرب قبل الإسلام,2015,Govara zanistîn mirovayetî ya-zankoya Zaxo,Mohammed A. Hussein,10.26436/hjuoz.2015.3.1.183,https://openalex.org/W4312362609,['الضيافة'],arab,0,article
ar,بنية المتخيل والمرجع الحي في رواية (الباب الطارف)لعبير العلي - قراءة سيميائية,2021,Journal of Faculty of Arts University of Khartoum,عبد الحميد سيف أحمد الحسامي,10.53332/jfa.v32i.483,https://openalex.org/W4297583206,['السائح'],arab,0,article
ar,تنشیط حرکة السیاحة الترویحیة البولندیة فى جمهوریة مصر العربیة,2020,المجلة العلمیة للتربیة البدنیة وعلوم الریاضة جامعة حلوان,رأفت عبد الرؤوف محمد محمد أحمد بکری,10.21608/jsbsh.2020.34077.1211,https://openalex.org/W3044605713,"['السائح', 'السائحين']",arab,0,article
ar,إستراتيجية التنمية السياحية في البلدان المغاربية : دراسة مقارنة بين الجزائر والمغرب,2019,Alternatives Managériales Economiques,عبد الله لفايدة; لمياء بوعروج,10.48374/imist.prsm/ame-v1i1.18540,https://openalex.org/W2993307852,['التنمية السياحية'],arab,0,article
ar,رکائز تفعيل السياحة الريفية المستدامة بالريف المصرى The pillars of activating sustainable rural tourism in rural Egypt,2018,Journal of Urban Research /Journal of Urban Research,جيهان سيد; ياسمين عصام,10.21608/jur.2018.88622,https://openalex.org/W3164199314,"['السياحة الريفية', 'السياحة المستدامة', 'صناعة السياحة']",arab,0,article
ar,نحو إستراتيجية التنمية السياحية المستدامة في الجزائر,2017,khazzartech الاقتصاد الصناعي,سليمة ياسية; ياسمين لحواسنية,,https://openalex.org/W2905643357,"['التنمية السياحية', 'السياحية']",arab,0,article
ar,تنمية مهارات كتابة التقرير لدارسي اللغة العربية الناطقين بلغات أخرى باستخدام الرحلات المعرفية عبر الويب,2025,Mağallaẗ Banhā Lil-ʿulūm Al-Insāniyyaẗ,الاء عـــادل أحمـــد رضــــوان,10.21608/bjhs.2025.408409.1457,https://openalex.org/W4417234914,['الرحلات'],arab,0,article
ar,"تأثير الموروثات الثقافية للمرأة المصرية على مستقبل السياسات السکانية ""رؤية استشرافية""",2022,Mağallaẗ Al-Qirā'aẗ wa Al-Maʿrifaẗ/Mağallaẗ Al-Qirā'aẗ wa Al-Maʿrifaẗ,أ / منال عبد العزيز محمد على الرشيدي,10.21608/mrk.2022.232748,https://openalex.org/W4224323171,['الموروث الثقافي'],arab,0,article
ar,تقييم استراتيجية التنمية السياحية في الجزائر للفترة 2008-2015,2023,,ساعد بوراوي,10.51841/2159-006-001-041,https://openalex.org/W4412140953,['التنمية السياحية'],arab,0,article
ar,الآثار القانونية للشائعة في القانون الأردني,2021,مجلة جامعة الحسين بن طلال للبحوث,حسام عليان محمد الخرابشة,10.36621/0397-007-989-010,https://openalex.org/W4302382342,['الآثار'],arab,0,article
ar,التراث الحضاري الإسلامي من خلال جداريات المتحف العمومي للفنون والتعابير الثقافية التقليدية (قصر الحاج أحمد باي قسنطينة) -- دراسة سيمولوجية تاريخية لجداريات مدينة تونس 1818م,2022,مجلة المعيار,لطفي علي قشي; نور الإسلام غدار,10.37138/mieyar.v26i2.4849,https://openalex.org/W4324344852,['المتحف'],arab,0,article
ar,التنمية السياحية في المنطقة العربية «المغرب أنموذجا»,2013,مجلة البحوث والدراسات,عشي صليحة,,https://openalex.org/W2916973944,"['التنمية السياحية', 'السياحية']",arab,0,article
ar,الآثار الاقتصادية لبعض متغيرات الاقتصاد الكلي على البطالة في العراق للفترة (2003-2017): دراسة قياسية,2020,Academic Journal of Nawroz University,Awaz M. S. Haji; Zaki M. Akrawee,10.25007/ajnu.v9n3a843,https://openalex.org/W3081679013,['الآثار'],arab,2,article
ar,التوظيف الحكومي للإعلام السياحي في ترويج الوجهة السياحية الجزائرية دراسة تحليلية للمخطط التوجيهي للتهيئة السياحية sdat2025,2018,مجلة المقدمة للدراسات الانسانية و الاجتماعية,مقعاش يوسف,,https://openalex.org/W3095034540,['السياحية'],arab,0,article
ar,الاستثمارات السياحية كأداة لترقية السياحة في الجزائر,2020,,بوكابوس مريم,,https://openalex.org/W3158758971,"['السياحة', 'السياحية']",arab,0,article
ar,التوعیة الأثریة ودور المواطن المصری فی الحفاظ على آثار مصر La sensibilisation archéologique et le rôle du citoyen égyptien pour la sauvegarde des monuments en Egypte,2013,The Conference Book of the General Union of Arab Archaeologists/The Conference Book of the General Union of Arab Archaeologists,Omaïma El-Shal,10.21608/cguaa.2013.31440,https://openalex.org/W2946222907,['السائح'],arab,0,conference-paper
ar,"طريق الحرير الصيني القديم وطريق الحرير الصيني الجديد:, الثابت والمتغير من منظور سياسات القوة",2023,المجلة الجزائرية للحقوق والعلوم السياسية,شهرزاد أدمام,10.51840/2115-008-001-063,https://openalex.org/W4412132232,['طريق الحرير'],china,0,article
ar,طرق تمويل الاستثمار السياحي وسبل تفعيلها في الجزائر,2015,مجلة دفاتر البحوث العلمية,صليحة بن طلحة; موسى حمدانى,10.37218/1426-000-006-008,https://openalex.org/W2997992958,['السياحي'],arab,0,article
ar,السياحة الحلال بين الضوابط الشرعية والمنافع الاقتصادية استعراض بعض النماذج الناجحة مع الإشارة إلى حالة الجزائر,2020,مجلة جامعة الأمير عبد القادر للعلوم الإسلامية,خولة عزاز; لطيفة بهلول,10.37138/emirj.v34i1.1318,https://openalex.org/W4323658562,"['السائحين', 'السياحة الحلال']",arab,0,article
ar,مقصد التيسير في الشريعة الإسلامية دراسة تطبيقية على جهود المنظم السعودي في تيسير مناسك الحج والعمرة,2024,مجلة کلية الدراسات الإسلامية والعربية للبنات بسوهاج,سمية الطاهر محمد القاضي,10.21608/mkebs.2024.323384.1124,https://openalex.org/W4405658897,"['الحج', 'الحج والعمرة']",arab,0,article
ar,دور التراث اليونانى الرومانى بمتاحف الآثار بالأسكندرية فى تأكيد هويتها الثقافية كمقصد سياحى,2017,"International Journal of Heritage, Tourism, and Hospitality",M Elkady; Noha Khalil,,https://openalex.org/W2905593058,['المتاحف'],arab,0,article
ar,الحج في الحقبة الاستعمارية,2021,Centre français de recherche de la péninsule Arabique eBooks,لـــوك شـــانـــتر,10.4000/books.cefas.3405,https://openalex.org/W3177358415,['الحج'],arab,0,book
ar,دور تكنولوجيات الإعلام والاتصال في تحقيق استراتيجيات التنمية السياحية المستدامة في الجزائر,2016,مجلة آفاق للعلوم,سهيلة زوار,10.37167/1677-000-004-035,https://openalex.org/W2765374545,['التنمية السياحية'],arab,0,article
ar,"التضامن الاجتماعي البدو في فلم ""ذيب"" لناجي أبو نوار :دراسة تحليلية اجتماعية أدبية بنظرية لإيميل دورهيم",2017,eTheses of Maulana Malik Ibrahim State Islamic University (Maulana Malik Ibrahim State Islamic University),Achmad Mukhlis Ridho,,https://openalex.org/W2884567983,['الضيافة'],arab,0,dissertation
ar,الآثار النفسية المترتبة على الطلبة اللاجئين السوريين في المدارس الأردنية تبعا لبعض المتغيرات,2016,مجلة المنارة للبحوث والدراسات,غدير أحمد أبو الغنم; محمد نعيمات; حمزة خليل الخدام,10.33985/0531-022-002-009,https://openalex.org/W2800848016,['الآثار'],arab,1,article
ar,أثر السرد القصصي كأداة للمرشدين السياحيين على تجربة السائح: التراث ا لثقافي غير المادي كمتغير معدل,2025,مجلة کلية السياحة والفنادق - جامعة مدينة السادات,حمادة حسين; محمود عبد المنعم عبداللاه,10.21608/mfth.2025.437279,https://openalex.org/W4412360097,"['التراث الثقافي', 'السائح', 'السائحين']",arab,0,article
ar,برنامج قائم على الرحلات المعرفية لتنمية قيم الانتماء الوطني في مادة التاريخ لدى طلاب الصف الثالث المتوسط بالعراق,2023,Maǧallaẗ Kulliyyaẗ Al-Tarbiyyaẗ Bil-Manṣūraẗ,فارس وشاح احمد محمود,10.21608/maed.2023.320347,https://openalex.org/W4387622327,['الرحلات'],arab,0,article
ar,"الموروث الثقافي لمنطقة الجنوب الغربي الجزائري عند عبد القادر خليفي (قراءة في كتابيه:""من الموروث الثقافي الجمعي المغاربي ــ منطقة عين الصفراء نموذجا"" و ""في التراث الشعبي للجنوب الغربي الجزائري"") The cultural heritage of the south-western Algerian region by Abdelkader Khelifi (Read in his books: ''From the cultural heritage of the Ain Sefra region'' and ''in the popular heritage of south-western Algeria'')",2020,مجلة إشكالات في اللغة و الأدب,سعيد خليفي,,https://openalex.org/W3012956896,['الموروث الثقافي'],arab,0,article
ar,الاهمية الاقتصادية لصناعة السفر والسياحة في بلدان المغرب العربي دراسة مقارنة بين الجزائر ،تونس والمغرب,2017,khazzartech الاقتصاد الصناعي,عيساني ربيع; بوراوي ساعد,,https://openalex.org/W2914586114,"['السفر', 'السفر والسياحة']",arab,0,article
ar,دور المنصات الرقمية في تعزيز السياحة التشاركية في مصر,2024,مجلة کلية السياحة والفنادق جامعة المنصورة,بسمة أشرف محمد رشاد; غادة علي حمود; رانيا محمد بهاء الدين,10.21608/mkaf.2024.404536,https://openalex.org/W4406700621,['السائحين'],arab,0,article
ar,واقع القطاع السياحي والخدمات التكميلية في الجزائر,2020,مجلة الاستراتيجية والتنمية,فتيحة فرطاس,10.34276/1822-010-005-025,https://openalex.org/W3097579453,['السياحي'],arab,0,article
ar,قیاس مدى تأثر الصوره الذهنیه للمقصد السیاحى بالتلوث البیئی (دراسه حاله على صعید مصر ),2016,Scientific Journal of October 6 University,محمد صالح,10.21608/sjou.2016.31806,https://openalex.org/W2952688494,['السائح'],arab,0,article
ar,المتاحف فی سلطنة عمان : بین الاستثمار الثقافی والضرورة التربویة,2021,المجلة العلمية لجمعية امسيا – التربية عن طريق الفن,فخریة الیحیائی; بدر المعمری; اسلام هیبة; نجلاء السعدی,10.21608/amesea.2021.178642,https://openalex.org/W3178815300,['المتاحف'],arab,0,article
ar,اثر التسويق السياحي في أداء المنظمات السياحية: دراسة حالة المنظمات السياحية السودانية The Impact of Tourism Marketing on the Performance of the Tourism Organizations: Case Study on the Sudanese Tourism Organizations,2021,,الطاهر احمد محمد علي ابو محمد; موسى محمد يعقوب ابو مصعب; برعي بابكر محمود ابو محمد,,https://openalex.org/W3128018366,['التسويق السياحي'],arab,0,article
ar,"دراسة أثرية لمجموعة الأواني الفخارية من المتحف الزراعي بالقاهرة"" غير منشورة""",2022,Mağallaẗ Al-Dirāsāt Al-Insāniyyah wal-Adabiyyah /Mağallaẗ Al-Dirāsāt Al-Insāni yyaẗ wa Al-Adabiyyaẗ,د/ صفاء سمير ابواليزيد درويش,10.21608/shak.2022.246638,https://openalex.org/W4283771901,['المتحف'],arab,0,article
ar,التراث الثقافي العربي في ظل سياسات الوصول المفتوح: دراسة تخطيطية لبناء سياسة عربية,2025,Al-Mağallah Al-ʿarabiyyaẗ Al-Dawliyyaẗ Li Tuknūlūğyā Al-Maʿlūmāt wa Al-Bayānāt,كريمان بكنام صدقي عبد العزيز,10.21608/aijtid.2025.442627.1153,https://openalex.org/W4417532047,['التراث الثقافي'],arab,0,article
ar,"""أثر تطبيق معايير ضمان الجودة في تحسين جودة خدمات المتاحف بالمملكة العربية السعودية"" (دراسة تطبيقية على المتحف الدولي للسيرة النبوية)",2024,Arab Journal for Scientific Publishing,مسفر بن حسن آل شري الوادعي,10.36571/ajsp7426,https://openalex.org/W4405049278,"['المتاحف', 'المتحف']",arab,0,article
ar,الهویة المصریة کمصدر ابداعى للحملات الاعلانیة الترویجیة (دراسة تجریبیة للإعلان عن إفتتاح المتحف المصرى الکبیر),2021,مجلة العمارة والفنون والعلوم الإنسانية,منى ابراهیم عبد الرحیم,10.21608/mjaf.2020.46108.1920,https://openalex.org/W3120123984,['المتحف'],arab,0,article
ar,صناعة السياحة في الجزائر-مقوماتها ومكامن تنافسيتها,2019,,عبد الحفيظ مسكين; صفية درويش; سمير زعرور,,https://openalex.org/W2969369566,"['السياحة', 'صناعة السياحة']",arab,0,article
ar,دور التجارة وقوافل الحج في انتشار الإسلام في إفريقيا جنوب الصحراء,2019,,شريفة کلاع,10.21608/kan.2019.123491,https://openalex.org/W3203753701,['الحج'],arab,0,article
ar,فعالية الحوافز الضريبية لتشجيع الاستثمار السياحي في الجزائر,2019,مجلة الاجتهاد للدراسات القانونية والاقتصادية,منصورى المبروك; الطيبى البركة,10.36540/1914-008-002-011,https://openalex.org/W3092742664,['السياحي'],arab,0,article
ar,عقود ايجار بابلية غير منشورة من المتحف العراقي,2025,مداد الآداب,أ.م.د. شيماء ناصر حسين الخالدي,10.58564/ma.v15i40.1848,https://openalex.org/W4414006776,['المتحف'],arab,0,article
ar,آفاق الاستثمار السياحي في الجزائر,2024,المجلة العربية لعلوم السياحة والضيافة والآثار,بوراس بودالية; نشأت إدوارد ناشد,10.21608/kjao.2024.380158,https://openalex.org/W4402776510,['السياحي'],arab,0,article
ar,النظم الإدارية والاقتصادية في الدولة القرخطائية (519: 608هـ/1125: 1211م),2025,Mağallaẗ Al-Dirāsāt Al-ʿarābiyyaẗ/Mağallaẗ Al-Dirāsāt Al-ʿarābiyyaẗ,أميرة فاوي عسر تغيان,10.21608/dram.2025.370793.2159,https://openalex.org/W4413171283,['طريق الحرير'],china,0,article
ar,واقع مؤهلات صناعة السياحة في الجزائر وآفاقها لتحقيق التنمية الاقتصادية والاجتماعية,2017,مجلة اقتصاديات الاعمال والتجارة,خرخاش سامية; عريوة محاد; أحمد ميلي سمية,,https://openalex.org/W2911550985,['صناعة السياحة'],arab,0,article
ar,الاستثمار السياحي في الجزائر بين الإطار القانوني والمؤسساتي,2016,مجلة التنمية والاستشراف للبحوث والدراسات,شاهد إلياس; دفرور عبد النعيم,,https://openalex.org/W2911638822,['السياحي'],arab,0,article
ar,المسئولية المجتمعية ودورها في تعزيز الهوية المصرية لإستدامة السياحة: بالتطبيق على محافظة جنوب سيناء,2024,Journal of Association of Arab Universities for Tourism and Hospitality,Nourhan Nagy; Nevien Eid; Marwa Ali Abdel-Wahab; Rasha Ahmed Khalil,10.21608/jaauth.2024.285243.1574,https://openalex.org/W4399544635,['السياحة المستدامة'],arab,0,article
ar,المجد الأبدي للفراعنة,2025,Risālaẗ al-Yūniskū,مارتن دوماس بريمبولت,10.18356/22203559-2025-3-10,https://openalex.org/W4413273911,['المتاحف'],arab,0,article
ar,الخطاب الإشهاري السياحي ورهان تسويق اللغة العربية,2020,الخطاب والتواصل,نزهة خلفاوي,,https://openalex.org/W3033638154,['السياحي'],arab,0,article
ar,التسويق السياحي الإلكتروني ودوره في النهوض بالصناعة السياحية في الجزائر,2017,مجلة العلوم الانسانية,سعاد شعابنیة; ناصر بوجلال; آسيا سعدان,10.37136/1003-000-048-059,https://openalex.org/W2997730169,['التسويق السياحي'],arab,0,article
ar,أنماط السياحة الداخلية والخارجية في عصر دولة الموحدين في المغرب والأندلس (541- 668هـ/ 1147- 1269م),2024,Maǧallaẗ Kulliyyaẗ Al-Adāb bi Al-Wadī Al-Ǧadīd/Maǧallaẗ Kulliyyaẗ Al-Adāb bi Al-Wadī Al-Ǧadīd,د هبة الله محمد عبد الفتاح ‏,10.21608/mkwn.2024.411288,https://openalex.org/W4407611811,"['السياحة الدينية', 'السياحة العلاجية']",arab,0,article
ar,أثر السياحة البيئية في تحقيق التنمية المستدامة في مصر,2019,الدراسات القانونية المقارنة,يدك د محمد,,https://openalex.org/W2968485650,['السياحة البيئية'],arab,0,article
ar,استعمال مادة الفوم كأسلوب فني في معالجة بيئات الأسماك المحنطة في قاعة معروضات المتحف,2015,ALUSTATH JOURNAL FOR HUMAN AND SOCIAL SCIENCES,محمود حسين عبد الرحمن,10.36473/ujhss.v214i1.1464,https://openalex.org/W3204706996,['المتحف'],arab,0,article
ar,امكانية تطبيق تقنية الهولوجرام في القطاع السياحي المصري,2023,مجلة کلية السياحة والفنادق - جامعة مدينة السادات,أحمد صابر عبد الواحد; تقى محروس فهمي; عبدالفتاح سليمان شوالي,10.21608/mfth.2023.417922,https://openalex.org/W4408627495,"['السائح', 'السائحين', 'السياحي']",arab,0,article
ar,دور المنجز الفني في توثيق وتدوين التراث الثقافي غير المادي التونسي، من خلال دراسة لأعمال تشكيلية حديثة ومعاصرة,2024,Jordan Journal of the Arts,عواطف منصور,10.47016/16.4.4,https://openalex.org/W4392324934,['التراث الثقافي'],arab,0,article
ar,قرية التراث اليمني,2026,"University of Science and Technology Institutional Repository (University of Science and Technology, Sana’a, Yemen)",حنش، ملاك صيفي حميد,,https://openalex.org/W7203842347,['التراث'],arab,0,article
ar,جهود الشارقة في الترويج لقطاع السياحة,2024,Al-Adab Journal,عبدالله الكتبي; د محمد ابوشوق,10.31973/xbst4j72,https://openalex.org/W4402552623,['السياحة'],arab,0,article
ar,الواقع المعزز كأداة لتعزيز السياحة الثقافية من خلال رحلة إله الشمس في كتاب الإمي دوات,2024,مجلة کلية السياحة والفنادق - جامعة مدينة السادات,حمـاده حسـين; مراد الـــوزة; محمــود عبدالمنــعم عبداللاه,10.21608/mfth.2024.405359,https://openalex.org/W4406701846,"['التراث الثقافي', 'السياحة الثقافية']",arab,0,article
ar,التحديات التي تواجه التراث الثقافي الليبي,2024,Mağallaẗ Al-Maʿhad Al-ʿālī Lil Dirāsāt Al-Nawʿiyyaẗ /Mağallaẗ Al-Maʿhad Al-ʿālī Lil Dirāsāt Al-Nawʿiyyaẗ,د.أشرف سليمان ابوبكر محمد,10.21608/hiss.2024.310222.1400,https://openalex.org/W4401848770,"['التراث', 'التراث الثقافي', 'الموروث الثقافي']",arab,0,article
ar,السياحة الصحراوية في الجزائر : المقومات ، المعوقات ، الآفاق,2013,مجلة الباحث الإقتصادي,محمد الأمين وليد طالب,10.35391/1894-001-001-013,https://openalex.org/W4412178592,"['السياحة', 'السياحة الصحراوية']",arab,0,article
ar,الاستفادة من القيم الجمالية للزخارف التراثية بالمنطقة الغربية في المملكة العربية السعودية لاستحداث تصاميم لمكملات الأزياء,2024,International Journal on Humanities and Social Sciences,دعاء معيض الحارثي; أ.د. أسماء عبدالله سالم,10.33193/ijohss.61.2024.753,https://openalex.org/W4402960219,['الموروث الثقافي'],arab,0,article
ar,التمثيل الكارتوكرافيا لحركة السياحة الدينية في العراق,2020,,صبحى أحمد خلف,10.35516/0103-047-998-028,https://openalex.org/W3180656810,"['السياحة', 'السياحة الدينية']",arab,0,article
ar,التراث اليمني ... والتخريب السعودي,2015,HAL (Le Centre pour la Communication Scientifique Directe),Lamya Khalidi,,https://openalex.org/W2963949862,['التراث'],arab,0,article
ar,التبرك بزيارة المراقد المقدسة في كتب الرحلات-رحلة ابن جبير إنموذجا-,2022,AL-AMEED JOURNAL,فوزي خيري كاظم,10.55568/amd.v11i43.157-184,https://openalex.org/W4309264004,['الرحلات'],arab,0,article
ar,"دور الترويج للحظائر الوطنية في تفعيل السياحة البيئية في الجزائر:, حالة الحظيرة الوطنية للشريعة",2025,مجلة الإبداع,سفيان بوعزيز,10.53999/2297-015-002-001,https://openalex.org/W4415001344,['السياحة البيئية'],arab,0,article
ar,دراسة مقدمات المخاطر المدرکة للسائحین الأجانب الزائرین لمصر وأثرها على عملیة البحث عن المعلومات,2017,مجلة کلیة التجارة للبحوث العلمیة جامعة الإسکندریة,علاء الدین حسن على الغرباوی,10.21608/acj.2017.44694,https://openalex.org/W2969575457,"['السائحين', 'السفر']",arab,1,article
ar,السياحة الرياضية تخطيط إستراتيجي لتنمية الاقتصاد الجزائري,2017,المجلة العلمية للتربية البدنية و الرياضية,سعاد أولباني,,https://openalex.org/W2883454271,['السياحة'],arab,0,article
ar,تشكيل الميتاڤيرس نحو السفر المستدام: الفرص والتحديات,2024,مجلة کلية السياحة والفنادق - جامعة مدينة السادات,محمود صلاح الدين; هبة الله جعفر; مروة عبدالوارث; بسام الرميدي,10.21608/mfth.2024.392508,https://openalex.org/W4404777170,"['السائحين', 'السفر', 'السياحة المستدامة']",arab,0,article
ar,تقييم بعض خصائص المياه الأرضية المحاذية لطريق الحج البري الحديث لمحافظة النجف,2016,Kufa Journal for Agricultural Sciences,زينب علي طالب,,https://openalex.org/W2586682914,['الحج'],arab,0,article
ar,إمکانیات تفعیل دور المحمیات الطبیعیة فى مصر کآلیة لتنمیة السیاحة البیئیة المستدامة,2022,مجلة جامعة الإسکندرية للعلوم الإدارية,إیمان حسن سوسه,10.21608/acj.2022.227055,https://openalex.org/W4225646742,"['التنمية السياحية', 'السياحة البيئية']",arab,0,article
ar,Contribution of social media influencers to the local sustainable tourism development: Case study of the Algerian influencer Mohamed Djamel Taleb مساهمة مؤثري شبكات التواصل الاجتماعي في التنمية السياحية المحلية المستدامة: دراسة حالة المؤثر الجزائري محمد جمال طالب,2020,مجلة أبحاث ودراسات التنمية - Revue Recherches et Etudes en Développement -,Maouahib Zerouati; Fatima Sayah,,https://openalex.org/W3133261686,['التنمية السياحية'],arab,0,article
ar,دور الرحلات الإسلامية في التواصل الثقافي بين مناطق العالم الإسلامي,2020,المجلة الليبية العالمية,د. عبد الحليم سعد; د. عبد الحليم سعد; د. هدى عبد الرحمن,10.37376/1570-000-034-007,https://openalex.org/W3005092222,['الرحلات'],arab,0,article
ar,امارة الحج في عهد ابي جعفر المنصور,2021,Arab Scientific Heritage Journal,وجدان فريق عناد,10.54721/jrashc.2.49.659,https://openalex.org/W4213437642,['الحج'],arab,0,article
ar,الآثار الاقتصادية للدروس الخصوصية في مصر,2019,L Egypte Contemporaine,عبد المهدى محمد احمد جودة,10.21608/espesl.2019.214485,https://openalex.org/W4256275493,['الآثار'],arab,0,article
ar,تجاذب المرأة الجزائرية بين الموروث الثقافي والتشريعات الفرنسية في الجزائر المستعمرة,2021,مجلة جيل العلوم الإنسانية والاجتماعية,محمد غربي,10.33685/1316-000-080-008,https://openalex.org/W4285547244,['الموروث الثقافي'],arab,0,article
ar,دور محور قناة السويس الجديدة في زيادة معدل التنمية السياحية بالتطبيق على مدينة بورسعيد,2023,مجلة کلية السياحة والفنادق جامعة المنصورة,فاطمة سعودي محمد; صلاح الدين هلال; منير سالم الهيتي,10.21608/mkaf.2023.299792,https://openalex.org/W4378529640,['التنمية السياحية'],arab,0,article
ar,الأحاجي والألغاز في التراث العربي,2014,مجلة الحضارة الإسلامية,زاوي تيجاني,,https://openalex.org/W2776026476,['التراث'],arab,0,article
ar,تنمية الوعي السياحي لطلاب الدمج بمدارس التعليم الاساسي بجمهورية مصر العربية.,2022,"International Journal for Tourism, Archaeology and Hospitality",Basem Harede,10.21608/ijtah.2022.158492.1005,https://openalex.org/W4312434344,"['السائحين', 'صناعة السياحة']",arab,0,article
ar,"السياحة العلاجية الاستشفائية في الجزائر:, ولاية ورقلة أنموذجا: دراسة حالة الينابيع الحموية",2022,,زهور حسيني; مداح لخضر,10.35156/1433-009-001-012,https://openalex.org/W4411909513,['السياحة العلاجية'],arab,0,article
ar,السرد النسائی فی الروایة اللیبیة دراسة فی الأدب اللیبی,2018,مجلة البحث العلمي في الآداب,هناء علوان القنصل,10.21608/jssa.2018.12070,https://openalex.org/W2889630550,['الموروث الثقافي'],arab,0,article
ar,الكناية فى ديوان الزراعيات (Georgica) لفرجيليوس: دراسة وصفية,2023,Mağallaẗ Al-Dirāsāt Al-Insāniyyah wal-Adabiyyah /Mağallaẗ Al-Dirāsāt Al-Insāni yyaẗ wa Al-Adabiyyaẗ,جمال الدين السيد أبو الوفا,10.21608/shak.2023.242327.1528,https://openalex.org/W4389062446,['الموروث الثقافي'],arab,0,article
ar,Legal Pledgets for the practice of attorney notary functions,2022,الرافدین للحقوق,Mohammed Alrbuaa; Ammar ِAL-Mashhdany,10.33899/alaw.2019.126131.1030,https://openalex.org/W4283736805,['السفر'],arab,0,article
ar,"تأملات في قانون الجوازات :, دراسة تحليلية لقانون جوازات السفر العراقي المرقم 32 لسنة 2015 النافذ",2017,,علي عبدالعباس نعيم,10.33762/1954-000-025-005,https://openalex.org/W2941257465,['السفر'],arab,0,article
ar,رؤية تصميمية معاصرة قائمة على الدمج بين جماليات الفن الفرعوني والنوبي بتأثيرات الترکيب النسجي المبردي في تصميم وتنفيذ تذکارات سياحية,2022,مجلة بحوث التربية النوعية,وفاء محمد محمد سماحة,10.21608/mbse.2022.125445.1132,https://openalex.org/W4226318481,['السائحين'],arab,0,article
ar,أثر استخدام نظم ذكاء الأعمال على تنمية السياحة الإفتراضية دراسة ميدانية على قطاع السياحة المصرية,2026,مجلة البحوث المالیة والتجاریة,نميس نورالدين; علي عبد القادر; مروة مهران,10.21608/jsst.2026.483594.2263,https://openalex.org/W7159634404,['السياحة'],arab,0,article
ar,المقومات الطبيعية للجذب السياحي وأثرها على التنمية السياحية في وادي الديسة بمنطقة تبوك,2025,المجلة الجغرافية العربية,أسماء عبدالعزيز عبدالله اباالخيل; في ناصر ظافر السبيعي السبيعي,10.21608/agj.2025.343910.1245,https://openalex.org/W4409848643,['التنمية السياحية'],arab,0,article
ar,نحو استراتيجية جديدة للتسويق السياحي في المقصد السياحي المصري,2018,مجلة الأكاديمية للدراسات الاجتماعية والإنسانية,يحيى شحاتة حسن الزق,10.33858/0500-000-019-034,https://openalex.org/W2917183483,['السياحي'],arab,1,article
ar,"الاتجار بالبشر في العراق:, الأسباب - الآثار - المعالجات",2022,مجلة معهد العلوم الاقتصادية,سونيا آرزروني وارتان,10.54244/1902-025-002-010,https://openalex.org/W4412179378,['الآثار'],arab,0,article
ar,تطور القوة والقدرات الصينية بعد الحرب الباردة,2018,مجلة العلوم السياسية,أ.د.حميد شهاب احمد; الباحث زيد سلمان محمد,10.30907/jj.v0i56.128,https://openalex.org/W3017261749,['مبادرة الحزام والطريق'],china,0,article
ar,إشکالیة الهویة بالواجهات المعماریة بین الاصالة والعولمة,2021,مجلة العمارة والفنون والعلوم الإنسانية,محمد احمد بهاء الدین مصطفى; فتحى جوده; دالیا الشرقاوى,10.21608/mjaf.2020.43417.1862,https://openalex.org/W3118416775,['الموروث الثقافي'],arab,0,article
ar,جهود إمارة الشارقة في تطوير وتحديث المتاحف,2023,Al-Adab Journal,علي الظهوري; عمادالدين ابوالعينين,10.31973/aj.v1i147.4119,https://openalex.org/W4389783788,['المتاحف'],arab,0,article
ar,واقع القطاع السياحي في الجزائر,2020,مجلة افاق علوم الادارة والاقتصاد,مصطفى يونسي; عبد الحفيظ يحياوي; إحسان بن علي,,https://openalex.org/W3107247247,['السياحي'],arab,0,article
ar,تأثيل ( البنية العميقة (في مدونة التراث العربي,2022,مجلة الشرق الأوسط للعلوم الإنسانية والثقافية,آلاء علي عبد الله العنبكي,10.56961/mejhss.v2i3.265,https://openalex.org/W4303859807,['التراث الثقافي'],arab,0,article
ar,سياحة الطعام وأثرها فى جذب العملاء لمؤسسات الضيافة المصرية,2021,Mağallaẗ Al-Maʿhad Al-ʿālī Lil Dirāsāt Al-Nawʿiyyaẗ /Mağallaẗ Al-Maʿhad Al-ʿālī Lil Dirāsāt Al-Nawʿiyyaẗ,إبراهيم رمضان,10.21608/hiss.2022.185418,https://openalex.org/W3186387238,"['السائحين', 'الضيافة']",arab,0,article
ar,قوانين الحماية من العنف الأسري في )السعودية والإمارات والكويت): مقاربة مقاصدية في ضوء الخطاب الحداثي,2026,Journal of College of Sharia & Islamic Studies,وسن الرشيدي,10.29117/jcsis.2026.0432,https://openalex.org/W7126108801,['الموروث الثقافي'],arab,1,article
ar,السمات العامة لعمارة و فنون کنائس الحج بالاراضی المقدسة فی العصور الوسطى (دراسة مقارنة),2020,مجلة العمارة والفنون والعلوم الإنسانية,رشا عبد المنعم,10.21608/mjaf.2020.27683.1576,https://openalex.org/W3109592678,['الحج'],arab,0,article
ar,ثورة الإيمان - A Revolution of Belief,2010,DergiPark (Istanbul University),أ. د. كولن - Colin Turner ترنر,,https://openalex.org/W2601116404,['السائح'],arab,0,article
ar,أثر تطبيق إدارة الجودة المتكاملة بفنادق شرم الشيخ في تحقيق استدامة النزلاء,2024,مجلة کلية السياحة والفنادق جامعة المنصورة,حسام جابر احمد صالح,10.21608/mkaf.2024.396997,https://openalex.org/W4405658744,['السائحين'],arab,0,article
ar,السياحة الريفية ودورها المحتمل في تنمية المناطق الريفية في سورية,2013,DOAJ (DOAJ: Directory of Open Access Journals),نور الدين هرمز; ثناء أبازيد; ميساء اسبر,,https://openalex.org/W2600806304,['السياحة الريفية'],arab,0,article
ar,التنمية السياحية المستدامة : مسار نحو تنويع موارد الاقتصاد العراقي : دراسة تحليلية = Sustainable Tourism Development : A Route towards Diversifying the Resources of the Iraqi Economy : An Analytical Study,2020,مجلة رماح للبحوث والدراسات,إلهام خضير عباس شبر,10.12816/0058442,https://openalex.org/W3208078316,['التنمية السياحية'],arab,0,article
ar,التنمية السياحية وأثرها على النمو الاقتصادي في الجزائر وبعض الدول النامية خلال الفترة (1995-2018),2021,مجلة العلوم الانسانية,مولود كبير; عبدالحليم بن سعدة; إسماعيل قشام,10.37136/1003-021-002-050,https://openalex.org/W4411784015,['التنمية السياحية'],arab,0,article
ar,تخریط التأثیرات المتوقعة لارتفاع منسوب سطح البحر على مواقع التراث الثقافی فى مصر: دراسة حالة الإسکندریة,2021,مجلة کلية السياحة والفنادق - جامعة مدينة السادات,إسلام کمال; مجدی فکری; إسلام أبوالمجد; نشوة سلیمان,10.21608/mfth.2021.190350,https://openalex.org/W3193353890,"['التراث', 'التراث الثقافي']",arab,1,article
ar,امکانیه استخدام الموالد الدینیة کعنصر جذب لتنشیط السیاحة (المقومات – المشاکل – والتوصیات),2018,المجلة الدولية للتراث والسياحة والضيافة,مروة حمزه; هناء فاید; مصطفى ابوحمد,10.21608/jihtha.2018.31479,https://openalex.org/W2945298511,['الموروث الثقافي'],arab,1,article
ar,تحقيق الأداء المستدام في الفنادق من خلال التحول الرقمي والحوكمة البيئية: الدور المعدل للمحاسبة الخضراء والثقافة البيئية,2025,مجلة کلية السياحة والفنادق - جامعة مدينة السادات,ياسر عبد العاطي; هيثم دراز; عمرو دراز,10.21608/mfth.2025.461715,https://openalex.org/W4415553971,['الضيافة'],arab,0,article
ar,التراث الإسلامی کإطار لإنتاج عمل فنی مستدام,2021,مجلة العمارة والفنون والعلوم الإنسانية,راجیة عبد الحمید قطب بلال; أسماء أبو بکر النواوی,10.21608/mjaf.2020.46625.1976,https://openalex.org/W3119528603,['التبادل الثقافي'],arab,0,article
ar,دراسة مقارنة بين تصميم المسكن الإسلامى والمسكن المستقل (الفيلا).,2025,مجلة الفنون والعلوم التطبيقية,علياء محمد عبده طه; ياسر على معبد; سارة فتحى أحمد فهمى; أمل محفوظ أحمد,10.21608/maut.2025.431948,https://openalex.org/W4411246617,['التراث الثقافي'],arab,0,article
ar,استخدام مؤشر جودة المياه لتقييم نوعية المياه الجوفية بمنطقة النواحي الأربعة في ليبيا,2018,مجلة علوم البحار والتقنيات البيئية,خيري محمد العماري; عبدالرزاق مصباح الصادق عبدالعزيز,10.59743/jmset.v4i2.81,https://openalex.org/W4379211894,['السائح'],arab,1,article
ar,الآثار القانونية لعقود الاستثمار النفطي في العراق,2021,,منهل عبدالغني مصطفى,10.32894/1898-010-039-026,https://openalex.org/W4411625381,['الآثار'],arab,0,article
ar,"1. اسئلة البلاغة في النظرية والتاريخ والقراءة ""دراسات وحوارات""، محمد العمري، افريقيا الشرق، 2013. 2. أساس البلاغة، جار الله الزمخشري، دار احياء التراث العربي، بيروت – لبنان ، ط1- 2001. 3. الاستعارة الحية، بول ريكور ترجمة وتقديم محمد الولي، مراجعة وتقديم",2018,لارك,مشتاق طالب منعم,10.31185/lark.vol2.iss29.313,https://openalex.org/W2936030469,['التراث'],arab,1,article
ar,"السرد الرحلي الإفريقي العربي: من مرويات السفر إلى تفكيك مركزية العنف الاستعماري ""أسفار استوائية رحلات في قارة أفريقيا نموذجا""",2025,مجلة الشرق الأوسط للعلوم الإنسانية والثقافية,نُورَة أُخَّرُو,10.56961/mejhss.v5i2.907,https://openalex.org/W4412994106,['السفر'],arab,0,article
ar,استدامة التراث الكويتي في تصميم المجمعات والمراكز التجارية,2019,Maǧallaẗ Buḥūṯ fi Al-ʿulūm wa Al-Funūn Al-Nawʿiyyaẗ,هياء أحمد علي القندي,10.21608/balexu.2019.197338,https://openalex.org/W4250456217,['الموروث الثقافي'],arab,0,article
ar,أهمية تأسيس البنية التحتية في بعث صناعة السياحة في الجزائر,2018,مجلة إقتصاد المال والأعمال,تقرارت يزيد; عدة أسماء; كزيز نسرين,,https://openalex.org/W2947350884,['صناعة السياحة'],arab,0,article
ar,"صورة الدولة العثمانية في الرحلات المغربية خلال القرن 18م ""رحلة ابن عثمان المكناسي أنموذجا""",2018,Mağallaẗ al-ḥikmaẗ li-l-dirāsāt al-tārīẖiyyẗ,عمار سراح,,https://openalex.org/W2949240381,['الرحلات'],arab,0,article
ar,دور المتحف الافتراضى فى تدریس التربیة الفنیة لتلامیذ المرحلة الأولى من التعلیم الأساسى لتنمیة حوار الثقافات,2018,مجلة البحث العلمى فى التربية,مروة عبد الرازق محمد أحمد,10.21608/jsre.2018.22814,https://openalex.org/W2910382807,['المتحف'],arab,0,article
ar,القتل على خلفية قضايا الشرف والعرض من منظور الموروث الثقافي الفلسطيني,2020,مجلة البحوث القانونية و الاقتصادية,إدريس محمد صقر جرادات,,https://openalex.org/W2999030945,['الموروث الثقافي'],arab,0,article
ar,المنطلقات النظرية لبناء الصورة الذهنية للوجهة السياحية – نموذج مقترح لبناء صورة ذهنية إيجابية للوجهة الجزائرية في ظل مخطط التهيئة السياحية 2030,2021,المجلة الجزائرية للأمن الإنساني,سمية نوار; محمد فدول,,https://openalex.org/W3114219493,['السياحية'],arab,0,article
ar,المقومات الجغرافية البشرية للجذب السياحي بإقليم المرج - ليبيا,2024,Mağallaẗ al-ʿulūm wa-al-dirāsāt al-insāniyyaẗ.,رمزي طيب عمر,10.37376/jsh.vi4.4725,https://openalex.org/W4396847575,['السياحي'],arab,0,article
ar,دور السیاحة المستدامة فی تنمیة المنتج السیاحی التراثی بالتطبیق على مدینة تانیس,2018,مجلة کلية السياحة والفنادق جامعة المنصورة,یاسر عطیة محمد زاهر; رانیا محمد بهاء الدین بدر الدین,10.21608/mkaf.2018.214174,https://openalex.org/W4210503389,['السياحة التراثية'],arab,0,article
ar,دور المدن الجدیدة فى تحسین الصورة الذهنیة لدى السائح العربى,2022,مجلة کلية السياحة والفنادق جامعة المنصورة,أمل السید أحمد البرى,10.21608/mkaf.2022.254128,https://openalex.org/W4302931739,['السائح'],arab,0,article
ar,واقع التنمية المستدامة وانعكاساتها على التنمية السياحية دراسة حالة – محافظة أريحا في الضفة الغربية- فلسطين,2017,,محمد حلاوة جمال رضا; هواش أماني,,https://openalex.org/W3110603985,['التنمية السياحية'],arab,0,article
ar,تعزيز تعلم اللغة العربية لغير الناطقين بها عبر السياحة الدينية: دراسة حالة المملكة العربية السعودية,2024,المجلة العلمیة لکلیة السیاحة و الفنادق جامعة الأسکندریة,عبدالعزيز العتيبي,10.21608/thalexu.2024.294091.1127,https://openalex.org/W4400622418,['السياحة الدينية'],arab,0,article
ar,"دراسة ونشر بردية با نب إن کمت ""کاتب الخزانة"" رقم CG 40030/GEM 1521 بسجلات المتحف المصرى الکبير",2024,Maǧallaẗ Kulliyyaẗ Al-Adāb bi Al-Wadī Al-Ǧadīd/Maǧallaẗ Kulliyyaẗ Al-Adāb bi Al-Wadī Al-Ǧadīd,حسين رکابى حامد,10.21608/mkwn.2024.139863.1060,https://openalex.org/W4391278776,['المتحف'],arab,0,article
ar,السياحة البيئية كأداة لتحقيق تنمية محلية مستدامة في ولاية سوق أهراس - الجزائر,2019,مجلة رماح للبحوث والدراسات,عفاف لومايزية,10.33953/1371-000-035-007,https://openalex.org/W3093349695,['السياحة البيئية'],arab,0,article
ar,مقومات و خصائص السياحة بمنطقة الجبل الأخضر,2020,Mağallaẗ al-ʿulūm wa-al-dirāsāt al-insāniyyaẗ.,أ. أحلام مصطفى عامر,10.37376/1571-000-039-005,https://openalex.org/W3033929308,['السياحة'],arab,0,article
ar,الصناعات اليدوية ودورها في التنمية المستدامة بالمملكة العربية السعودية,2025,المجلة العربية للدراسات الجغرافية,سيد رمضان سيد عبدالعال,10.21608/jasg.2025.419395,https://openalex.org/W4409179304,['السائحين'],arab,0,article
ar,تقييم السياسات العامة السياحية في اليمن,2024,Albaydha University Journal,عبدالحفيظ يحيي الخزان,10.56807/buj.v6i1.553,https://openalex.org/W4396518279,['السياحية'],arab,0,article
ar,"الأنشطة العلمية على طريق الحج المغربي خلال القرنين 11-12 هـ. / 17-18 م.:, قراءة في مدونات الرحالة",2021,مجلة الجامعة الإسلامية للعلوم التربوية والاجتماعية,سامح بن إبراهيم عبدالفتاح عبدالعزيز,10.36046/2162-000-005-010,https://openalex.org/W4210858706,['الحج'],arab,0,article
ar,الرحلات الجغرافية في التراث العربي الإسلامي,2011,DOAJ (DOAJ: Directory of Open Access Journals),د. خليف مصطفى غرايبة,,https://openalex.org/W3013002997,['الرحلات'],both,0,article
ar,مستوى التكيف الاجتماعي لدى المسنين المقيمين في دار الضيافة للمسنين في الأردن,2018,مجلة المنارة للبحوث والدراسات,لبنى عبدالرحمن السعود,10.33985/0531-024-003-009,https://openalex.org/W2947572137,['الضيافة'],arab,0,article
ar,النظام الدولي في ظل مبادرة الحزام والطريق ) هيمنة امريكية ام هيمنة صينية,2024,قضايا سياسية,زيد محمد علي اسماعيل,10.58298/762024574,https://openalex.org/W4394833181,['مبادرة الحزام والطريق'],china,1,article
ar,تأثير التنمية السياحية في مواجهة نسبة البطالة في العراق للمدة من (1985-2015) - دراسة تحليلية -,2019,Iraqi Journal of Economic Sciences,الجامعة المستنصرية/ كلية الادارة والاقتصاد; أ. م . منتهى أحمد محمد النعيمي,10.31272/ijes.2019.60.7,https://openalex.org/W2975978498,['التنمية السياحية'],arab,0,article
ar,قضايا كنسية من خلال أوستراكا غير منشورة في المتحف القبطي,2025,Bulletin of the Center Papyrological Studies,نسمة إبراهيم,10.21608/bcps.2025.455549,https://openalex.org/W4414582759,['المتحف'],arab,0,article
ar,"السياحة الدينية المستدامة ودورها في دعم تنوع المنتج السياحي:, دراسة تطبيقية في المواقع السياحية في العراق بالتركيز على محافظة النجف الأشرف",2016,مجلة الكلية الإسلامية الجامعة,مؤيد عبدالحسين الفضل العطية; أحمد مكي العطية,10.51837/0827-000-037-002,https://openalex.org/W4411775310,['السياحة الدينية'],arab,0,article
ar,المتحف المتنقل: نشأته، فكرته، وأهدافه,2024,مجلة کلية الآثار جامعة القاهرة,محمد جمال راشد,10.21608/jarch.2024.333178,https://openalex.org/W4390497530,"['المتاحف', 'المتحف']",arab,0,article
ar,المجلس الأزهر في فضل صاحب الكوثر وذكر العيد الأزهر في يوم النص الأشهر تأليف: داعي الجزيرة اليمنية المخصوص بالرتبة السنية حاتم بن إبراهيم بن الحسين الحامدي (دراسة وتحقيق),2019,لارك,حيدر محمد عبد الله الكربلائي,10.31185/lark.vol2.iss33.1279,https://openalex.org/W3048729182,['الحج والعمرة'],arab,0,article
ar,دور جامعة القدس المفتوحة في تعزيز التراث الشعبي والهوية الوطنية في فلسطين,2018,,خالد نظمي عبدالفتاح قرواني,10.33977/0280-006-012-003,https://openalex.org/W2894353652,['التراث'],arab,1,article
ar,الاقتصاد التشارکی وأثره على السیاحة فی مصر,2017,المجلة الدولية للتراث والسياحة والضيافة,دعاء حزة; جیرمین عبد الکافی,10.21608/jihtha.2017.28095,https://openalex.org/W2919314102,['السائحين'],arab,0,article
ar,دور الأمن البيئي في تنمية السياحة البيئية المستدامة في الجزائر,2020,Annales de l’université d’Alger,محمد بلفضل; بن داود صوفي,,https://openalex.org/W3122018602,['السياحة البيئية'],arab,0,article
ar,قطاع السياحة ورهان دعم التنمية المستديمة بالجزائر,2013,khazzartech الاقتصاد الصناعي,سليم العمراوي,,https://openalex.org/W2918977374,['السياحة'],arab,0,article
ar,"إعادة دراسة للنقش التأسیسی للملک السبئی ""کرب إل وتار یهنعم"" المتحف الوطنی بالریاض",2018,مجلة کلیة الآداب جامعة الفیوم,هالة یوسف محمد سالم,10.21608/jfafu.2018.62021,https://openalex.org/W2993790143,['المتحف'],arab,0,article
ar,توظيف الرياضيات المجتمعية في كتب الرياضيات والدراسات الاجتماعية بالمرحلة المتوسطة في المملكة العربية السعودية,2023,Journal of Educational Sciences – Qatar University,فهد بن علي العميري; منال بنت محسن الجهني,10.29117/jes.2023.0121,https://openalex.org/W4388907416,['التراث الثقافي'],arab,0,article
ar,أثر الاستحسان على نازلة التصریح بالحج والعمرة دراسة أصولیة تطبیقیة,2022,مجلة کلیة الشریعة والقانون بأسیوط دوریة علمیة محکمة,إیمان بنت سالم قبوس,10.21608/jfsu.2022.215028,https://openalex.org/W4210772926,"['الحج والعمرة', 'العمرة']",arab,0,article
ar,اللون الأحمر ودلالته خلال العصر الرومانی تطبیقا على بعض القطع الأثریة بمتحف الغردقة,2022,مجلة کلية السياحة والفنادق جامعة المنصورة,رحاب محمود الشرنوبی; أحمد السید حافظ السخاوی,10.21608/mkaf.2022.276121,https://openalex.org/W4313394871,['المتحف'],arab,0,article
ar,اللسانیات التواصلیة وأدب الرحلات الرقمیة (تحفة النظارة فی عجائب الإمارة نموذجا),2021,مجلة کلیة الآداب جامعة بورسعید,سعاد ثروت محمد ناصف,10.21608/jfpsu.2021.87972.1119,https://openalex.org/W3199258970,['الرحلات'],arab,0,article
ar,الملامح الاجتماعية للمدينة المنورة من خلال كتاب تاريخ المدينة المنورة لابن شبه (ت 262 هـ),2025,era Journal for Humanities and Sociology,م.م. شيماء عبود عون; م.م. ريم حسن سليم,10.33193/ejhas.18.2025.364,https://openalex.org/W4413239829,['الضيافة'],arab,0,article
ar,تنمية سياحة المخيمات في مصر في ضوء معايير تصنيف الفنادق المصرية الجديدة,2021,"Journal of Tourism, Hotels and Heritage",Basem Harede; Ahmed Atef,10.21608/sis.2021.109731.1037,https://openalex.org/W4205488168,['صناعة السياحة'],arab,0,article
ar,إستلهام بعض عناصر الفن الشعبي لإعداد تصميمات زخرفية هندسية معاصرة ( تجربة طلابية ),2022,مجلة التراث والتصميم,سارة مصطفي منصور الدبوسي,10.21608/jsos.2022.115306.1145,https://openalex.org/W4212766283,['الموروث الثقافي'],arab,0,article
ar,"السياحة في الأقتصاد الوطني الجزائري:, الإستراتيجية والآثار",2020,مجلة البشائر الاقتصادية,نسيبة سماعينى; حاكمي بوحفص,10.33704/1748-006-001-033,https://openalex.org/W3113370606,['السياحة'],arab,0,article
ar,إثراء التجربة المتحفية الرقمية لذوي الاحتياجات الخاصة من الصم من خلال الواقع المعزز لتحقيق رؤية 2030م,2025,"Journal of Arts, Literature, Humanities and Social Sciences",منى أحمد عبد الله الغامدي; أ.د. تبرة جميل خصيفان,10.33193/jalhss.120.2025.1429,https://openalex.org/W4410644683,"['المتاحف', 'المتحف']",arab,0,article
ar,مركز احياء التراث اليمني,2024,"University of Science and Technology Institutional Repository (University of Science and Technology, Sana’a, Yemen)",المتوكل، أفكار فؤاد محمد,,https://openalex.org/W7203846681,['التراث'],arab,0,article
ar,برامج الأطفال في القنوات الفضائية العربية,2018,المجلة العربية لإعلام وثقافة الطفل,اسعيداني سلامي; منال رداوي,10.12816/0050630,https://openalex.org/W2902162641,['التراث الثقافي'],arab,0,article
ar,الإدارة المتحفية لمجموعة توت عنخ آمون في المتحف المصري بالتحرير Museum management of Tutankhamun Collection at the Egyptian Museum in Tahrir,2025,مجلة بحوث الشرق الأوسط,محمود معوض محمد عثمان الطويل,10.21608/mercj.2024.318089.1653,https://openalex.org/W4416845288,"['المتاحف', 'المتحف', 'الموروث الثقافي']",arab,0,article
ar,التنمية السياحية مؤشر لتحقيق التنمية الاقتصادية : حالة الجزائر,2015,الحكمة,أسماء لبيوض,10.12816/0048112,https://openalex.org/W4252770023,"['التنمية السياحية', 'السياحية']",arab,0,article
ar,E-tourism Contracts as a Mechanism for Promoting Sustainable Tourism in Algeria,2026,Revue Sciences Humaines (Université des Frères Mentouri Constantine 1),فاطمة الزهراء رحوي; fatima elzohra rahoui,,https://openalex.org/W7164623067,['السياحة المستدامة'],arab,0,article
ar,دور الجيومعلوماتية في التوزيع المكاني للمتاحف بولاية الخرطوم,2017,Communications of The Arab Computer Society,طه الفضل طه; جمال حسن سيد أحمد; سلاّم عثمان فقيري,,https://openalex.org/W2586883313,['المتاحف'],arab,0,article
ar,الاقتصاد الأخضر لمواجهة تحديات التنمية المستدامة (دراسة مقارنة لتجارب تونس والسعودية),2021,Global Journal of Economic and Business,زياد العكروت; نيازي كمون,10.31559/gjeb2021.10.1.2,https://openalex.org/W3133817429,['السياحة البيئية'],arab,0,article
ar,الافتتاحية,2018,Hawliyat,Marlene Kanaan,10.31377/haw.v16i0.63,https://openalex.org/W4246422995,['الموروث الثقافي'],arab,0,article
ar,دراسة تحليلية لمقومات مناخ الاستثمار السياحي في الجزائر,2020,مجلة الأصيل للبحوث الاقتصادية والإدارية,سورية زرقين,,https://openalex.org/W3039584525,['السياحي'],arab,0,article
ar,دراسة وتحليل المزيج التسويقي السياحي في الجزائر,2017,khazzartech الاقتصاد الصناعي,إلياس شاهد,,https://openalex.org/W2787170261,['السياحي'],arab,0,article
ar,صورة المسيح في التراث الإسلامي,2024,Islamic Studies Journal,خالد محمّد عبده,10.1163/29502276-20240004,https://openalex.org/W4399441988,['التراث'],arab,0,article
ar,السياحة البيئية لاستدامة المناطق المحمية دراسة حالة جزيرة سقطرى - اليمن,2024,مجلة العلوم الإنسانية و الإجتماعية,برديس طاهر العقاب,10.26389/ajsrp.b300524,https://openalex.org/W4401216797,['السياحة البيئية'],arab,0,article
ar,تصور مقترح لتوظيف تقنيات إنترنت الأشياء (IOT) في المتاحف لتحسين تجربة السائح لتعزيز السياحة ا لذكية في مصر (دراسة حالة لمتاحف قصر عابدين),2025,مجلة کلية السياحة والفنادق - جامعة مدينة السادات,بسمة وحيد عيد الشناوي; رانيا محمد السيد إمام,10.21608/mfth.2025.449701,https://openalex.org/W4414046630,"['السائح', 'السائحين', 'المتاحف']",arab,0,article
ar,تقدیر الظروف البیئیة المحیطة وتأثیرها على المقتنیات الأثریة بمتحف المفرق بالأردن,2021,مجلة العمارة والفنون والعلوم الإنسانية,شریف عمر محمد; طلعت حسنی أحمد أبو العدس; محمد مصطفى; أحمد حسن برکات الشرمان,10.21608/mjaf.2021.58397.2172,https://openalex.org/W3131453682,['المتحف'],arab,0,article
ar,استراتیجیات اصلاح صورة المقاصد السیاحیة المصریة وعلاقتها بصورتها لدى السائحین,2017,Al-Maǧallah Al-Miṣriyyaẗ Li-Buḥūṯ Al-Rāʼī Al-ʿām,أمانی ألبرت أدیب,10.21608/joa.2017.80621,https://openalex.org/W3015400098,['السائحين'],arab,0,article
ar,"دراسة تحليلية لتعديلات أحكام الجنسية وجوازات السفر لدولة الإمارات العربية المتحدة في ضوء المرسوم بقانون اتحادي رقم ""16"" لسنة 2017 م.",2020,,عبدالله سيف علي السبوسي,10.54000/0576-028-001-002,https://openalex.org/W3207743002,['السفر'],arab,1,article
ar,الببليوغرافيا التحليلية لكتب التراث العربي (معجم مطبوعات التراث في المملكة العربية السعودية) نموذجا,2019,مجلة معهد المخطوطات العربية,أحمد بن محمد الضبيب,10.21608/mmam.2019.505845,https://openalex.org/W7163893323,['التراث'],arab,0,article
ar,الشراكة الاستراتيجية الشاملة بين الصين ومصر في مسار جديد,2025,Afāq Asyawiyyaẗ,JUAN MA,10.21608/sis.2025.407979.1232,https://openalex.org/W4416849324,['مبادرة الحزام والطريق'],both,0,article
ar,العوامل الاجتماعية والاقتصادية المرتبطة بثقافة السفر للخارج لدى الأسرة السعودية : دراسة من منظور الخدمة الاجتماعية = Social and Economical Factors Related to the Culture of Traveling Abroad among Saudi Families : Social Work Perspective Study,2016,مجلة شؤون إجتماعية,خولة السبتي,10.12816/0034206,https://openalex.org/W2731177881,['السفر'],arab,0,article
ar,الاتصال الحدثي و استعمالاته في قطاعي الثقافة و السياحة في قسنطينة,2016,Revue Sciences Humaines (Université des Frères Mentouri Constantine 1),حسان حجاج,,https://openalex.org/W2773608840,"['التراث الثقافي', 'السياحة الثقافية']",arab,0,article
ar,SDAT2025 السياحة في الجزائر الإمكانيات والمعوقات(2000-2025) في ظل الإستراتيجية السياحية الجديدة للمخطط التوجيهي للتهيئة السياحية,2014,,عبد القادر عوينان,,https://openalex.org/W2591632608,['السياحية'],arab,0,dataset
ar,الترجمة السياحية في الجزائر بين الركود و التحديات ترجمة المطويات السياحية - مطوية مديرية السياحة و الصناعات التقليدية - تلمسان أنمودجا,2017,Dépôt Institutionnel de lUniversité de Tlemcen,شهرزاد بن عثمان,,https://openalex.org/W7135304854,['السياحية'],arab,0,dissertation
ar,دمى فخارية حيوانية غير منشورة من المتحف العراقي: مقتنيات من مدينة الكوفة، العراق,2026,Mağallaẗ Ǧamʿiyyaẗ Turāṯ Miṣr,عمر خيرالله عبدالحمزه; جمال عبد العاطي خير الله; رجب سید احمد المهر,10.21608/mgtm.2026.522218.1058,https://openalex.org/W7204464946,['المتحف'],arab,0,article
ar,الزليج الزياني في القرنين 13-14 م / 7-8 هـ,2014,Dépôt Institutionnel de lUniversité de Tlemcen,Med El Amine Dendane,,https://openalex.org/W7135309184,['الموروث الثقافي'],arab,0,dissertation
ar,تحلیل الأداء الإداری لبعض أدوار العلاقات العامة بالإتحادات الریاضیة الأولمبیة السعودیة,2021,المجلة العلمیة للتربیة البدنیة وعلوم الریاضة جامعة حلوان,عمرو الجمال,10.21608/jsbsh.2021.86259.1792,https://openalex.org/W3197220180,['الضيافة'],arab,0,article
ar,التواصل الثقافي – الديني بين الحضارات، ودور المخطوط العربي الإسلامي المحفوظ في مراكز مخطوطات الجامعات الأوروبية في التواصل بين الحضارتين (جامعة برمنغهام نموذجا),2024,مجلة العلوم التربوية و الدراسات الإنسانية,وفاء عبدالعزيز الزامل,10.55074/hesj.vi39.1059,https://openalex.org/W4399383465,['التبادل الثقافي'],arab,0,article
ar,التناص مع التراث الادبي في شعر الرثاء في العصر العباسي,2022,مجلة واسط للعلوم الانسانية,الباحثة الحسني، شفاء رحمان; عيسى عيسى جعفر الحركاني,10.31185/wjfh.vol19.iss53.532,https://openalex.org/W4391918854,['التراث'],arab,1,article
ar,أثر الانعكاسات الأيكولوجية على الموروث الثقافي المادي لدى قبائل البجا في مصر والسودان,2024,مجلة العلوم القانونية والاجتماعية,هبة عبدالعاطي محمود عابد,10.53419/2259-009-001-007,https://openalex.org/W4412144052,['الموروث الثقافي'],arab,0,article
ar,التقییم المناخی للمناطق السیاحیة فی مصر باستخدام معادلة دلیل المناخ السیاحی,2022,مجلة کلیة الآداب جامعة الفیوم,دلیا مصطفی علی عبد الجواد سالم العربی,10.21608/jfafu.2022.118940.1694,https://openalex.org/W4226257793,"['السائح', 'السائحين']",arab,0,article
ar,تنمية السياحة الدولية في الشرق الأوسط,2026,مجلة کلية السياحة والفنادق جامعة المنصورة,حارث صلاح صادق; محمود سيد عبدالله; رحاب محمود الشرنوبى; محمد احمد عبداللطيف,10.21608/mkaf.2026.512508,https://openalex.org/W7166817394,['السياحة'],arab,0,article
ar,إدارة سمعة الوجهات السیاحیة عبر مواقع التواصل الاجتماعی:,2020,المجلة العلمية لبحوث العلاقات العامة و الإعلان,یسرا حسنی عبد الخالق,10.21608/sjocs.2020.155411,https://openalex.org/W3137030075,"['السياحة الثقافية', 'المتاحف']",arab,0,article
ar,Selection of Books Released in 2023,2024,Insaniyat / إنسانيات,,10.4000/12inx,https://openalex.org/W4403757659,['السياحة الصحراوية'],arab,0,article
ar,مراحل تطور القطاع السياحي بالجزائر : دراسة مسحية,2013,المـجــــلــــة العـــلمـــيـــة المـسـتـقـبــــل الاقــتــصــــــادي,عبد الرحمان بن عـنتر; عـبد الله بـلوناس,,https://openalex.org/W2955804213,['السياحي'],arab,0,article
ar,رؤية القائم بالاتصال في المنصات الرقمية الحكومية لدورها في توعية المواطن السعودي بأهداف رؤية المملكة 2030,2025,Al-Mağallah Al-ʿilm iyyaẗ Li-Buḥūṯ Al-Id̲̲āʿẗ wa Al-Tilifizyūn,فهد فيصل التميمي; عادل فهمي محمد,10.21608/ejsrt.2025.468312,https://openalex.org/W7114787303,['الحج والعمرة'],arab,0,article
ar,مسئولية الدولة عن ضمان حرية التنقل دراسة تطبيقية على قرارات وقف حركة النقل الجوي والمنع من السفر,2024,مجلة الشريعة والقانون بالقاهرة,mahmoud Abd Elhady,10.21608/mawq.2024.283778.1039,https://openalex.org/W4400621904,['السفر'],arab,0,article
ar,دور متحف محمد ناجي في دعم المد الثقافي العربي الافريقي: دراسة انثروبولوجية:,2026,مجلة کلیة الآداب جامعة الفیوم,أماني الحناوي; محمد جلال,10.21608/jfafu.2026.525974.2614,https://openalex.org/W7204476923,['المتاحف'],arab,0,article
ar,تحليل أنماط حرکة السياح في الوقت الفعلي باستخدام التقنيات الجيومکانية في محافظة أبها بالمملکة العربية السعودية,2022,المجلة العربية للدراسات الجغرافية,شيخة محمد العاجزة; سلوى سليم المطرفي; مطلق فيحان البقمي,10.21608/jasg.2022.230498,https://openalex.org/W4224090860,['السائحين'],arab,0,article
ar,تقديـم,2018,Insaniyat / إنسانيات,صورية مولوجي ڤروجي,10.4000/insaniyat.18385,https://openalex.org/W4236164705,['الموروث الثقافي'],arab,0,article
ar,تقييم الآثار البيئية للسياحة في ليبيا,2012,International Journal of Development,مسعود حسين; عواطف أبو سبيحة,10.21608/jaid.2012.222191,https://openalex.org/W4399017161,['الآثار'],arab,0,article
ar,الدور المحوری للسعودیة مع الصین فی إحیاء طریق الحریر فی ضوء رؤیة 2030,2019,المجلة العلمية لکلية الدراسات الإقتصادية و العلوم السياسية,عزة جمال عبد السلام زهران,10.21608/esalexu.2019.110735,https://openalex.org/W3085103991,['طريق الحرير'],both,0,article
ar,تأثير التسويق الإلكتروني على تجربة المعتمر: دراسة ميدانية,2025,مجلة العلوم الإقتصادية و الإدارية و القانونية,باسم سعود الحازمي; مشهور هاني باعشن; دانا منذر راجخان,10.26389/ajsrp.s191124,https://openalex.org/W4406915612,['العمرة'],arab,0,article
ar,الدور الصيني في تصفير الخلافات في منطقة غرب آسيا وانعكاساتها على تفعيل مبادرة الحزام والطريق,2024,مجلة المستنصرية للدراسات العربية والدولية,عقيل حمدان عباس,10.35155/0965-000-086-007,https://openalex.org/W4411784088,['مبادرة الحزام والطريق'],china,0,article
ar,طاقم من الفضة مؤرخ بسنة 1285هـ/1869م برسم لأميرة توحيدة بنت الخديوي إسماعيل محفوظ بمتحف قصر المنيل (ينشر لأول مرة),2025,مجلة کلية الآثار جامعة القاهرة,آية عبد العزيز حسب الله,10.21608/jarch.2026.475026,https://openalex.org/W7117464164,['المتاحف'],arab,0,article
ar,دور السياحة البيئية في تحقيق التنمية المستدامة في مصر,2015,International Journal of Development,فاطمة عبد الجليل أحمد شلبي,10.12816/0014017,https://openalex.org/W2486079347,['السياحة البيئية'],arab,0,article
ar,ابتكار معلقات نسجية مستوحاة من الزخارف الجصية بالعمارة التقليدية شرق المملكة العربية السعودية لإثراء المتاحف الثقافية,2023,مجلة العمارة والفنون والعلوم الإنسانية,رجاء حسن; سلمى عابد معيوف الجابرى,10.21608/mjaf.2023.244971.3247,https://openalex.org/W4390167559,['المتاحف'],arab,0,article
ar,السياحة في المخيال الجمعي الجزائري,2017,مجلة تاريخ العلوم,مريم بالطة; الزهرة صوالحية,10.37613/1678-000-010-012,https://openalex.org/W2795300474,['السياحة'],arab,0,article
ar,"التسويق الإلكتروني للموروث السوسيوثقافي وتنشيط السياحة التراثية في الجزائر:, قراءة في المؤشرات",2023,الذاكرة,لامية طالة,10.35156/1949-011-001-009,https://openalex.org/W4412178297,['السياحة التراثية'],arab,0,article
ar,المؤتمر العالمي لتعليم اللغة العربية لغير الناطقين بها,2010,الفكر الإسلامي المعاصر (إسلامية المعرفة سابقا),وليد العناتي,10.35632/citj.v15i59.1069,https://openalex.org/W3017006557,['الضيافة'],arab,0,article
ar,أثر تطبیق تكنولوجیا أی بیكون كتقنیة تسویقیه ذكیة علی التجربة السیاحیة,2022,مجلة کلية السياحة والفنادق - جامعة مدينة السادات,أمانی عدلی عبد العزیز; هبةالله علی جعفر; هبة صلاح ذكی,10.21608/mfth.2022.280346,https://openalex.org/W4320074549,"['السائح', 'السائحين']",arab,0,article
ar,دور القيادة التحويلية في تحسين أداء منظومة الحج والعمرة,2024,مجلة العلوم الإقتصادية و الإدارية و القانونية,محمد سعد الغالبي,10.26389/ajsrp.s290323,https://openalex.org/W4391724032,"['الحج', 'الحج والعمرة']",arab,0,article
ar,الترجمة والضيافة اللغوية والثقافية (مقاربة تحليلية لعلاقة الترجمة بين الذات والآخر وإشكالية الهيمنة والمثاقفة),2025,International Journal of Research and Studies Publishing,أستاذ محاضر تخصص الترجمة بالمعهد الجامعي للدراسات الإفريقية والأورومتوسطية و الإيبيروأمركية، جامعة محمد الخامس، الرباط، المملكة المغربية; الدكتور/ المصطفى رياني,10.52133/ijrsp.v6.69.3,https://openalex.org/W4412661690,['الضيافة'],arab,0,article
ar,أثر التسويق الداخلي على الأداء الوظيفي في الفنادق ووكالات السفر: الدور الوسيط لمشاركة المعرفة,2023,مجلة کلية السياحة والفنادق - جامعة مدينة السادات,محمد عزت حشاد; إسماعيل محمد حسين; محمد هاني عبد الهادى; رانيا السيد إبراهيم أبو,10.21608/mfth.2023.330955,https://openalex.org/W4390169258,['السفر'],arab,1,article
ar,تحليل الأهمية النسبية للقطاع السياحي الجزائري,2016,مجلة البشائر الاقتصادية,نجاة بلعابد,10.33704/1748-002-003-003,https://openalex.org/W2742963061,['السياحي'],arab,0,article
ar,"السياحة في منطقة طلميثة شمال شرق ليبيا ""دراسة جغرافية للواقع والمعوقات البشرية""",2022,المجلة الليبية العالمية,عثمان الناجي,10.37376/glj.vi49.1466,https://openalex.org/W4391120987,['السياحة البيئية'],arab,0,article
ar,ترجمة مصطحات مهن الفندقة فندق رينيسانس تلمسان نموذجا,2018,Dépôt Institutionnel de lUniversité de Tlemcen,جلال خربوش,,https://openalex.org/W7135295712,['الفندقة'],arab,0,dissertation
ar,واقع صناعة السياحة في الجزائر وفق مبدأ إدارة الجودة الشاملة,2016,,عيوش حورية,,https://openalex.org/W2760931127,['صناعة السياحة'],arab,0,article
ar,أدب الرحلات بين الجغرافيا والإبداع,2014,,يسري عبد الله,,https://openalex.org/W133737055,['الرحلات'],arab,0,article
ar,تحليل خطاب نقدي متعدد الوسائط لمنشورات مختارة على إنستجرام للمؤثرين عبر وسائل التواصل الاجتماعي المحلية في الإمارات العربية المتحدة,2022,Al-Maǧallah Al-Miṣriyyaẗ Li-Buḥūṯ Al-Iʿlām,أمنة بنت علي; محمد بن موسى,10.21608/ejsc.2022.271900,https://openalex.org/W4313042472,['السفر'],arab,2,article
ar,تمويل الثقافة مقاربة سوسيو ميدانية لتمويل الفعل الثقافي في الجزائر,2012,مجلة الواحات للبحوث و الدراسات,بوعدة حسينة,,https://openalex.org/W2778663926,['المتاحف'],arab,0,article
ar,دورالأجهزة السیاحیة الرسمیة فى التسویق للمقصد السیاحی اللیبی,2019,مجلة کلية السياحة والفنادق جامعة المنصورة,سلیم سالم مفتاح المغربی; ولید سید أمین عبدالله; رانیا محمد بهاء الدین بدر الدین,10.21608/mkaf.2019.107068,https://openalex.org/W3049851752,"['السائح', 'السفر', 'السفر والسياحة']",arab,0,article
ar,قطاع السياحة والتنمية المستدامة في الوطن العربي خلال فترة الکوفيد-19,2022,مجلة التراث والتصميم,نهي سمير شوال محمد ابوزيد,10.21608/jsos.2022.113152.1132,https://openalex.org/W4221091131,"['السفر', 'السفر والسياحة']",arab,0,article
ar,الجمرات في الحج: درس إبراهيمي في الثقة المطلقة بالله,2015,الفكر الإسلامي المعاصر (إسلامية المعرفة سابقا),عبد الحميد أحمد أبو سليمان,10.35632/citj.v20i80.675,https://openalex.org/W2571545244,['الحج'],arab,0,article
ar,التطور التاریخی والتوزیع الجغرافی للمتاحف المغربیة,2010,The Conference Book of the General Union of Arab Archaeologists/The Conference Book of the General Union of Arab Archaeologists,,10.21608/cguaa.2010.37672,https://openalex.org/W4243523703,['المتاحف'],arab,0,conference-paper
ar,دور العوامل المناخية في تطوير السياحة المستدامة في المنطقة الشمالية الشرقية من العراق,2025,مجلة مركز بابل للدراسات الإنسانية,عبد عليج عبد الدليمي,10.33843/1152-015-002-086,https://openalex.org/W4411777122,['السياحة المستدامة'],arab,0,article
ar,الآثار البیئة للأسمدة والمبیدات بمشروع الجزیرة –السودان,2015,,محمد أحمد حاج علي الزبیر,,https://openalex.org/W3167551814,['الآثار'],arab,0,article
ar,قطاع السياحة في الجزائر كأسلوب لتحقيق التنويع الاقتصادي,2022,,هجيرة صحراوي; العونية بن زكورة,10.54241/2065-005-001-013,https://openalex.org/W4412117816,['السياحة'],arab,0,article
ar,تقييم جغرافي للسياحة العلاجية في العراق,2025,Mustansiriyah Journal of Humanities,م. م. عمر مخيلف حسون,10.47831/wmmz2x50,https://openalex.org/W4415105376,['السياحة العلاجية'],arab,0,article
ar,"الوحدة والتوافق وضخ زخم التنمية - الخطاب الرئيسي للرئيس شي جين بينغ في حفل افتتاح الدورة الثالثة لمنتدى قمة التعاون الدولي ""الحزام والطريق"" لا يزال يتردد صداه عالميا",2024,Afāq Asyawiyyaẗ,Marwa ragheb Elmaghalawy,10.21608/sis.2024.258585.1131,https://openalex.org/W4392096734,['مبادرة الحزام والطريق'],both,0,article
ar,العلاقة بين تسويق المحتوى المولد بالذكاء الاصطناعي وارتباط العميل: الدور المعدل للواقع المعزز بالتطبيق على رواد المتحف المصري الكبير.,2026,المجلة العملیة التجارة والتمویل,محمد فوزي امين البردان; محمد عبد الغفار علم الدين; عبد العزيز عبد الكريم عبدالعزيز,10.21608/caf.2026.501349,https://openalex.org/W7159713611,['المتحف'],arab,0,article
ar,صلاة الجمعة والجماعة للمسافر (دراسة فقهية مقارنة),2022,المجلة الدوليه للدراسات الإسلامية المتخصّصّه,محمد فوزي الحادر,10.31559/sis2022.7.3.3,https://openalex.org/W4301400548,['السفر'],arab,0,article
ar,دور تمكين المرأة في تعزيز التنمية السياحية ا لمستدامة في مصر,2025,مجلة کلية السياحة والفنادق - جامعة مدينة السادات,أماني عادل; تقى محروس; محمود عبد المنعم; داليا مندور,10.21608/mfth.2025.453218,https://openalex.org/W4414311115,"['التراث الثقافي', 'التنمية السياحية']",arab,0,article
ar,"استراتيجيات الإقناع في الخطاب الإشهاري السياحي:, الدليل الإشهاري السياحي الجزائري أنموذجا",2024,,عيسى بربار,10.37168/1957-008-002-033,https://openalex.org/W4412134191,['السياحي'],arab,0,article
ar,دراسة المعالم الأثرية في مدينة ندرومة,2014,Dépôt Institutionnel de lUniversité de Tlemcen,merouane mustapha,,https://openalex.org/W7135352425,['المعالم الأثرية'],arab,0,other
ar,اتجاهــات طلبة الصــف الحــادي عشر بسلطنة عمــان نحــو السيــاحة المستــدامــة,2024,مجلة کلية التربية (أسيوط),زينب جمعه علي المشرفية; أحمد حمد الربعاني,10.21608/mfes.2024.362322,https://openalex.org/W4400384976,['السياحة المستدامة'],arab,0,article
ar,أدب الرحلات ودوره في التواصل بين الحضارات رحلة ابن جبير نموذجا,2017,Dépôt Institutionnel de lUniversité de Tlemcen,Dalila Nemmiche,,https://openalex.org/W7135317720,['الرحلات'],arab,0,other
ar,رؤى معاصرة لتصميم زى مضيفات الطيران,2017,Al-Mağallah Al-ʿilmiyyaẗ Li Kulliyyaẗ Al-Tarbiyyaẗ Al-Nawʿiyyaẗ - Ǧāmiʿaẗ Al-Munūfiyyaẗ,زينب محمد حسين مصطفى سويلم,10.21608/molag.2017.159799,https://openalex.org/W3156710579,['الضيافة'],arab,0,article
ar,"تثمين وتطوير المواقع التاريخية كمدخل نحو تنمية السياحة الثقافية في الجزائر:, دراسة حالة المواقع التاريخية المرتبطة بالثورة الجزائرية",2025,مجلة دفاتر البحوث العلمية,شباح محمد,10.37218/1426-013-001-003,https://openalex.org/W4414960535,['السياحة الثقافية'],arab,0,article
ar,إستراتيجيات تنمية السياحة الصحراوية بهدف تنمية وتطوير القطاع السياحي بشكل مستدام في الجزائرDesert tourism development strategies with a view to developing sustainable tourism sector in Algeria,2018,,بن عطالله عادل; زايدي مريم,,https://openalex.org/W3089601314,['السياحة الصحراوية'],arab,0,article
ar,عناية الملك عبدالعزيز بن عبدالرحمن آل سعود ببيئة مكة المكرمة في موسم الحج,2018,الدارة,دلال بنت محمد سليمان السعيد,10.46968/0326-044-001-001,https://openalex.org/W3097127545,['الحج'],arab,0,article
ar,توظيف المتاحف العلمية الاستكشافية في تنمية بعض المهارات الإدراكية المعرفية لدى طفل الروضة ذوي صعوبات التعلم Employing Exploratory Science Museums in Developing some Cognitive Perceptual Skills of kindergarten Children with Learning Difficulties,2023,المجلة العلمية لکلية التربية للطفولة المبکرة ببورسعيد,د. رنا علاء الدين علي,10.21608/jfkgp.2023.323372,https://openalex.org/W4388010401,['المتاحف'],arab,0,article
ar,ألواح فخارية غير منشورة من المتحف العراقي خلال العصر البابلي القديم (2400-1594 ق.م),2023,مجلة کلية الاداب جامعة المنصورة,هيثم عقيل عويز,10.21608/artman.2022.152878.1814,https://openalex.org/W4401849103,['المتحف'],arab,0,article
ar,برنامج مقترح في أدب الرحلات؛ لتنمية مهارات التفكير اللغوي، وكتابة المقال التحليلي، والوعي العابر للثقافات؛ لدى الطلاب معلمي اللغة العربية,2025,مجلة جامعة الفيوم للعلوم التربوية والنفسية,رانيا محمد مصطفى كامل عمر,10.21608/jfust.2025.338601.2268,https://openalex.org/W4407603991,['الرحلات'],arab,0,article
ar,مقومات السياحة في الجمهورية اليمنية,2011,حوليات التاريخ والجغرافيا,الحجوري محمد; بلعباس مسعود,,https://openalex.org/W2907371031,['السياحة'],arab,0,article
ar,تقييم التغطية الإعلامية للاحتفاليات المصرية السياحية الكبرى,2023,Al-Maǧallah Al-Miṣriyyaẗ Li-Buḥūṯ Al-Rāʼī Al-ʿām,جورج لطيف زكي سيدهم,10.21608/joa.2023.330300,https://openalex.org/W4390170305,['السياحية'],arab,0,article
ar,المكتبات الأكاديمية وثقافة الاقتصاد البنفسجي: بين الواقع والمأمول,2024,Journal of Information Studies & Technology (JIS&T),سالمة سليمان الريامي; فاتن فتحي محمد حمد; نبهان بن حارث الحراصي,10.5339/jist.2024.10,https://openalex.org/W4402548617,['السياحة الثقافية'],arab,0,article
ar,واقع السياحة العلاجية في الجزائر وطموحاتها المستقبلية,2018,مجلة الدراسات الاقتصادية والمالية,سليمة ريوقي,10.37488/2057-011-001-016,https://openalex.org/W2912915048,"['السياحة', 'السياحة العلاجية']",arab,0,article
ar,دور المؤسسات الصغيرة و المتوسطة في تطوير القطاع السياحي بالجزائر دراسة حالة ولاية مستغانم,2012,Dépôt Institutionnel de lUniversité de Tlemcen,Ibtissem Kara,,https://openalex.org/W7135293580,['السائح'],arab,0,report
ar,"قیاس دور الهیئة المصریة العامة للتنشیط السیاحى لجذب السوق السیاحى الأفریقى:""دراسة تحلیلیة""",2021,المجلة الدولية للتراث والسياحة والضيافة,مهاب حسین شفیق البشبیشی; صباح محمد محمود إبراهیم,10.21608/jihtha.2021.280452,https://openalex.org/W4320158844,['السائحين'],arab,0,article
ar,أثر تطبيقات الإدارة اللوجستية في تحسين جودة الخدمة المقدمة للحجاج من خلال مبيعات السلع التذكارية والهدايا أثناء موسم الحج والعمرة,2024,مجلة البحوث المالیة والتجاریة,ساره اليوسف; فوزي زويد,10.21608/jsst.2024.277428.1775,https://openalex.org/W4399314598,['الحج والعمرة'],arab,0,article
ar,جواز السفر البحري الجزائري: سبيل الدول الشمالية للولوج الآمن إلى البحر الأبيض المتوسط,2018,المجلة التاريخية الجزائرية,رجائي سالمي عبد الهادي; عطوي عماد,,https://openalex.org/W3108128886,['السفر'],arab,0,article
ar,قضايا السياحة في الصحافة العراقية دراسة تحليلية,2021,Al-Adab Journal,علي حسين طوينه; طارق علی حمود العيثاوي,10.31973/aj.v0i66.2984,https://openalex.org/W4296611795,['السياحة'],arab,0,article
ar,نحو تطبیق قوائم طعام صحیة للأطفال فی صناعة الضیافة فی مصر كمیزة تنافسیة,2022,مجلة کلية السياحة والفنادق - جامعة مدينة السادات,محمد عمر أحمد; وائل محمد عبدالنبى,10.21608/mfth.2022.282360,https://openalex.org/W4318767027,"['الضيافة', 'صناعة الضيافة']",arab,0,article
ar,الآثار القانونیة لشرط التحکیم بالنسبة للمتعاقدین,2021,المجلة القانونیة,تغرید شعبان موسى أبو شربى,10.21608/jlaw.2021.190976,https://openalex.org/W3196161678,['الآثار'],arab,0,article
ar,"الفصل التمهيدي: الحج قبل ""الصدمة الاستعمارية""",2021,Centre français de recherche de la péninsule Arabique eBooks,لـــوك شـــانـــتر,10.4000/books.cefas.3455,https://openalex.org/W3182213007,['الحج'],arab,0,book-chapter
ar,المنتج السياحي المصري بعد ثورة 25 يناير,2017,الإستواء,مي منصور,10.12816/0038335,https://openalex.org/W2770501519,['السياحي'],arab,0,article
ar,سیاسة إدارة المقتنیات المتحفیة بمتاحف قصر عابدین,2020,مجلة کلية السياحة والفنادق - جامعة مدينة السادات,ولاءالدین مدبولی,10.21608/mfth.2020.151164,https://openalex.org/W3134279213,"['المتاحف', 'المتحف']",arab,0,article
ar,إستخدام المعالجات البیئیة فی المناطق السیاحیة الصحراویة: دراسة تحلیلیة لمشروع فندق إدرار إملال بواحه سیوة,2022,ERJ Engineering Research Journal,Nesma M. Darwish; Eman Attia; Mohamed Sheibl,10.21608/erjm.2022.161249.1208,https://openalex.org/W4298627217,"['السائحين', 'السياحة البيئية']",arab,0,article
ar,التسويق السياحي كسبيل لتنشيط القطاع السياحي في الجزائر,2012,,إلياس الشاهد,,https://openalex.org/W91103694,"['التسويق السياحي', 'السائح', 'السياحي']",arab,0,article
ar,"تكنولوجيات الإعلام والاتصال والوسائط الجديدة وتثمين التراث الثقافي في الجزائر Information and communication technologies, new media And the valorization of cultural heritage in Algeria",2021,مجلة علوم الإنسان والمجتمع,عبدالنور بوصابة,,https://openalex.org/W3201076402,['التراث الثقافي'],arab,0,article
ar,دور الاعلام السياحي في التنمية السياحية في اقليم كوردستان- العراق للفترة (2007-2014),2018,Zanco Journal of Humanity Sciences,,10.21271/zjhs.22.5.4,https://openalex.org/W4213021536,['التنمية السياحية'],arab,0,article
ar,درجة توظيف معلمي إدارة الأعمال لمهارات استراتيجية الرحلات المعرفية (Web Quest) كأداة تعليمية للمرحلة الأساسية العليا من وجهة نظرهم في العاصمة عمان,2024,Humanitarian and Natural Sciences Journal,د. دعاء ماجد محمد خليفة,10.53796/hnsj511/28,https://openalex.org/W4404137850,['الرحلات'],arab,0,article
ar,تضافر زخارف النوبة مع تطبيقات الذكاء الاصطناعي لابتكار مفروشات نسجيه مطبوعة لتأثيث شاليهات المصايف,2025,مجلة العمارة والفنون والعلوم الإنسانية,عبير فاروق,10.21608/mjaf.2025.396291.3762,https://openalex.org/W4412547288,['التراث الثقافي'],arab,0,article
ar,إمكانية تطبيق السويق السياحي من منظور التنمية المستدامة و أثره على تحقيق ميزة تنافسية لوكالات السياحة و الأسفار الجزائرية,2016,Dépôt Institutionnel de lUniversité de Tlemcen,Mohamed Ouazzani,,https://openalex.org/W7135281382,['التسويق السياحي'],arab,0,dissertation
ar,فيـديوهات اليـوتيوب ودورها في التسـويق السياحي في مصـر. دراســة تطبيقيــة,2024,مجلة بحوث کلية الآداب جامعة المنوفية,الزهــراء فاخر عبد نصار; الزهــراء فاخر عبد نصار,10.21608/sjam.2024.274974.2271,https://openalex.org/W4393165210,['التسويق السياحي'],arab,0,article
ar,الفصل الرابع: الحج بلا خليفة تجربة الحج في أثناء الحرب (1914‑1918),2021,Centre français de recherche de la péninsule Arabique eBooks,لـــوك شـــانـــتر,10.4000/books.cefas.3475,https://openalex.org/W3179092380,['الحج'],arab,0,book-chapter
ar,جهود إمارة الشارقة بالإمارات العربية المتحدة في صون وحماية التراث الثقافي وتنمية الوعي به: مؤسساتها الثقافية والمعلوماتية نموذجا,2023,Mağallaẗ Banhā Lil-ʿulūm Al-Insāniyyaẗ,احمد حنفي محمد أمين داود,10.21608/bjhs.2023.320553,https://openalex.org/W4387621673,['التراث الثقافي'],arab,0,article
ar,تطوير سلم لقياس اتجاهات السائح الجزائري نحو العرض السياحي المحلي,2022,مجلة الدراسات المالية والمحاسبية والإدارية,سفيان لرادي; راقي دراجي,10.35392/1772-009-001-021,https://openalex.org/W4411881269,['السائح'],arab,0,article
ar,فتوى الجهاد بين التراث والمستقبل,2023,Journal of Kufa Studies Center,علي الفياض,10.36322/jksc.v2i69.13183,https://openalex.org/W4386031667,['التراث'],arab,0,article
ar,"شعریة خطاب الرحلة فی السرد المعاصر: ""سرد الأتای"" للكاتب الإماراتی علی عبد القادر أنموذجا",2022,حولیة کلیة اللغة العربیة بجرجا,نایف بن رشدان بن عتیق الهجلة,10.21608/bfag.2022.172536.1201,https://openalex.org/W4313394575,['السفر'],arab,0,article
ar,"It Looks Like a Hypocephalus, but It Is Not: Some Extraordinary Papyrus Fragments in the Museo Egizio (Provv. 6133)",2018,Rivista del Museo Egizio,Ann-Katrin Gill,10.29353/rime.2018.1761,https://openalex.org/W2905742776,['المتحف'],arab,0,article
ar,دور الإبداع الإداري في تحسين أداء المنشآت السياحية (دراسة تطبيقية لعينة من الشركات والوكالات السياحية بأمانة العاصمة اليمن),2025,مجلة جامعة صنعاء للعلوم الإنسانية,عبدالحفيظ يحيي الخزان; أحمد أحمد الرحومي,10.59628/jhs.v4i4.1490,https://openalex.org/W4409880235,['السياحية'],arab,0,article
ar,متحف البرید المصری: خطة استراتیجیة لتطویره وتفعیل دوره لعرض تراث مصر,2021,المجلة العلمیة لکلیة السیاحة و الفنادق جامعة الأسکندریة,سارة رجب; هبة محمود سعد,10.21608/thalexu.2021.211868,https://openalex.org/W4205634098,"['السياحة الثقافية', 'المتاحف', 'المتحف']",arab,0,article
ar,أدب الرحلات الحجازية الجزائرية في القرن الثامن عشر الميلادي أنموذجا,2021,مجلة لغة . كلام,سالم بن لباد; سميرة مالكي,10.35779/1718-007-002-006,https://openalex.org/W4293128357,['الرحلات'],arab,0,article
ar,تکامل الوظیفة الدینیة والإیواء السیاحی والنقل فی رؤیة السعودیة للتنمیة المستدامة 2030م,2022,مجلة المجمع العلمي المصري,عاطف حافظ سلامة محمد,10.21608/jfnile.2022.112346.1012,https://openalex.org/W4220835544,['العمرة'],arab,0,article
ar,مدينة عين ماضي من خلال الرحلات الحجازية المغربية في القرنين الحادي والثاني عشر الهجريين,2020,مجلة الباحث في العلوم الإنسانية والاجتماعية,نواري عبدالقادر,10.51838/1767-011-001-003,https://openalex.org/W4247300099,['الرحلات'],arab,0,article
ar,أقطاب السياحة الصحراوية للامتياز و دورها في تحول الجزائر إلى بلد سياحي في إطار المخطط التوجيهي للتهيئة السياحية- دراسة واقع السياحة و الاستثمار السياحي بولاية بسكرة,2013,Revue des Economies financières bancaires et de management,بن سماعين حياة; زايدي حسيبة,,https://openalex.org/W3130180871,['السياحة الصحراوية'],arab,0,article
ar,منهج أبي القاسم سعد الله في كتابة التاريخ الثقافي للمغرب الأوسط في العصر الوسيط (القسم الأول : مستوى التاريخانية ),2016,مجلة جامعة الأمير عبد القادر للعلوم الإسلامية,بونابي الطاهر,10.37138/emirj.v30i4.1751,https://openalex.org/W4323658337,['التراث الثقافي'],arab,0,article
ar,التراث والهوية هاجس المواطن القطري,2021,Qatar University QSpace (Qatar University),,,https://openalex.org/W7123378926,['التراث'],arab,0,article
ar,مجلة حوليات التراث العدد 10,2010,DOAJ (DOAJ: Directory of Open Access Journals),Annales du patrimoine,,https://openalex.org/W4380721849,['التراث'],arab,0,article
ar,استدامة الرحلات البحرية الاختيارية كميزة تنافسية للمقصد السياحي المصري,2024,المجلة الدولية للتراث والسياحة والضيافة,شيماء شبانة سعد علي البنا; فارس عبدالله محمد مدني,10.21608/jihtha.2025.266460.1050,https://openalex.org/W4407612919,"['الرحلات', 'السائحين', 'السياحة المستدامة', 'صناعة السياحة']",arab,0,article
ar,السياحة البيئية ودورها في التنمية السياحية المستدامة بسلطنة عمان,2015,,Ahmed Hamood Hamed Al Qasmi,,https://openalex.org/W3010861960,"['التنمية السياحية', 'السياحة البيئية']",arab,0,dissertation
ar,السياحة ودورها في تحقيق التنمية المستدامة بالجزائر,2014,مجلة الإقتصاد الجديد,بـركـان أمينــة,,https://openalex.org/W2907719585,['السياحة'],arab,0,article
ar,سيميائية الفضاء المقدس في الرحلات الحجازية الجزائرية (رحلة الحسين الورثيلاني أنموذجا,2018,العلامة,بوزوادة حبيب,,https://openalex.org/W2914446978,['الرحلات'],arab,0,article
ar,التراث العلاجي للتراخوما ومضاعفاته,2025,مجلة کلية الآثار جامعة القاهرة,ولاء على عبد الرحمن,10.21608/jarch.2026.474904,https://openalex.org/W7117450501,['التراث'],arab,0,article
ar,دور الضيافة في العصر العباسي (132- 656هـ\ 749 -1258م),2023,Al-Adab Journal,محمد عبدالله القدحات,10.31973/aj.v1i144.3850,https://openalex.org/W4327606955,['الضيافة'],arab,0,article
ar,Museum Treasures for All : The Role of Museum Curators in Public Communication,2024,Qatar University QSpace (Qatar University),أحمد شيخ العرب,,https://openalex.org/W7134370547,"['التراث الثقافي', 'المتاحف']",arab,0,book
ar,الموارد التراثیة والثقافیة للدولة المصریة کداعم لصناعة السیاحة والسفر,2021,مجلة العمارة والفنون والعلوم الإنسانية,أسماء مصطفى الشامی,10.21608/mjaf.2020.46515.1959,https://openalex.org/W3118757321,"['السائح', 'صناعة السياحة']",arab,1,article
ar,المفاهيم الحضارية والثقافية الفنية للجسد العاري وتأثيرها على الفن الأوربي المعاصر,2019,Journal of Education College Wasit University,عبير مجيد عبد النبي صالح,10.31185/eduj.vol2.iss37.1104,https://openalex.org/W2998083597,['الموروث الثقافي'],arab,0,article
ar,دور التراث الثقافى غیر الملموس فى تنمیة سیاحة التراث: دراسة حالة لمحافظة الفیوم,2019,المجلة الدولية للتراث والسياحة والضيافة,سها حسن; سوزان حسن; سالى خلیل,10.21608/jihtha.2019.41501,https://openalex.org/W2966073341,['التراث'],arab,0,article
ar,تطور المجموعات المتحفیة بمتحف الفن الإسلامی بالقاهرة,2021,المجلة العلمية بکلية الآداب,فاطمة الرفاعی شحاته الرفاعی; رأفت عبد الرازق أبو العینین; رمضان صلاح الدین أبو زید,10.21608/jartf.2022.195544,https://openalex.org/W3203172456,"['المتاحف', 'المتحف']",both,0,article
ar,أثر تطبيق التسويق الداخلي في المنظمات السياحية على جودة الخدمات السياحية في الجزائر,2019,Mağallaẗ al-ՙulūm al-iqtiṣādiyaẗ wa al-tasyīr wa al-ՙulūm al-tiğāriyaẗ,أمينة خطابت; عثمان لخلف,,https://openalex.org/W2997044477,['السياحية'],arab,0,article
ar,نقد فكرة الاحتجاج في التراث العربي,2011,حوليات التراث,عماد علي الخطيب,10.35268/0186-000-011-002,https://openalex.org/W4411786078,['التراث'],arab,0,article
ar,دفاتر التكيـة المصـرية بمكـة المكرمـة المحفـوظـة بدار الوثائـق القوميـة فـي الفترة (1280- 1296هـ/ 1863- 1879م) (دراسة تاريخية أرشيفية دبلوماتية),2023,مجــلة کلیة اللغة العربیة بأســیوط,د هشام أحمد عبد الرحمن أحمد,10.21608/jfla.2023.211970.1149,https://openalex.org/W4388443578,"['الحج والعمرة', 'العمرة']",arab,0,article
ar,صناعة السياحة في الجزائر سبيل لتحقيق الاقلاع والتنويع الاقتصادي، قراءة في المقومات والواقع,2020,,سيف الدين قحايرية; فارس سعيدي,,https://openalex.org/W3092348782,['صناعة السياحة'],arab,0,article
ar,فاعلية برنامج قائم على استخدام المتحف الافتراضي في تنمية الوعي السياحي في مرحلة الطفولة المبكرة,2025,مجلة المناهج وطرق التدريس,ابتسام عبدالعزيز العرادي,10.26389/ajsrp.b110325,https://openalex.org/W4411979016,['المتحف'],arab,0,article
ar,السياحة المستدامة كقاعدة أساسية لإرساء تنمية اقتصادية واجتماعية : تجربة الجزائر,2020,مجلة رماح للبحوث والدراسات,مسالي ، سارة,10.12816/0058431,https://openalex.org/W4245296985,['السياحة المستدامة'],arab,0,article
ar,Possibility of Get Access to Main Airports in Iraq Using GIS,2013,Dirāsāt iqlīmiyyaẗ,Mohammed Hashim Dhunoon AL hayali,10.33899/regs.2013.78121,https://openalex.org/W3081844561,['السفر'],arab,0,article
ar,قیاس تأثیر وعی السائح بالمؤشرات البیئیة فی اختیار مصر كمقصد سیاحی,2022,المجلة الدولية للتراث والسياحة والضيافة,نهلة محمد محسن; فاروق عبد النبی عطاالله; مروة صلاح قاعود,10.21608/jihtha.2022.288002,https://openalex.org/W4322751626,"['السائح', 'السائحين']",arab,0,article
ar,الصناعات الجلدیة التقلیدیة ودورها فی تنمیة السیاحة,2021,مجلة العمارة والفنون والعلوم الإنسانية,زینب شلبی; رقیة عبد الصمد,10.21608/mjaf.2021.56857.2159,https://openalex.org/W3132233760,['التراث الثقافي'],arab,0,article
ar,الآثار المحتملة لجائحة كورونا على التنمية الياحية المكانية في إفريقيا - جنوب إفريقيا دراسة حالة ( إنجليزي),2022,مجلة العلوم الاجتماعية,جمال عطية,10.34120/jss.v50i2.2667,https://openalex.org/W4399503256,['السائحين'],arab,0,article
ar,دور التقدم التقني في تطوير صناعة السياحة الإماراتية مع الإشارة إلى حالة الجزائر,2021,مجلة البحوث الاقتصادية المتقدمة,أسماء سلامي; أحمد سلامي,,https://openalex.org/W3170561281,['صناعة السياحة'],arab,0,article
ar,التوزيع المكاني للمنشآت السياحية في مديرية خورمكسر,2022,Electronic Journal of University of Aden for Humanity and Social Sciences,Mohammed Abdurabu Nasser Al Nakheai,10.47372/ejua-hs.2022.3.173,https://openalex.org/W4301182895,['السياحية'],arab,0,article
ar,فاعلية برنامج تعليمي قائم على الرحلات المعرفية عبر الويب كويست في تنمية التفكير العلمي في مادة العلوم لدى طلاب الصف الثالث المتوسط في السعودية,2019,,ناصر عايض القحطاني,10.33976/iugjeps.v27i5.4490,https://openalex.org/W2972017073,['الرحلات'],arab,0,article
ar,العلاقات بين الكويت ودول كومنولث الدول المستقلة وآفاق تطويرها.,2012,حوليات الأداب والعلوم الإجتماعية.,محمد السيد سليم; هيلة المكيمي,10.34120/aass.v33i370.875,https://openalex.org/W4402649105,['طريق الحرير'],arab,0,article
ar,جهود إمارة الشارقة في حفظ التراث الثقافي واستدامته خلال الفترة من 1971-2020م,2023,وقائع تاريخية,محمد الكتبي; اسعد ابورمان,10.21608/hev.2023.195100.1151,https://openalex.org/W4378529431,['التراث الثقافي'],arab,0,article
ar,صفحات من تاريخ الضيافة والإحسان في الأديرة المصرية في العصر البيزنطي ودورها في التنمية السياحية,2022,المجلة الدولية للتراث والسياحة والضيافة,نعيمة محمد إبراهيم,10.21608/jihtha.2022.302415,https://openalex.org/W4380191073,"['التنمية السياحية', 'الضيافة']",arab,0,article
ar,بنية تنظيمية مقترحة لإدارة التحالفات الاستراتيجية بكلية التربية - جامعة حلوان لتحقيق متطلبات الثورة الصناعية الرابعة (دراسة حالة),2023,"Mağallaẗ Kulliyyaẗ Al-Tarbiyyaẗ, Ǧāmiʿaẗ Al-Iskandariyyaẗ/Mağallaẗ Kulliyyaẗ Al-Tarbiyyaẗ, Ǧāmiʿaẗ Al-Iskandariyyaẗ",إيناس أحمد فتحي محمود القاضي,10.21608/jealex.2023.311449,https://openalex.org/W4385841714,['التبادل الثقافي'],arab,0,article
ar,الاستغراق الوظيفي وعلاقته بمستوى الاحتراق الوظيفي لدى العاملين بشركات السياحة المصرية,2018,مجلة اقتصاديات المال والأعمال,محمود السيد محمود إمام,10.37170/1986-000-008-016,https://openalex.org/W2997128644,['السياحة'],arab,1,article
ar,دور نشر ثقافة الجودة في تحقيق التنمية السياحية بالجزائر,2012,Mağallaẗ al-ՙulūm al-iqtiṣādiyaẗ wa al-tasyīr wa al-ՙulūm al-tiğāriyaẗ,الهام يحياوي,,https://openalex.org/W2920914864,['التنمية السياحية'],arab,0,article
ar,الارتباط بالعمل الأخضر والميزة التنافسية الخضراء في فنادق الخمس نجوم ووكالات السفر: دور الإبداع الأخضر,2024,مجلة کلية السياحة والفنادق - جامعة مدينة السادات,حازم أحمد خيري; نوران صابر فهمى; أميرة حليم ابراهيم عوض; عصام عاشور,10.21608/mfth.2024.342738,https://openalex.org/W4392119181,"['السفر', 'صناعة السياحة']",arab,1,article
ar,معايير الاقتناء والتخلي ومعالجة التكدس المتحفي وفق السياسات العالمية في إدارة المجموعات المتحفية,2026,مجلة کلية الآثار جامعة القاهرة,محمد أحمد عبد السلام,10.21608/jarch.2026.475145,https://openalex.org/W7118997301,"['المتاحف', 'المتحف']",arab,0,article
ar,الحج في العراق عبر التاريخ,2020,مجلة دراسات في التاريخ والآثار,ا.د. ناهض عبد الرزاق دفتر; م. د. سهيلة مزبان حسن,10.65074/7t2n8h21,https://openalex.org/W3173025551,['الحج'],arab,0,article
ar,نقـود رومانيـة مبکـــرة غير منشورة محفوظة بالمتحف المصري بالقاهرة,2020,مجلة مرکز المسکوکات الإسلامية - مصر,مروه فاروق مصطفى بدوى,10.36816/ince.2020.110962,https://openalex.org/W3084935073,"['المتاحف', 'المتحف']",arab,0,article
ar,البيئة الإلكترونية رهان لترويج التراث الثقافي دراسة وصفية للأفلام التسجيلية المعالجة للتراث الثقافي الجزائري – مواقع التلفزيونات الجزائرية نموذجا –,2019,"El-Tawassol"" التواصل""",Soumaya Bourougaa,,https://openalex.org/W2965989286,['التراث الثقافي'],arab,0,article
ar,أهم آثار مدینة خمیسة (توبورسیکوم نومیداروم),2014,The Conference Book of the General Union of Arab Archaeologists/The Conference Book of the General Union of Arab Archaeologists,Farida Mansouri,10.21608/cguaa.2014.44316,https://openalex.org/W2969859978,['المتاحف'],arab,0,conference-paper
ar,أهمية ترقية السياحة الريفية في تحقيق التنمية الريفية في الجزائر,2017,مجلة أبحاث ودراسات التنمية - Revue Recherches et Etudes en Développement -,دي منيرة; حروش حروش سلمى,,https://openalex.org/W2791907854,['السياحة الريفية'],arab,0,article
ar,"لوحة برقم MMA 10.176.42بمتحف المتروبوليتان ولوحة رقمE 8099بمتحف اللوفر ولوحة رقم JdE 31882بالمتحف المصري للملك أوسركون الأول Plate No. MMA 10.176.42 in the Metropolitan Museum, Plate No. E 8099 in the Louvre Museum, Plate No. JdE 31882 in the Egyptian Museum of King Osorkon I",2025,المجلة العلمية بکلية الآداب,محمد عبدالمجيد محمد فرحات; عادل أحمد زين العابدين; إبراهيم عبدالرحمن عبدالعال,10.21608/jartf.2025.410708,https://openalex.org/W4407612334,['المتاحف'],arab,0,article
ar,The implications of Task Performance and Employee Job Burnout in Chained and Independent Hotels: A Study of Egyptian Hotel,2019,مجلة کلية السياحة والفنادق - جامعة مدينة السادات,Mohamed Mohsen; Muhammad Abd El Monem,10.21608/mfth.2019.26102,https://openalex.org/W2915997291,"['الضيافة', 'صناعة الضيافة']",arab,0,article
ar,دور المرأة في النشاط السياحي في العراق,2011,مجلة الادارة والاقتصاد,م.م. إبراهيم عباس جاسم,,https://openalex.org/W2946842299,['السياحي'],arab,0,article
ar,الشعر و السرد : فاعلية الشعر في أخبار الأغاني,2015,الخطاب,محمود فرغلي,10.12816/0017060,https://openalex.org/W2184276282,['السفر'],arab,0,article
ar,حاجات التواصل اللغوی للمضیفین الجویین الناطقین بغیر العربیة,2021,حولیة کلیة الدراسات الإسلامیة والعربیة للبنات بالإسکندریة,آمنة بنت أحمد الشنقیطی الشنقیطی,10.21608/bfda.2021.188585,https://openalex.org/W3187465913,['السفر'],arab,1,article
ar,"دور رؤیـة المملكة العربیـة السعودیـة 2030 فی تلبیـة احتیاجات المسنیـن فی المجتمع السعودی ""دراسة وصفیـة مــن وجهة نظر أسر المسنیـن بمدینة الریاض""",2022,مجلة کلية الخدمة الاجتماعية للدراسات والبحوث الاجتماعية,لولوه بریكان علی البریكان,10.21608/jfss.2022.259546,https://openalex.org/W4297921195,['الحج والعمرة'],arab,0,article
ar,خطاب الرحلات في التراث الجزائري.,2018,,تـركي طـارق,,https://openalex.org/W3154263070,"['التراث', 'الرحلات']",arab,0,article
ar,أثر استخدام تقنية الهولوجرام كأحد تقنيات السرد الرقمي على تحسين تجربة السائح داخل المتاحف المصرية (دراسة تطبيقية على متحف قناة السويس بالإسماعيلية),2025,مجلة کلية السياحة والفنادق جامعة المنصورة,رانيا محمد السيد إمام; بسمة وحيد عيد الشناوي,10.21608/mkaf.2025.484717,https://openalex.org/W7128913814,"['السائح', 'المتاحف', 'المتحف']",arab,0,article
ar,دور الإعلام الجديد في تعزيز التبادل الثقافي بين الشعوب العربية الخليجية و المتوسطية : دراسة تحليلية - ميدانية,2019,Toubkal,إبراهيم عبد الله السبيعي منيرة,10.83129/toubkal-24809,https://openalex.org/W7166159138,['التبادل الثقافي'],arab,0,other
ar,أربطة عنق تذكارية برؤية فرعونية لتأصيل الهوية المصرية وترويج السياحة,2025,مجلة التربية النوعية و التکنولوجيا بحوث علمية و تطبيقية,نهى فوزى محمد الباز; شيماء شطارة,10.21608/maat.2025.446897.1284,https://openalex.org/W7117474331,['السياحة المستدامة'],arab,0,article
ar,الابداع بین روح الموروث الثقافی والفکر التصمیمی الحدیث,2020,مجلة العمارة والفنون والعلوم الإنسانية,الشیماء أبو الغیط; اعتزاز محمدانی,10.21608/mjaf.2020.21782.1454,https://openalex.org/W3113249203,"['التراث الثقافي', 'الموروث الثقافي']",arab,1,article
ar,توظیف التراث الاسلامی فی التصمیم الداخلی للمنشأت السیاحیة بالعالم العربی,2021,مجلة العمارة والفنون والعلوم الإنسانية,هدیر مصطفی خمیس,10.21608/mjaf.2020.46465.1949,https://openalex.org/W3118375504,['السائح'],arab,0,article
ar,تجليات المفارقة في التراث البلاغي.,2026,Mağallaẗ Kulliyyaẗ Al-Adāb Ǧāmiʿaẗ Aswan,أميرة حجاج محمد إبراهيم حجاج محمد إبراهيم; عبد المنعم على عثمان; وفاء عبد الله محمد,10.21608/mkasu.2026.475035.1627,https://openalex.org/W7160755074,['التراث'],arab,0,article
ar,"Destination Awareness as a Mediating Variable in the Relationship between Movies-Induced Tourism and Visit Intention: The Moderating Role of ""Movie Star Effect",2025,Al-Maǧallaẗ Al-Miṣriyyaẗ Lil Dirāsāt Al-Tiǧāriyyaẗ /Al-Maǧallaẗ Al-Miṣriyyaẗ Lil Dirāsāt Al-Tiǧāriyyaẗ,أمل عبدالهادي أحمد عبدالمنعم,10.21608/alat.2025.446954,https://openalex.org/W4413171104,['السائحين'],arab,0,article
ar,التعریف بکتاب السفر السابع إیضاح المسالک فی شرح کتاب الإمام ابن مالک لأبی عبدالله محمد بن علی ابن هانئ الأندلسی (... – 733هـ),2022,حولیة کلیة اللغة العربیة بجرجا,محمد بن نجم بن عواض السیالی,10.21608/bfag.2022.138024.1116,https://openalex.org/W4283769567,['السفر'],arab,0,article
ar,الریاح وجودة الهواء فی مدینة مکة المکرمة والمشاعر المقدسة دراسة فی المناخ التطبیقی باستخدام تطبیقات نظم المعلومات الجغرافیة,2017,The Egyptian Journal of Environmental Change,,10.21608/egjec.2017.94713,https://openalex.org/W4243941046,['الحج والعمرة'],arab,0,article
ar,محددات الطلب الأوروبی على السیاحة فی مصر,2022,The Journal of the Faculty of Economics and Political Science,محمد عباس ابراهیم,10.21608/jpsa.2022.269186,https://openalex.org/W4312883882,"['التسويق السياحي', 'السائح']",arab,0,article
ar,نصوص مسمارية من المتحف العراقي,2025,حوليات أداب عين شمس,سمر عباس عبدالكريم عطيه,10.21608/aafu.2025.406189.2018,https://openalex.org/W4415912063,['المتحف'],arab,0,article
ar,المرتكزات الفكرية المعززة للهوية الثقافية العربية في الخطاب المسرحي العراقي,2023,Journal of the College of Education for Girls for Humanities,المدرس الدكتورمحمد جاسم مطرود الشبيلي,10.36327/ewjh.v2i30.12646,https://openalex.org/W4406789888,['الموروث الثقافي'],arab,0,article
ar,التنمیة السیاحیة لمدینة طرابلس اللیبیة,2017,مجلة کلية السياحة والفنادق جامعة المنصورة,إبراهیم الطاهر محمد الفرجانی; د / دعاء سمیر محمد حزه; د /   رانیا محمد بهاء الدین,10.21608/mkaf.2017.106930,https://openalex.org/W3076970599,['السائحين'],arab,0,article
ar,المسائل المختلف فيها في موسم الحج بين حجاج إقليم كوردستان العراق دراسة فقهية,2018,Zanco Journal of Humanity Sciences,,10.21271/zjhs.2018.22.1.7,https://openalex.org/W4248845946,['الحج'],arab,0,article
ar,توثیق الغزال من خلال لوحتین جداریتین محفوظتین فی المتحف البریطانی(عصر سرجون الثانی وآشوربانیبال) The realism in portraying deer through two murals preserved in the British Museum (the era of Sargon II and Ashurbanipal),2020,حولية الاتحاد العام للآثاريين العرب دراسات فى آثار الوطن العربى,هبه لانا قصیر,10.21608/cguaa.2020.23360.1020,https://openalex.org/W3018881633,['المتحف'],arab,0,article
ar,أصالة التبادل الثقافي بين العرب والفرس في تاريخ عرب ما قبل الاسلام: الغناء أنموذجا,2020,,م.د. شفيقة جاسم نصيف العبيدي,,https://openalex.org/W3114942708,['التبادل الثقافي'],arab,0,article
ar,The Impact of Digital Marketing Channels on Customer Buying Decision Process: A Study on the Egyptian Tourism and Hospitality Services,2022,مجلة کلية السياحة والفنادق جامعة المنصورة,Aya Magdy; Noha Abouelazm; Reham Touni,10.21608/mkaf.2022.254016,https://openalex.org/W4300911672,['السائحين'],arab,0,article
ar,الفكرالتداولي في التراث البلاغي العربي,2019,Dépôt Institutionnel de lUniversité de Tlemcen,إكرام يحياوي يوسفي,,https://openalex.org/W7135268221,['التراث'],arab,0,dissertation
ar,واقع و آفاق الصناعة السياحية في الصين,2016,حوليات جامعة قالمة للعلوم الاجتماعية والإنسانية,فوزي سماعي; أحمد ولد أحمدو الطالب,,https://openalex.org/W2894916498,['السياحية'],china,0,article
ar,"الصين من خلال كتب الرحلات الإسلامية:, كتاب عجائب الدنيا وقياس البلدان أنموذجا",2024,مجلة المعيار,أمين كرطالي,10.54191/2320-015-002-052,https://openalex.org/W4411775724,['الرحلات'],china,0,article
ar,توسيط الصورة الذهنية للمقصد السياحي في العلاقة بين مراجعات العملاء الالكترونية ونية حجز الرحلة السياحية: دراسة تطبيقية,2024,المجلة العملیة التجارة والتمویل,محمد أحمد أمين أحمد الغرباوي,10.21608/caf.2024.345630,https://openalex.org/W4393165725,['التسويق السياحي'],arab,0,article
ar,الدور الاعلامى المرتقب فى مجال السياحة الريفية من وجهة نظر الاعلاميين الزراعيين ببعض محافظات جمهورية مصر العربية,2020,مجلة الجمعية العلمية للإرشاد الزراعي,سكينة محمد ابراهيم; فاطمة احمد عمر سحرى; عادل عبد الحميد حسن زقيزق,10.21608/mgiz.2020.244564,https://openalex.org/W4285712925,['السياحة الريفية'],arab,0,article
ar,تفاعلیة الحیز الداخلی لمنشئات التراث المعماری وأثرها على الجذب السیاحی,2021,مجلة العمارة والفنون والعلوم الإنسانية,رقیة البشیهی,10.21608/mjaf.2020.46482.1958,https://openalex.org/W3118937052,['السائح'],arab,0,article
ar,أثر الخداع التسویقی على الصورة الذهنیة للمقصد السیاحی المصری بالتطبیق على السائحین العرب فی محافظة القاهرة,2020,مجلة کلية السياحة والفنادق جامعة المنصورة,أحمد حمدی محمد عبدالجواد; رانیا محمد بهاء الدین بدر الدین; نهلة أسامة أمین نصار,10.21608/mkaf.2020.153259,https://openalex.org/W3136043596,"['السائح', 'السائحين']",arab,0,article
ar,الآثار القانونية لحصار دولة قطر على الأسرة,2020,DOAJ (DOAJ: Directory of Open Access Journals),سونيا ملاك,,https://openalex.org/W4407198353,['الآثار'],arab,0,article
ar,المتاحف العراقية الحضارية وتصنيفها,2025,مجلة الشرق الأوسط للعلوم الإنسانية والثقافية,د. فوزية مهدي المالكي,10.56961/mejhss.v5i3.1008,https://openalex.org/W4414267131,"['المتاحف', 'المتحف']",arab,0,article
ar,الأحباس على طريق الحج العراقي في العصر العباسي الأول 132 - 232 هـ / 750 - 847 م,2018,مجلة الدراسات التاريخية و الاجتماعية,محمد سعد إسماعيل,10.12816/0050363,https://openalex.org/W2901983963,['الحج'],arab,0,article
ar,الإستفادة من الصیغ التصمیمیة للسدو الکویتی فی أعمال فنیة وتصمیمات السدو معاصرة,2021,مجلة العمارة والفنون والعلوم الإنسانية,ضحی عایض عبد الله عید الثویمر,10.21608/mjaf.2021.66463.2252,https://openalex.org/W3171795820,['المتاحف'],arab,1,article
ar,حماية أشکال التعبير الثقافي التقليدي ودورها في دعم استراتيجية التنمية المستدامة في مصر,2021,Journal of intellectual Property and Innovation Management /Journal of intellectual Property and Innovation Management,مي حمادي,10.21608/jipim.2021.231001,https://openalex.org/W4285512975,"['التراث الثقافي', 'صناعة السياحة']",arab,0,article
ar,الرحلات الصينية إلى شبه الجزيرة العربية في ضوء نصوص المصادر التاريخية الصينية,2024,Archaeological Inscription/Archaeological Inscriptions,Hamada Hagras,10.21608/archin.2023.220321.1007,https://openalex.org/W4390496683,"['الرحلات', 'طريق الحرير']",both,0,article
ar,شعـر كثير عـزة قـراءة فـي الأنساق الثقافيـة المضمرة,2019,لارك,جميل بدوي حمد الزهيري,10.31185/lark.vol1.iss10.877,https://openalex.org/W2947257525,['الموروث الثقافي'],arab,0,article
ar,ماهیة النفس والروح بین الفكر المصری والفكر الیونانی قدیما *,2022,المجلة الدولية للتراث والسياحة والضيافة,,10.21608/jihtha.2022.248211,https://openalex.org/W4285599444,['الموروث الثقافي'],arab,0,article
ar,الاستراتيجيات التسويقية لتطوير المنتج السياحي البيئي وتحقيق التنمية السياحية المستدامة -دراسة حالة الحظيرة الوطنية للقالة ولاية الطارف-,2019,,بوعنان نورالدين; لزغد عبدالرؤوف,10.24897/acn.64.68.609,https://openalex.org/W3004265539,"['التنمية السياحية', 'السياحة البيئية']",arab,0,conference-paper
ar,الآثار الاجتماعية للحرب الإسرائيلية على قطاع غزة,2024,Afāq ʿarabiyyaẗ wa Iqlīmiyyaẗ,هند فؤاد,10.21608/afar.2024.349255,https://openalex.org/W4394612146,['الآثار'],arab,0,article
ar,دور الإعلام في رفع كفاءة التسويق السياحي بالجزائر,2017,,إيمان العلمي; عبــــود زرقيــــــن,,https://openalex.org/W2942996619,"['التسويق السياحي', 'السياحي']",arab,0,dissertation
ar,تقنيات الذكاء الاصطناعي وعلم الآثار,2024,Journal of intellectual Property and Innovation Management /Journal of intellectual Property and Innovation Management,بسمة محمد حامد إبراهيم,10.21608/jipim.2024.382245,https://openalex.org/W4403067962,['الآثار'],arab,0,article
ar,"""تطبيق نظم توكيد جودة التدريب لتحقيق الاستدامة للمنتجات النسيجية بواحة سيوة",2016,Maǧallaẗ Buḥūṯ fi Al-ʿulūm wa Al-Funūn Al-Nawʿiyyaẗ,شريف عبد الفتاح تمراز,10.21608/balexu.2016.198060,https://openalex.org/W4210271292,['السائحين'],arab,0,article
ar,الأبعاد الثقافیة لتصمیم مجلة ترحال السیاحیة وانعکاسها عمی الصورة القومیة لممممکة السعودیة,2021,Scientific Journal of Media Researches and Communication Technology,,10.21608/mktc.2021.223162,https://openalex.org/W4238397165,['صناعة السياحة'],arab,0,article
ar,التباين المكاني لخدمات الإيواء السياحي (الفنادق) في العراق,2021,Al-Adab Journal,Safaqis Qasim Hadi,10.31973/aj.v1i139.1406,https://openalex.org/W4200561993,['السياحي'],arab,0,article
ar,العنصر التراثی کإحدی مصادر الابداع المعاصر (دراسة حالة),2020,مجلة العمارة والفنون والعلوم الإنسانية,عواطف صلاح,10.21608/mjaf.2020.21359.1439,https://openalex.org/W3016054177,['الموروث الثقافي'],arab,0,article
ar,صناعة السياحة العالمية في ظل جائحة فيروس كورونا-مع الإشارة إلى حالة الجزائر-,2021,المجلة الجزائرية للأمن والتنمية,ليلى بوشنين,,https://openalex.org/W3116915462,['صناعة السياحة'],arab,0,article
ar,دور المؤثرات البصریة والصوتیة فی أفلام الخیال العلمی الأجنبیة وانعکاسها على جمالیات التلقی لدى الجمهور,2020,Scientific Journal of Media Researches and Communication Technology,,10.21608/mktc.2020.151244,https://openalex.org/W4253112388,['السفر'],arab,0,article
ar,الرحلات العلمية لعلماء بنو تميم الساكني في أقاليم المشرق الاسلامي,2023,Al-Adab Journal,لبنى عبد النبي; زكية الدليمي,10.31973/aj.v2i145.4176,https://openalex.org/W4382599863,['الرحلات'],arab,0,article
ar,الريادية في السياحة الأيكولوجية في الأردن,2012,مجلة الإبداع,جمال حسين الحرامي,10.53999/2297-000-002-011,https://openalex.org/W2760325548,['السياحة'],arab,0,article
ar,تعزيز السياحة الداخلية باستخدام تطبيقات الهاتف: وجهة نظر السائحين المصريين,2023,المجلة العلمیة لکلیة السیاحة و الفنادق جامعة الأسکندریة,شيماء طه; أماني إبراهيم أحمد سالم; سلمى المنحلي,10.21608/thalexu.2023.183062.1095,https://openalex.org/W4383094428,['السائحين'],arab,0,article
ar,تحديات مبادرة الحزام والطريق: دراسة حالة الصين والدول المشاركة,2023,مجلة المعهد,ا.م.د عدنان خلف حميد البدراني,10.61353/ma.0080105,https://openalex.org/W4389959768,"['طريق الحرير', 'مبادرة الحزام والطريق']",both,0,article
ar,The Palestinian–Israeli Draft Agreement on Archaeological Heritage,2010,Present Pasts,Adel H. Yahya,10.5334/pp.23,https://openalex.org/W2104275224,['التراث'],arab,18,article
ar,تشجيع السياحة الصحراوية بالجزائر عبر الترويج للحرف والصناعات التقليدية - ولاية ورقلة أنموذجا -,2020,الأفاق للدراسات الإقتصادية,حكيم بن جروة,,https://openalex.org/W3034901951,['السياحة الصحراوية'],arab,0,article
ar,طرق عرض مجموعة الآثار المصرية القديمة في متحف بولاق بالقاهرة,2025,مجلة الإتحاد العام للآثاريين العرب,مروة حسين أحمد الفار الفار; حمدان ربيع عطية المتولي المتولي; ماهر أحمد أحمد عيسي عيسي,10.21608/jguaa.2024.337411.1360,https://openalex.org/W4405959024,"['المتاحف', 'المتحف']",arab,0,article
ar,دور المواقع الثقافية الرسمية في التــوثيق للتـــراث المصري,2024,Maǧallaẗ Ǧāmiʿaẗ Miṣr Lil Dirāsāt Al-Insāniyyaẗ /Maǧallaẗ Ǧāmiʿaẗ Miṣr Lil Dirāsāt Al-Insāniyyaẗ,كريمة كمال,10.21608/mjoms.2024.298338.1172,https://openalex.org/W4400384301,['التراث الثقافي'],arab,0,article
ar,ملامح التغیر فی صناعة سجاد الحریر الیدوى دراسة انثروبولوجیة فى إحدى القرى المصریة,2016,حوليات أداب عين شمس,حسن برکات,10.21608/aafu.2016.9633,https://openalex.org/W2884646461,['التسويق السياحي'],arab,0,article
ar,أثر المناخ على التنمية السياحية في الضفة الغربية – فلسطين,2019,مجلة قبس للدراسات الإنسانية والاجتماعية,حجازي محمد أحمد الدعاجنة الدكتور,,https://openalex.org/W2998902015,['التنمية السياحية'],arab,0,article
ar,أثر توظيف إستراتيجية الرحلات المعرفية عبر الويب في تدريس مادة التاريخ لتنمية مهارات التفكير التاريخي لدى طالبات الصف السابع الأساسي في الأردن,2024,Educational and Psychological Sciences Series,Duha Abdul Haraiza,10.59759/educational.v3i4.823,https://openalex.org/W4412872371,['الرحلات'],arab,0,article
ar,بعض جرائم التعدي على الآثار في القانون الجزائري,2020,مجلة العلوم القانونية والاجتماعية,صولة ناصر,10.53419/2259-005-002-019,https://openalex.org/W3042595010,['الآثار'],arab,0,article
ar,عوامل الجذب السياحي في الجزائر,2018,,زعرور نعيمة; السبتي وسيلة,,https://openalex.org/W3004038324,['السياحي'],arab,0,article
ar,ابتکار معلقات نسجیه للمسکن المعاصر مستوحاة من التراث العسیری للحفاظ على الهویة العربیة السعودیة,2020,مجلة العمارة والفنون والعلوم الإنسانية,هناء الصعیدى; منتهى صالح عبدالله الهاشل الهاشل,10.21608/mjaf.2019.18023.1350,https://openalex.org/W3003892953,['التراث'],arab,1,article
ar,استكشاف الدور المعدل لجاهزية التكنولوجيا في العلاقة بين مقاومة الابتكار والتسويق الشفهي في تبني الدفع عبر الهواتف الذكية بين المسافرين,2025,مجلة کلية السياحة والفنادق - جامعة مدينة السادات,ولاء مصطفى محمد الوردانى,10.21608/mfth.2025.423780,https://openalex.org/W4409863116,['السفر'],arab,0,article
ar,دور التراث الیونانى الرومانى بمتاحف الآثار بالأسکندریة فى تأکید هویتها الثقافیة کمقصد سیاحى,2017,المجلة الدولية للتراث والسياحة والضيافة,مروة القاضی; نهى خلیل,10.21608/jihtha.2017.28203,https://openalex.org/W2919423332,['المتاحف'],arab,0,article
ar,"الاتجاهات الحديثة لصناعة الضيافة كمدخل إلى تطوير الصناعة السياحية في الجزائر:, دراسة ميدانية باستخدام النمذجة بالمعادلات البنائية",2019,مجلة جامعة الحسين بن طلال للبحوث,حديدي آدم هبال عادل,10.36621/0397-005-990-008,https://openalex.org/W3092859662,"['السياحية', 'الضيافة']",arab,1,article
ar,استكشاف استخدام العملات المشفرة في قطاع السياحة المصري: الفرص والتحديات,2024,مجلة کلية السياحة والفنادق - جامعة مدينة السادات,منة الله عادل ابراهيم,10.21608/mfth.2024.404235,https://openalex.org/W4406286874,['صناعة السياحة'],arab,0,article
ar,دراسة تقییمیة لأثر السیاحة على المجتمع المحلى بالتطبیق على عجلون بالمملکة الأردنیة الهاشمیة,2018,المجلة الدولية للتراث والسياحة والضيافة,سامر عبانه; هناء فاید; فاروق عطاالله,10.21608/jihtha.2018.28250,https://openalex.org/W2919506002,['صناعة السياحة'],arab,0,article
ar,من روائع التراث المعمارى الحربى بجنوب غرب المملکة العربیة السعودیة قلعة العثمانیة بجزیرة الفرسان,2013,The Conference Book of the General Union of Arab Archaeologists/The Conference Book of the General Union of Arab Archaeologists,ibrahem sobhey,10.21608/cguaa.2013.31878,https://openalex.org/W2949060284,['السياحة المستدامة'],arab,0,conference-paper
ar,أثر استخدام أسلوب روايات القصة الرقمية في تنمية الدافعية وبقاء أثر التعلم في تدريس مادة الفقه لدى تلاميذ المرحلة الابتدائية في المملکة العربية السعودية,2016,Maǧallaẗ Kulliyyaẗ Al-Tarbiyyaẗ Ǧāmiʻaẗ Al-Minufiyyaẗ /Maǧallaẗ Kulliyyaẗ Al-Tarbiyyaẗ Ǧāmiʻaẗ Al-Minufiyyaẗ,,10.21608/muja.2016.109704,https://openalex.org/W4299851766,['الحج والعمرة'],arab,0,article
ar,دور المسارات والجولات السياحية الرقمية في إبراز معالم الجذب السياحية في مدينة الرياض للتحول نحو المدن السياحية الذكية,2021,Journal of Arts and Social Sciences [JASS],شيخة محمد العاجزي,10.53542/jass.v11i2.4267,https://openalex.org/W4388731438,"['السائح', 'السياحية', 'صناعة السياحة']",arab,0,article
ar,"مفارقة أسماء الشخصيات في رواية ""السفر آخر الليل"" ليعقوب الخنبشي",2023,Mağallaẗ Kulliyyaẗ Al-Luġaẗ Al-ʿarabiyyaẗ Bil Munūfiyyaẗ/Mağallaẗ Kulliyyaẗ Al-Luġaẗ Al-ʿarabiyyaẗ Bil Munūfiyyaẗ,سلطان بن سعيد بن محمد الفزاري,10.21608/bfam.2023.313234,https://openalex.org/W4386192836,['السفر'],arab,0,article
ar,المجموعة القبطية بالمتحف القومي للحضارة المصرية وكيفية توظيفها سياحيا,2023,مجلة کلية السياحة والفنادق - جامعة مدينة السادات,نعيمة محمد إبراهيم; محروس الصناديدي,10.21608/mfth.2023.353198,https://openalex.org/W4396754836,['المتاحف'],arab,0,article
ar,أضواء جديدة على خرط الخشب الدقيق في مصر الإسلامية في ضوء مجموعة تنشر لأول مرة,2017,مجلة العمارة والفنون والعلوم الإنسانية,أحمد محمد زكي أحمد,10.12816/0038061,https://openalex.org/W2903613836,['المتحف'],arab,0,article
ar,"الاستفادة من التجارب الدولية في السياحة المستدامة:, دراسة لتجربة دولة الإمارات العربية المتحدة",2020,,فيروز قطاف; سعاد قوفى; جهاد خلوط,10.37136/1996-009-002-015,https://openalex.org/W3134499371,['السياحة المستدامة'],arab,0,article
ar,السیاحة السوداء بین السلب والإیجاب: دراسة تطبیقیة على المقصد السیاحی المصری,2022,المجلة الدولية للتراث والسياحة والضيافة,مها أحمد بدارى,10.21608/jihtha.2023.183953.1020,https://openalex.org/W4320909923,['السائحين'],arab,0,article
ar,الجمل الفعلية الواردة لرحلة المبعوثين الملكيين في ضوء نصوص مدينة اريساكرك ( الشراكي ) ( Irisaĝrig/Al-saraki ) ( دراسة نحوية ),2025,مجلة الباحث,أباذر راهي سعدون الزيدي,10.63797/bjh.v43i2.3232,https://openalex.org/W4412716957,['المتاحف'],arab,0,article
ar,تقییم ظروف البیئة الداخلیة المناخیة لمتحف آثار جرش بالأردن,2021,مجلة العمارة والفنون والعلوم الإنسانية,شریف عمر محمد; طلعت حسنی أحمد أبو العدس; محمد مصطفى; أحمد حسن برکات الشرمان,10.21608/mjaf.2021.58402.2173,https://openalex.org/W3134019909,"['المتاحف', 'المتحف']",arab,0,article
ar,التجربة السياحية ( الجزائر، تونس ) – دراسة تقيميه- (2001-2014),2016,khazzartech الاقتصاد الصناعي,عامر عيساني; ربيع عيساني,,https://openalex.org/W2887179077,['السياحية'],arab,0,article
ar,المسائل التي حكم فيها الفقهاء بإعادة السعي جمعا ودراسة The Issues in Which the Jurists Ruled for Repeating the Sa’I A Comprehensive Jurisprudential Study,2024,مجلة کلیة الشریعة والقانون بأسیوط دوریة علمیة محکمة,محمد عيد بن معيض العتيبي,10.21608/jfsu.2024.305696.1227,https://openalex.org/W4403068971,['الحج والعمرة'],arab,0,article
ar,العلاقة بين القدرة التعاونية ونمو الشركة: الور الوسيط للميزة التعاونية دراسة ميدانية علي وكلاء السفر في مصر,2021,مجلة الدراسات والبحوث التجارية,أحمد عبد الفتاح,10.21608/jcsr.2022.350120,https://openalex.org/W4395692049,['السفر'],arab,0,article
ar,نصوص مسماریة غیر منشورة من العصر البابلی القدیم من المتحف العراقی,2014,اداب الرافدین,خالد خطاب,10.33899/radab.1999.163366,https://openalex.org/W3170390687,['المتحف'],arab,0,article
ar,( العلاقات الاقتصادیة الصینیة الافریقیة : دراسة تحلیلیة ),2022,مجلة السياسة والاقتصاد,جیهان عبد السلام عباس,10.21608/jocu.2022.120294.1160,https://openalex.org/W4285600356,['مبادرة الحزام والطريق'],china,0,article
ar,الصناعات الثقافیة واثرها علی التصمیم الداخلی,2021,مجلة العمارة والفنون والعلوم الإنسانية,هالة حامد,10.21608/mjaf.2020.47215.2023,https://openalex.org/W3119722806,['التراث الثقافي'],arab,0,article
ar,صور من أثر الوثنية في الحج عند الجاهلين,2018,,الشيخ سالم الشيخ القراي,,https://openalex.org/W3088162401,['الحج'],arab,0,article
ar,قوافل الحج وطرقها وخدمتها خلال عصر الدولة السعودیة الأولى (1157- 1233هـ/ 1744- 1818م),2017,مجلة الدراسات التاريخية والحضارية المصرية,یاسر أحمد عبد الرازق الخطیب الخطیب,10.21608/jhse.2017.78605,https://openalex.org/W3013458566,['الحج'],arab,0,article
ar,الثقة في القيادة وسلوك الانسحاب النفسي في المؤسسات الفندقية: الدور الوسيط للمرونة النفسية,2025,مجلة کلية السياحة والفنادق - جامعة مدينة السادات,محمود أحمد محمد صالح; حسن حسن كامل عبد الحي; أحمد عبد الكريم غانم عبد,10.21608/mfth.2025.416699,https://openalex.org/W4408626443,"['الضيافة', 'صناعة الضيافة']",arab,0,article
ar,دور الموروث الثقافي والديني في ضعف المشاركة السياسية للمرأة المغاربية الجزائر نموذجا,2016,أبحاث قانونية وسياسية,لعيساني بلال,,https://openalex.org/W3095446023,['الموروث الثقافي'],arab,0,article
ar,دور المتاحف الشعبية التراثية في إثراء المشهد الثقافي وحفظ وصيانة الموروث الشعبي في فلسطين -مجموعة مقتنيات متحف السنابل أنموذجا-,2020,مجلة ببليوفيليا لدراسات المكتبات والمعلومات,ادريس محمد صقر جرادات,,https://openalex.org/W3117486022,['المتاحف'],arab,0,article
ar,اقتصاديات السياحة في المملكة العربية السعودية,2019,,محمد العطا محمد عمر,10.33948/1077-031-001-005,https://openalex.org/W4388710472,['السياحة'],arab,0,article
ar,دور المتاحف في تنشيط القطاع السياحي في ليبيا,2019,,أحمد علي عبدالله نعامة; نجاة خليفة بن أحميدة,10.35778/1757-000-010-002,https://openalex.org/W4411882680,"['السياحي', 'المتاحف']",arab,1,article
ar,النحو التعليمي في التراث اللساني العربي,2015,مجلة المعيار,فاطمة قداري,10.54191/2320-000-011-013,https://openalex.org/W3211426646,['التراث'],arab,0,article
ar,واقع أخلاقيات العاملين في الفنادق المصرية (دراسة أستكشافية علي عينة من فنادق مدينة الأقصر),2022,"International Journal for Tourism, Archaeology and Hospitality",عبد الغني النجار; صالح عروس; محمد زهري,10.21608/ijtah.2022.244455,https://openalex.org/W4285175782,['صناعة السياحة'],arab,0,article
ar,استاذ مشارك طرق تدريس تربية فنية- بقسم المناهج وطرق التدريس - كلية التربية الأساسية – دولة الكويت,2024,"Mağallaẗ Kulliyyaẗ Al-Tarbiyyaẗ, Ǧāmiʿaẗ Al-Iskandariyyaẗ/Mağallaẗ Kulliyyaẗ Al-Tarbiyyaẗ, Ǧāmiʿaẗ Al-Iskandariyyaẗ",بثينة عبد الله الملا,10.21608/jealex.2024.371030,https://openalex.org/W4401525828,['المتاحف'],arab,0,article
ar,الطب الشعبي التقليدي بين آلية الممارسة الوظيفية وتأصيل لمبدأ الهوية الثقافية دراسة في أصول الممارسات العلاجية التقليدية في المجتمع الجزائري,2021,مجلة التراث والتصميم,بدير محمد; بلبشير عبد الرزاق,10.21608/jsos.2021.142560,https://openalex.org/W3123007299,['السياحة العلاجية'],arab,0,article
ar,دور المجتمع المحلي في تنمية السياحة المستدامة,2019,,بولبينة جمال; بوصباط أحمد,,https://openalex.org/W3184766100,"['التنمية السياحية', 'السياحة', 'السياحة المستدامة']",arab,0,article
ar,أثر الحیض والنفاس على مناسک الحج والعمرة دراسة فقهیة,2021,مجلة کلية الشريعة والقانون بتفهنا الأشراف - دقهلية,محمد البیومی الراوی بهنسی,10.21608/jfslt.2021.217836,https://openalex.org/W4213188081,"['الحج', 'الحج والعمرة', 'العمرة']",arab,0,article
ar,أثر أبعاد العلامة التجارية للوجهة السياحية على الولاء الاتجاهي للسائح الأجنبي تحليل الدور الوسيط للصورة الذهنية للوجهة ورضاء السائح الأجنبي دراسة تطبيقية علي السياح الأجانب بمدينتي الغردقة وشرم الشيخ,2021,المجلة العربیة للإدارة,أماني محمد توفيق,10.21608/aja.2021.53262.1016,https://openalex.org/W4200079353,['السائح'],arab,0,article
ar,الحماية القانونية للسائح في عقود باقات الرحلات السياحية في القانون الإماراتي,2019,مجلة جامعة الشارقة للعلوم القانونية,إيمان نابوش,10.36394/jls.v16.i2.3,https://openalex.org/W4293550156,"['الرحلات', 'السائح', 'السائحين']",arab,0,article
ar,التراث العربي الإسلامي وجدلية التفاعل المعاصر,2020,مجلة الدراسات التاريخية و الاجتماعية,أشرف حافظ,10.36353/1515-000-047-006,https://openalex.org/W3201685025,['التراث'],arab,0,article
ar,الوضع التنافسی السیاحی الدولی لمصر: دراسة تحلیلیة للبنیة الاساسیة فی مصر,2017,المجلة الدولية للتراث والسياحة والضيافة,نهلة محسن; محمد عراقی; نانسی جمال الدین; مصطفى ابوحمد,10.21608/jihtha.2017.28003,https://openalex.org/W2919515090,"['السائح', 'السائحين']",arab,0,article
ar,الآثار السلبية للقصص المترجمة على الطفل العربي,2017,قراءات,بن قويــدر مختـار,,https://openalex.org/W2790143123,['الآثار'],arab,0,article
ar,دراسة تحليلية لتأثير الأزمات السياسية في صناعة الضيافة في العراق للمدة 2000 - 2013,2017,مجلة جيل الدراسات السياسية و العلاقات الدولية,منتهى أحمد محمد النعيمي,10.33685/1411-000-009-003,https://openalex.org/W2941359351,"['الضيافة', 'صناعة الضيافة']",arab,1,article
ar,العوامل المؤثرة في مدة إقامة السائح في الأردن من جانب الطلب,2014,مجلة اتحاد الجامعات العربية للآداب,أكرم عاطف رواشدة,10.51405/0639-011-002-001,https://openalex.org/W4411828387,['السائح'],arab,0,article
ar,سياسات بناء الهوية وإعادة إنتاج التراث الثقافي: حالة ثقافة مجتمع الغوص في دولة قطر,2024,Tajseer Journal,مثنى المصري; عمر عابدين,10.29117/tis.2024.0187,https://openalex.org/W4405998160,"['التراث', 'التراث الثقافي']",arab,1,article
ar,نوادر مخطوطات المصاحف المغربية العتيقة في خزائن المكتبات التركية دراسة تاريخية وصفية تحليلية,2024,Kahramanmaraş Sütçü İmam Üniversitesi ilahiyat fakültesi dergisi/Kahramanmaraş Sütçü İmam Üniversitesi İlahiyat Fakültesi dergisi :,Alaaddin Salihoğlu,10.35209/ksuifd.1532748,https://openalex.org/W4405813279,['التراث الثقافي'],arab,0,article
ar,عناصر التراث الثقافي اللامادي الجزائري منهجية صونه,2019,,سعاد حميدة,10.34174/0327-019-001-005,https://openalex.org/W4411779463,['التراث الثقافي'],arab,0,article
ar,إدارة الجودة في القطاع السياحي في الجزائر,2016,مجلة التنمية الاقتصادية,أحمد قايد نورالدين; شاوش أخوان سهام,,https://openalex.org/W2788442989,['السياحي'],arab,0,article
ar,التحولات الاجتماعیة بالریف المصری وانعکاسها على رؤیة الرجل لعمل المرأة واستقلالها المادى دراسة انثروبولوجیة فى إحدى القرى المصریة,2016,حوليات أداب عين شمس,حسن برکات,10.21608/aafu.2016.14667,https://openalex.org/W2895090251,['التسويق السياحي'],arab,0,article
ar,عمارة المسجد فی الجزائر بین الهویة الاسلامیة و معاصرة التطورات.,2019,مجلة العمارة والفنون والعلوم الإنسانية,مریم رجم; سعید معزوز,10.21608/mjaf.2019.11810.1128,https://openalex.org/W3120968274,['التراث الثقافي'],arab,1,article
ar,طريق الحج البصري وعلاقته بأرض الكويت: دراسة تاريخية للطريق وآثارية لمحطة الشجي.,2017,المجلة العربية للعلوم الإنسانية.,ماجد المطيري; حامد المطيري,10.34120/ajh.v35i137.2601,https://openalex.org/W4399859178,['الحج'],arab,0,article
ar,التحلیل السیمیولوجی للصورة الإعلانیة السیاحیة فی الصحف الإلکترونیة المصریة,2021,مجلة البحوث الإعلامیة,سارة عبد الفتاح السید,10.21608/jsb.2021.189174,https://openalex.org/W3195517989,['السياحة الثقافية'],arab,0,article
ar,الآلات الإلكترونية والتطبيقات الذكية في الطواف والسعي دراسة فقهية مقارنة,2023,مجلة کلية الشريعة والقانون بتفهنا الأشراف - دقهلية,أماني جاد أحمد جاد الكريم,10.21608/jfslt.2023.308869,https://openalex.org/W4385465095,['الحج والعمرة'],arab,0,article
ar,واقع وآفاق الاستثمار السياحي في الجزائر وسبل تنميته,2020,,Hocine elamine Cheriet,,https://openalex.org/W3046683001,['السياحي'],arab,0,article
ar,الأحجبة والتمائم فى مصر فی القرن التاسع عشر فی ضوء مجموعة المتحف الإثنوغرافى بالقاهرة ( متحف الجمعیة الجغرافیة),2020,المجلة الدولية للتراث والسياحة والضيافة,جهات عزت; میرفت عبد الهادى; حمادة ثابت,10.21608/jihtha.2020.191724,https://openalex.org/W3198508062,['المتحف'],arab,0,article
ar,مخاطبة الأنبياء في القران الكريم بين العلمية والكناية,2023,journal of the college of basic education,أ.م. د. حسام عبد علي الجمل,10.35950/cbej.v18i74.9342,https://openalex.org/W3137374148,['السفر'],arab,0,article
ar,الرياضيات في التراث العربي,2015,,عبد الحسين صالح أحمد,,https://openalex.org/W2982095467,['التراث'],arab,0,article
ar,"حالة التراث الثقافي في اليمن:, المخاطر الإستجابة الدولية وتدابير الحماية",2022,مجلة جامعة القدس المفتوحة للبحوث الإنسانية والاجتماعية,ياسر هاشم عماد الهياجى,10.33977/0507-000-059-006,https://openalex.org/W4225648527,"['التراث', 'التراث الثقافي']",arab,1,article
ar,الوقف والابتداء وأثرهما فی الخلاف الفقهی ( دراسة تطبیقیة على سورة البقرة ),2021,مجلة الآداب والعلوم الإنسانية,ولید مشهور عبد التواب فارس الندوی,10.21608/fjhj.2021.93936.1203,https://openalex.org/W3210369493,['العمرة'],arab,0,article
ar,سياسات تعزيز تنافسية قطاع السياحة الجزائري : الواقع والمأمول,2013,مجلة الباحث الإقتصادي,عبدوس عبدالعزيز,10.35391/1894-001-001-016,https://openalex.org/W4412178726,['السياحة'],arab,0,article
ar,قيمة الرحلات العمانية وخصائصها The Literary Value and Characteristics of Omani Journeys,2021,,Nasreldin Ahmed Hussien; Haitham Alsalmi,,https://openalex.org/W3206634904,['الرحلات'],arab,0,article
ar,الابتكـار في الحـج والعمـرة,2024,المجلة العربیة للإدارة,نعيم البيحاني,10.21608/aja.2024.255670.1569,https://openalex.org/W4391717567,['الحج والعمرة'],arab,0,article
ar,تعليم مهارة الكلام عبر الرحلات المعرفية (web quest),2020,AL-AF IDAH Jurnal Pendidikan Bahasa Arab dan Pengajarannya,Muhammad Zakki Masykur,10.52266/al-afidah.v4i1.463,https://openalex.org/W3094108212,['الرحلات'],arab,0,article
ar,الحفریات وتأثیرها السلبى على التراث المعمارى والعمرانى للقدس الشریف Excavations and its negative effect on architectural and urban heritage in the AlQuds al sharif,2012,The Conference Book of the General Union of Arab Archaeologists/The Conference Book of the General Union of Arab Archaeologists,,10.21608/cguaa.2012.34273,https://openalex.org/W4233940236,['المعالم الأثرية'],arab,0,conference-abstract
ar,علم الحيوان في التراث العربي الإسلامي,2010,Kufa Journal For Veterinary Medical Sciences,باقر محمد الكرباسي,10.36326/kjvs/2010/v1i14239,https://openalex.org/W61439121,['التراث'],arab,0,article
ar,الرؤیة الصهیونیة للقومیة العربیة: بین الفکر والمخطط,2021,المجلة العلمية لکلية الدراسات الإقتصادية و العلوم السياسية,هبة جمال الدین محمد,10.21608/esalexu.2021.181290,https://openalex.org/W3196237186,['مبادرة الحزام والطريق'],arab,0,article
ar,الطلب على السياحة ونمذجته,2021,Govara zanistîn mirovayetî ya-zankoya Zaxo,Bahram Salih; Ahmed Yasin,10.26436/hjuoz.2021.9.4.764,https://openalex.org/W4285315996,['السياحة'],arab,0,article
ar,دور المعارض الدولية في تسويق المقصد السياحي المصري: دراسة من وجهة نظر شركات السياحة المصرية,2023,"International Journal for Tourism, Archaeology and Hospitality",Ahmed Ghazy; Nancy Fawzy; Mohamed Abou‐Shouk; Mohamed Hassan Farrag,10.21608/ijtah.2023.209923.1089,https://openalex.org/W4385463938,['التسويق السياحي'],arab,0,article
ar,أثر إدارة المواهب على استدامة الميزة التنافسية لوكالات السفر السعودية: الدور الوسيط للرشاقة الإستراتيجية,2025,مجلة کلية السياحة والفنادق - جامعة مدينة السادات,فاطمة عبدالعزيز الشيحة,10.21608/mfth.2025.416776,https://openalex.org/W4408627111,['السفر'],arab,0,article
ar,التنمية السياحية المستدامة في الجزائر,2015,مجلة دراسات إنسانية واجتماعية,وهيبة بوربعين,10.46315/1714-000-005-005,https://openalex.org/W2323862607,"['التنمية السياحية', 'السياحية']",arab,0,article
ar,الدور الوسيط للتعلق بالميتافيرس في العلاقة بين خبرة العملاء بمنصات الميتافيرس للأغراض السياحية ونواياهم لإعادة زيارة الوجهات السياحية الافتراضية المصرية,2026,المجلة العربیة للإدارة,محمد عبد النبي خشان; نسمة محمد عيد السعدنى,10.21608/aja.2026.517306.2167,https://openalex.org/W7208810234,['السياحية'],arab,0,article
ar,تقییم جودة خدمات الضیافة فی الفنادق السوریة,2018,مجلة کلية السياحة والفنادق جامعة المنصورة,نزار نزیه الجندی; أحمد حسن متولى; شریف جمال سعد,10.21608/mkaf.2018.106950,https://openalex.org/W3068037842,['الضيافة'],arab,0,article
ar,الجاذبية السياحية الصحراوية في الجزائر,2014,معارف,زرواط فاطمة; ملاحي رقية,,https://openalex.org/W3137623702,['السياحية'],arab,0,article
ar,الرحلات المغربية القديمة بين الأدب والنقد الإثنوجرافي : رحلة التجاني (التقييد) أنموذجا,2019,مجلة التراث,سعاد ترشاق,10.12816/0060654,https://openalex.org/W4312962175,['الرحلات'],arab,0,article
ar,تذکارات خزفية سياحية مستلهمة من التراث الشعبى السيناوى,2016,Al-Mağallah Al-ʿilmiyyaẗ Li Kulliyyaẗ Al-Tarbiyyaẗ Al-Nawʿiyyaẗ - Ǧāmiʿaẗ Al-Munūfiyyaẗ,عادل عبد الحفيظ هارون; محمود محمد محمد رمضان,10.21608/molag.2016.159283,https://openalex.org/W3152569551,['السائح'],arab,0,article
ar,إستراتيجية الحزام والطريق انطلاقا من الفكر الاستراتيجي الصيني,2023,مجلة المعهد,م.د أحمد عبد الجبار عبد الله,10.61353/ma.0130279,https://openalex.org/W4393006015,['مبادرة الحزام والطريق'],china,0,article
ar,واقع تنفيذ انشطة السياحة الترويحية الاستشفائية في مصر من وجهة نظر العاملين The reality of implementing recreational tourism activities in Egypt from the point of view of workers,2024,Al-Mağallah Al-ʿilmiyyaẗ Li ʿulūm Al-Rīyāḍaẗ,د. حنان سامي المحلاوي,10.21608/mkod.2024.261003.1392,https://openalex.org/W4401848675,['السياحة العلاجية'],arab,0,article
ar,فعالية التسويق السياحي الإلكتروني في صناعة السياحة في الجزائر The effectiveness of e-tourism marketing in the tourism industry in Algeria,2020,معالم للدراسات القانونية والسياسية,فيروز حوت; مصطفى مخاشف,,https://openalex.org/W3117741423,"['التسويق السياحي', 'صناعة السياحة']",arab,0,article
ar,دور تقنيات العرض المتحفي الحديثة في إبراز التأثير الفني اليوناني الروماني والبيزنطي بمتحف المجوهرات الملكية بالإسكندرية,2025,مجلة کلية السياحة والفنادق جامعة المنصورة,ياسمين طارق محمد زهير وصفي; إنجى فكرى عبد الشهيد,10.21608/mkaf.2025.487244,https://openalex.org/W7134262076,['المتحف'],arab,0,article
ar,الأستاذ مختار الدين أحمد امتداد للميمني في تحقيق التراث العربي بالهند,2015,مجلة اللغة,محمد سهيل,10.12816/0014123,https://openalex.org/W2571048285,['التراث'],arab,1,article
ar,المقومات الطبيعية والبشرية واثرها في التنمية السياحية في مدينة سامراء,2022,journal of the college of basic education,م.د. صفاقس قاسم هادي,10.35950/cbej.v24i101.6567,https://openalex.org/W4399135722,['التنمية السياحية'],arab,0,article
ar,جوازات السفر الجزائرية لدول بحر الشمال (1583-1830) (Algerian passports of the North Sea countries (1583-1830,2020,مجلة العلوم الانسانية لجامعة أم البواقي,اسماعيل توتة; عبد القدر فكاير,,https://openalex.org/W3106541261,['السفر'],arab,0,article
ar,التعاون المصري الصيني في بناء الحزام والطريق ـ الواقع والمميزات والتحديات ومسارات التنمية عالية الـجودة بين الجانبين(في الفترة 2013 ~2023),2025,مجلة کلیة اللغة العربیة بإتاى البارود,موسى ما تشينغ هوا; حامد السيد خليل,10.21608/jlt.2025.419926,https://openalex.org/W4409179497,['مبادرة الحزام والطريق'],both,0,article
ar,دور الترجمة الأدبية في التبادل الثقافي بين الشعوب في نيجيريا,2023,International Journal for Arabic Linguistics and Literature Studies,يوسف عثمان محمد; بكر محمد عثمان; محمد الحاج ميدغو,10.31559/jalls2023.5.1.1,https://openalex.org/W4385897065,['التبادل الثقافي'],arab,0,article
ar,سبل ترقية وتطوير السياحة الثقافية في الجزائر باستخدام الوسائل التكنولوجية الحديثة,2021,,نادية بن ورقلة; بلقماري هدى,10.34277/1456-009-001-005,https://openalex.org/W3188842079,['السياحة الثقافية'],arab,0,article
ar,"""البصمة الكربونية للمتاحف المصرية كركيزة للتنمية السياحية المستدامة "" ""تقيم تجربة المتحف المصرى الكبير""",2026,مجلَّة إبداع في الآداب والدراسات الإنسانيّة والاجتماعيّة,د. ميرفت حسين محمد خليل,10.21608/ebdaa.2026.506949,https://openalex.org/W7163918589,['المتحف'],arab,0,article
ar,الصناعات التقليدية ودورها فى الحفاظ على الهوية الثقافية بالعاصمة السودانية ( الخرطوم ),2024,Mağallaẗ Al-Buḥūṯ wa Al-Dirāsāt Al-Ifrīqiyyaẗ wa Duwal Ḥūḍ Al-Nīl/Mağallaẗ Al-Buḥūṯ wa Al-Dirāsāt Al-Ifrīqiyyaẗ wa Duwal Ḥūḍ Al-Nīl,أسماء سيف الدين برجاس,10.21608/mbddn.2024.290986.1166,https://openalex.org/W4405673275,['التراث الثقافي'],arab,0,article
ar,المتاحف ودورها كمراكز معلوماتية في المجتمع العماني (دراسة حالة متحف عمان عبر الزمان),2025,مجلة البحوث فی مجالات التربیة النوعیة,الريم المخمري; رؤيا الغفيلي; نورة الحوسني,10.21608/jedu.2025.439202.2325,https://openalex.org/W4417235655,['المتاحف'],arab,0,article
ar,نحو هیمنة اقتصادیة جدیدة من خلال استراتیجیة الحزام والطریق,2022,مجلة البحوث الإدارية,gehad sabry,10.21608/jso.2022.168540.1056,https://openalex.org/W4309834808,['مبادرة الحزام والطريق'],china,0,article
ar,"تيمة الثورة في الرواية الجزائرية المعاصرة:, رواية أنا وحاييم للحبيب السائح أنموذجا",2024,مجلة المعيار,حسين عبدالحكيم; رابح بوصبع,10.54191/2320-015-001-012,https://openalex.org/W4411775993,['السائح'],arab,0,article
ar,أثر استخدام استراتيجية الرحلات المعرفية عبر الويب (Web Quest) على الدافعية لدى طلبة الصف العاشر في مادة الدراسات الاجتماعية بسلطنة عمان,2023,مجلة المناهج وطرق التدريس,خالد ناصر عبدالله التوبي; محمد يوسف مي,10.26389/ajsrp.w130823,https://openalex.org/W4391726146,['الرحلات'],arab,0,article
ar,الألعاب الرياضية المصورة على الآثار العربية الإسلامية,2021,Al-Adab Journal,صلاح حسين العبيدي,10.31973/aj.v0i60.2856,https://openalex.org/W4226043143,['الآثار'],arab,0,article
ar,سلطة طرفي عقد السياحة في تعديل وإلغاء أحكامه - دراسة مقارنة,2017,مجلة الجامعة الإسلامية للدراسات الإسلامية (عقيدة - تفسير - حديث),عاطف سليمان برهوم,,https://openalex.org/W2734574290,"['السائح', 'السفر', 'السفر والسياحة']",arab,0,article
ar,التطور التاريخي لجهود إمارة الشارقة في تحديث المتاحف,2022,Maǧallaẗ Kulliyyaẗ Al-Tarbiyyaẗ Bil-Manṣūraẗ,علي عبدالله يوسف الظهوري; عماد أبو العنين,10.21608/maed.2022.285557,https://openalex.org/W4320910084,['المتاحف'],arab,0,article
ar,سفر المرأة بدون محرم قدیما وحدیثا دراسة فقهیة معاصرة,2022,مجلة دار الإفتاء المصرية,الدكتور/ محمود ربیع جمعة عبد الجید,10.21608/dftaa.2022.264721,https://openalex.org/W4312661690,['السفر'],arab,0,article
ar,"مدي قانونية القرارات المتخذة لتقييد حرية السفر في ظل جائحة كورونا في المملكة العربية السعودية:, دراسة مقارنة",2022,مجلة الزرقاء للبحوث والدراسات الإنسانية,راكان بن فهد الحربي,10.34028/1069-022-003-001,https://openalex.org/W4411810382,['السفر'],arab,0,article
ar,أهمية موقع مدينة عدن الاستراتيجي ودوره في تطوير التنمية السياحية,2021,مجلة جامعة السعيد للعلوم الانسانية و التطبيقية,د/ صالح الصلاحي,10.59325/sjhas.v4i1.80,https://openalex.org/W4362687402,"['التنمية السياحية', 'الموروث الثقافي']",arab,0,article
ar,السياحة في الجزائر ودورها في التنمية الاقتصادية,2012,مجلة الإدارة والتنمية للبحوث والدراسات,موسى سعداوى; صدوقي زروق,10.51991/2230-000-002-005,https://openalex.org/W2885367692,['السياحة'],arab,0,article
ar,الموقف من الآخر فى شعر عروة بن الورد,2013,حولیة کلیة اللغة العربیة بجرجا,عصمت محمد أحمد رضوان,10.21608/bfag.2013.22401,https://openalex.org/W2908592538,['الضيافة'],arab,0,article
ar,العلاقة الثقافية بين علماء عمان وعلماء جبل نفوسة ما بين القرنين ( ( 2هـ / 8م – 8هـ / 14م),2023,مجلة العمارة والفنون والعلوم الإنسانية,ناصر الندابي; يوسف بن سعيد الــكـاســبـي,10.21608/mjaf.2023.203831.3072,https://openalex.org/W4378574543,['التبادل الثقافي'],arab,0,article
ar,"التنمية السياحية وأثرها فى تحقيق النمو السياحى بشارع الأشراف "" تطبيقا على مشهد السيدة رقية """,2016,Maǧallaẗ Al-Tārīẖ wa Al-Mustaqbal,آيــه مؤنس عبدالعظيم,10.21608/hfj.2016.241633,https://openalex.org/W4300832507,['التنمية السياحية'],arab,0,article
ar,مستقبل العلاقات العربية - الصينية في ضوء مبادرة الحزام والطريق,2020,مجلة دراسات شرق أوسطية,سمر إبراهيم محمد إبراهيم,10.47084/0836-024-092-007,https://openalex.org/W4411817564,['مبادرة الحزام والطريق'],both,0,article
ar,السياحة في المدن المقدسة وتأثيرها في النشاط الاقتصادي مدينة الكاظمية انموذجا,2018,Al-Adab Journal,هاشم جعفر عبد الحسن,10.31973/aj.v1i119.328,https://openalex.org/W2908276967,['السياحة الدينية'],arab,0,article
ar,"عام على حرمان القطريين من ""عمرة رمضان""!",2018,Qatar University QSpace (Qatar University),ربيعة بن صباح الكواري,,https://openalex.org/W3080283734,"['الحج والعمرة', 'العمرة']",arab,0,article
ar,التنمية السياحية في البلدان العربية في ظل متطلبات المنافسة الدولية: تحديات ورهانات,2021,khazzartech الاقتصاد الصناعي,حليمة شابي,,https://openalex.org/W3183822799,['التنمية السياحية'],arab,0,article
ar,الاختبارات الفقهية للامام بن العربي من خلال كتابه القبس باب الحج نموذجا,2019,Dépôt Institutionnel de lUniversité de Tlemcen,Sabrina Touaibia,,https://openalex.org/W7135275233,['الحج'],arab,0,dissertation
ar,ترجمة عينة من المطويات السياحية المتحف العمومي الوطني للفن والتاريخ لمدينة تلمسان أنموذجا من العربية إلى الفرنسية,2017,Dépôt Institutionnel de lUniversité de Tlemcen,محمد إسماعيل مالك; سيدي محمد منور ساكر,,https://openalex.org/W7135257491,['المتحف'],arab,0,dissertation
ar,لغة الجسد في التراث العربي,2015,مجلة جامعة القدس المفتوحة للأبحاث و الدراسات,خالد عبد الرؤوف الجبر,10.12816/0016153,https://openalex.org/W2788589990,['التراث'],arab,0,article
ar,دور التحفيزات الجبائية في تشجيع الاستثمار السياحي في الجزائر : دراسة حالة فندق لافالي بالشلف = The Rôle of Incentives Tax in Encouraging the Tourism Investment in Algeria : Case Study Hotel LAVALLE Chlef,2019,مجلة الاجتهاد للدراسات القانونية والاقتصادية,عيسى ، سماعين; بو زيان ، كريم,10.12816/0054462,https://openalex.org/W3212471002,['السياحي'],arab,1,article
ar,المقومات الطبيعية والاجتماعية لتنمية السياحة البيئية المستدامة في مملكة البحرين «دراسة باستخدام نظم المعلومات الجغرافية» Natural and Social Ingredients for Development Sustainable Ecotourism in the Kingdom of Bahrain Study using Geographic Information System (GIS),2023,مجلة بحوث الشرق الأوسط,فاطمة عبد الرضا عبد ناصر,10.21608/mercj.2023.302614,https://openalex.org/W4380185213,"['السياحة البيئية', 'الموروث الثقافي']",arab,0,article
ar,إستراتيجية التنمية السياحية في الجزائر واقع وأفاق,2015,مجلة دفاتر البحوث العلمية,آيت محمد مراد; محمدي عز الدين,10.37218/1426-000-006-026,https://openalex.org/W2997377590,"['التنمية السياحية', 'السياحية']",arab,0,article
ar,ثيمة الزواج في التراث العذري,2024,المركز مجلة الدراسات العربية,جوخة الحارثي,10.1163/27728250-12340035,https://openalex.org/W4390718079,['التراث'],arab,0,article
ar,صناعة السياحة في الجزائر بين المؤهلات و السياسات : رؤية استكشافية و إحصائية,2014,بحوث اقتصادية عربية,بو بكر بداش,10.12816/0020628,https://openalex.org/W2335825758,['صناعة السياحة'],arab,0,article
ar,الثقافة السياحة بالمجتمع الجزائري؛ المقومات وأهم المعوقات,2022,مجلة المعيار,بلحضري بلوفة,10.37138/almieyar.v26i3.3660,https://openalex.org/W4324323683,['السياحة'],arab,0,article
ar,دراسة تحليله لواقع الدعاية والنشر في السياحة الرياضية ضمن بطولة (خليجي 25 ) من وجهة نظر الاعلاميين,2025,مجلة دراسات وبحوث التربية الرياضية,Ali Sadiq Mal Allah; Abdul Halim Jabr Nazzal; Haider Awfi Ahmed,10.55998/jsrse.v35i3.1029,https://openalex.org/W4412484202,"['السائحين', 'السياحة']",arab,1,article
ar,"التسويق عبر مواقع التواصل الاجتماعي وأثره على قرارات السائح البيئي:, دراسة تحليلية لآراء عينة من زوار حديقة تجارب الحامة بالجزائر",2020,مجلة مجاميع المعرفة,عبد الرزاق قاضي; سيد علي بلحمدي; حكيم خلفاوي,10.37166/2058-006-002-037,https://openalex.org/W3096274075,['السائح'],arab,0,article
ar,The Impact of the Tourism Investments on the Site of the Baptism أثر وجود الاستثمارات السیاحیة على موقع المغطس,2017,The Conference Book of the General Union of Arab Archaeologists/The Conference Book of the General Union of Arab Archaeologists,Saeda Afaneh; Salim Khanfar; Sana Sheqwara,10.21608/cguaa.2017.29555,https://openalex.org/W2940099887,['السائح'],arab,0,conference-paper
ar,دور الإستثمار السياحي الفندقي في التنمية الإقتصادية بالجزائر,2019,مجلة افاق علوم الادارة والاقتصاد,مهمل عادل أمين,,https://openalex.org/W3048091691,['السياحي'],arab,0,article
ar,تطور السياحة في الأردن دراسة الوعي السياحي لدى طلبة الجامعات الخاصة الأردنية دراسة حالة جامعة أربد الأهلية وجامعة جدارا,2016,مجلة الأكاديمية للدراسات الاجتماعية والإنسانية,عبد الله علي قويطين العجلوني,10.33858/0500-000-015-034,https://openalex.org/W2313491990,"['السياحة', 'السياحي']",arab,1,article
ar,التنوع السياحي وتعزيز الموقع الاقتصادي للسياحة بالجزائر,2018,Economic Studies,نرجس بولحديد; طاهر لحرش,,https://openalex.org/W3161534982,['السياحي'],arab,0,article
ar,تقرير عن ندوة العلاقات الصينية - العربية : حالة الجزائر، مخبر البحوث والدراسات في العلاقات الدولية جامعة الجزائر 3، 14 نيسان / أبريل 2016,2016,المجلة العربية للعلوم السياسية,بلقاسم بن ضيف الله,10.12816/0034857,https://openalex.org/W2622507794,['العلاقات الصينية العربية'],both,0,article
ar,خطاب تسليم خنازير غير منشور من أنتينوبوليس في المتحف القبطى,2024,مجلة الإتحاد العام للآثاريين العرب,نسمة إبراهيم,10.21608/jguaa.2024.245621.1316,https://openalex.org/W4393150161,['المتحف'],arab,0,article
ar,الرحلة الحجازية في العصر المملوكي ، تواصل ثقافي بين الإسكندرية والمغرب ( 648-923هـ/ 1250-1517م) The Hijazi Journey in the Mamluk Era: Cultural Communication between Alexandria and the Maghreb (648–923 AH / 1250–1517 AD),2026,مجــلة کلیة اللغة العربیة بأســیوط,حسن فرحان عبدالساتر عطيه,10.21608/jfla.2026.507201,https://openalex.org/W7163900281,['التبادل الثقافي'],arab,0,article
ar,مناهــــــــج تحقیق النصــــــوص دراسة مقارنة بین کتابی رمضان عبد التواب وصلاح الدین المنجد,2020,اداب الرافدین,رعد حسین الحسینی,10.33899/radab.2020.166384,https://openalex.org/W3131507436,['المتاحف'],arab,0,article
ar,"دور المدن التراثية القديمة في ترقية نشاط السياحة الثقافية في الجزائر:, دراسة قانونية",2019,مجلة آفاق للعلوم,أسماء يخلف; حسن حميدة,10.37167/1677-000-017-011,https://openalex.org/W2970516633,"['السائح', 'السياحة الثقافية']",arab,0,article
ar,الشعر الشعبي في التراث الفلسطيني,2022,مجلة الكلم,هديل حسن حسين المشهراوي,10.54190/2140-007-002-002,https://openalex.org/W4412139208,['التراث'],arab,0,article
ar,تصور مقترح للارتقاء بالتعليم الفني الفندقي نظام السنوات الثلاث على ضوء خبرات بعض الدول,2023,Maǧallaẗ Kulliyyaẗ Al-Tarbiyyaẗ Bil-Manṣūraẗ,شيماء محسن عثمان عبد الهادي,10.21608/maed.2023.327454,https://openalex.org/W4389062245,['صناعة السياحة'],arab,0,article
ar,سلوك إخفاء المعرفة كوسيط في العلاقة بين الحسد في مكان العمل والأداء الوظيفي للعاملين في قطاع السياحة والفنادق,2024,مجلة کلية السياحة والفنادق - جامعة مدينة السادات,فريدة مصطفى إبراهيم العدوى; عصام زكريا عاشور; أميرة حليم إبراهيم عوض; محمود أحمد محمد صالح,10.21608/mfth.2024.357602,https://openalex.org/W4399289532,"['السياحة', 'صناعة السياحة']",arab,1,article
ar,السياحة الصحراوية في الجزائر: المقومات، المعوقات و الآفاق,2013,مجلة الباحث الإقتصادي,محمد الأمين وليد طـــالب; نـــظيرة قـــــلادي,,https://openalex.org/W2905478250,['السياحة الصحراوية'],arab,0,article
ar,الجهود المبذولة لترقية واستدامة السياحة الصحراوية بالجزائر,2020,,امينة بلغيث,,https://openalex.org/W3128760306,"['السياحة', 'السياحة الصحراوية']",arab,0,article
ar,دور الامتيازات الممنوحة للاستثمار السياحي في ترقية السياحة الصحراوية بالجزائر,2016,مجلة التنمية الاقتصادية,العيد قريشي; واضح فواز,,https://openalex.org/W2788090918,['السياحة الصحراوية'],arab,0,article
ar,تقویم الأداء المتحفی لمتاحف المواقع الأثریة فی المملکة العربیة السعودیة وتطویرها متحف نجران - دراسة حالة Museum Inventory Performance Evaluation for archaeological sites museums in the Kingdom of Saudi Arabia Najran Museum - a case study Museum Inventory,2020,مجلة قطاع الدراسات الإنسانیة,أمل بنت محمد بن سلیمان بن منیع,10.21608/jsh.2020.99009,https://openalex.org/W3040140382,"['المتاحف', 'المتحف']",arab,0,article
ar,الحج في الجزائر أثناء الاحتلال الفرنسي من خلال وثائق الأرشيف بين الإجراءات الإدارية واللجوء للرحلة السرية,2024,مجلة عصور,نبيل شريخي,10.54239/2319-023-002-013,https://openalex.org/W4404980960,['الحج'],arab,0,article
ar,بين العوائق والإمكانات: دراسة تطور اقتصاد العمل الحر في مصر في قطاع السفر والسياحة و الضيافة,2025,مجلة کلية السياحة والفنادق - جامعة مدينة السادات,ايتن الروبي,10.21608/mfth.2025.452603,https://openalex.org/W4414311118,"['السفر', 'السفر والسياحة', 'الضيافة']",arab,0,article
ar,الإعلام السياحي عبر الفايسبوك ودوره في تشجيع السياحة الصحراوية الجزائرية عند الشباب. -دراسة ميدانية بمدينة سطيف-,2021,مجلة المعيار,ليلى زادي,10.37138/mieyar.v25i10.5147,https://openalex.org/W4324345677,['السياحة الصحراوية'],arab,0,article
ar,إستراتیجیة تسویقیة مقترح هل مواقع العلاج الإستشفائی الطبیعی فی مصر,2017,المجلة العلمية للإقتصاد و التجارة,نسرین السعید منصور الشرقاوى,10.21608/jsec.2017.40477,https://openalex.org/W2964424559,['السياحة العلاجية'],arab,0,article
ar,متطلبات نجاح التسويق السياحي كآلية لتعزيز تنافسية القطاع السياحي في الجزائر,2019,مجلة الامتياز لبحــوث الاقتصاد والادارة,شليحي الطاهر; عز الدين علي,,https://openalex.org/W2948526016,"['التسويق السياحي', 'السياحي']",arab,0,article
ar,الرحلات الجزائرية إلى بلاد الحرمين من خلال رحلتي البجائي والورثلاني,2018,مجلة الحوار المتوسطي,عبدالقادر الصحراوي,10.54242/1702-009-001-003,https://openalex.org/W3213903655,['الرحلات'],arab,0,article
ar,الآثار القانونية لوقف الرحلات الجوية,2022,"Journal of Arts, Literature, Humanities and Social Sciences",جوهر عبدالله مولود; ٲ.د. كامران حسين الصالحي,10.33193/jalhss.76.2022.639,https://openalex.org/W4214714208,"['الآثار', 'الرحلات']",arab,0,article
ar,التقييم البيئى الاقتصادي المستدام لاستغلال مخرات السيول بالتطبيق على مدينة نخل بشمال سيناء,2025,International Journal of Development,إيمان عزت محمود محمد أحمد,10.21608/jaid.2025.420446.1029,https://openalex.org/W4414294221,['السياحة البيئية'],arab,0,article
ar,الاتجاهات البحثية في استخدام انترنت الأشياء في الترويج السياحي للمدن الذكية في الفترة من (2015-2024) دراسة تحليلية من المستوى الثاني,2025,Al-Maǧallah Al-Miṣriyyaẗ Li-Buḥūṯ Al-Iʿlām,حصة بنت عبد الله الحبيل,10.21608/ejsc.2025.467070,https://openalex.org/W4416849921,['السائح'],arab,0,article
ar,تنمیة منطقة حمامات عکاشة کمنتجع استشفائی عالمی,2018,المجلة الدولية للتراث والسياحة والضيافة,ایهاب على,10.21608/jihtha.2018.31480,https://openalex.org/W2946172059,"['السائحين', 'السياحة العلاجية']",arab,0,article
ar,"تجليات السرد في أدب الرحلة قراءة في كتاب: ""الرحلات الحجازية في الأدب الجزائري لـ""سميرة أنساعد""",2015,المدونة,حمداوي سعيدة,,https://openalex.org/W2966789142,['الرحلات'],arab,0,article
ar,"بيت المقدس في أدب الرحلات المغربية:, رحلة البلوي أنموذجا",2019,مجلة الجامعة الإسلامية للبحوث الإنسانية,رغدة علي الزبون,10.33976/1442-027-001-009,https://openalex.org/W4247822000,['الرحلات'],arab,0,article
ar,دور التسويق البيئي في تعزيز السياحة العلاجية بالقطاع الصحي بالمملکة العربية السعودية,2016,المجلة العملیة التجارة والتمویل,محمد عبد المنعم محمد ابراهيم,10.21608/caf.2016.130314,https://openalex.org/W3116470882,"['السائحين', 'السياحة العلاجية']",arab,0,article
ar,أثر استخدام تقنيات التعلم العميق لتحليل التقييمات السياحية وتقديم توصيات مخصصة: دراسة جديدة في مجال البيانات الضخمة,2025,مجلة کلية السياحة والفنادق - جامعة مدينة السادات,إيمان على أحمد عيد جودة,10.21608/mfth.2025.422019,https://openalex.org/W4409437888,['السائحين'],arab,0,article
ar,تأثير الملكية المؤسسية على الاحتفاظ بالنقدية: دليل من مصر( باللغة الانجليزية),2023,مجلة الاسکندریة للبحوث المحاسبیة,ميرال مدحت بسيوني; ايمان محمد سعد الدين; عاليا عبد الله تمام,10.21608/aljalexu.2023.310293,https://openalex.org/W4385465216,['السفر'],arab,0,article
ar,أثر تبني سياسات الاقتصاد الرقمي على التحول الرقمي والاستدامة في صناعة السياحة والضيافة: مصر نموذجا,2022,مجلة کلية السياحة والفنادق - جامعة مدينة السادات,إسماعيل محمد حسين; عبد الفتاح سليمان شوالى; محمد عزت حشاد,10.21608/mfth.2023.343729,https://openalex.org/W4392625920,['صناعة السياحة'],arab,0,article
ar,دوافع الحجاج والمعتمرين الماليزيين لتعلم اللغة العربية,2014,The International Islamic University Malaysia Repository (The International Islamic University Malaysia),Abdul Halim Salleh,,https://openalex.org/W3217789085,['الحج والعمرة'],arab,0,article
ar,دور التخطيط العمراني في تعزيز السياحة التراثية في فلسطين مدينة اريحا حالة دراسية,2018,,تمارا محمد عيسى عريقات; tamara mohammad issa arikat,,https://openalex.org/W3108742263,['السياحة التراثية'],arab,0,dissertation
ar,الآثار الجماعية للتجنس بالجنسية الجزائرية (دراسة مقارنة),2016,مجلة الاستاذ الباحث للدراسات القانونية والسياسية,بوخروبة حمزة,,https://openalex.org/W2953872619,['الآثار'],arab,0,article
ar,الظواهر السلبیة بالشارع المصری وتأثیرها على الصورة الذهنیة لمصر کمقصد سیاحی,2019,المجلة الدولية للتراث والسياحة والضيافة,عبدالرحمن عبدالغنی; هبة الله طه,10.21608/jihtha.2019.41764,https://openalex.org/W2964407639,"['السائح', 'السائحين']",arab,0,article
ar,المعايير الدولية ودورها في وصف ورقمنة الكتابات الأثرية: معياري VRA وCDWA نموذجا,2023,Al-Maǧallah Al-ʿarabiyyaẗ Al-Dawliyyaẗ Lil Fan wa Al-Taṣmīm Al-Raqamī,مروة الشوربجى,10.21608/iajadd.2023.186685.1038,https://openalex.org/W4361022116,['التراث الثقافي'],arab,0,article
ar,"تصميم هدايا تذكارية للسائحين برؤية معاصرة بالدمج بين جماليات الفن الفرعوني والطبيعة البحرية Designing souvenirs for tourists with a contemporary vision, combining the aesthetics of Pharaonic art and marine nature",2025,Jordan Journal of the Arts,,10.47016/18/2,https://openalex.org/W7128200032,['السائحين'],arab,0,article
ar,دور التراث الثقافي والتربوي في ترسيخ قيم المواطنة في المجتمعات العربية,2021,مجلة المعيار,غزالة ابن فرحات; لخضر غول,10.37138/mieyar.v25i10.5173,https://openalex.org/W4324345692,['التراث الثقافي'],arab,0,article
ar,التنمية المستدامة و دورها في تطوير التخطيط العمراني في الجزائر,2021,مجلة المعيار,أمينة نورة,10.37138/almieyar.v25i6.3433,https://openalex.org/W3214490477,['الموروث الثقافي'],arab,0,article
ar,المعالم الأثرية في مدينة مکناس: آليات الصيانة والإنقاذ,2018,,سعيد عبيدي,10.21608/kan.2018.122367,https://openalex.org/W3161689819,"['التراث الثقافي', 'المعالم الأثرية']",arab,0,article
ar,التراث في الفكر العربي المعاصر,2014,,عبد الحليم بلواهم; رابح مراجي,,https://openalex.org/W1945907855,['التراث'],arab,0,article
ar,في البيوضيافة: الفنادق بما هي ثكنات أو النادل ذو الأجساد الثلاثة,2019,Via Tourism Review,الحبيب السّعيدي,10.4000/viatourism.4596,https://openalex.org/W3016676781,['المنتجعات'],arab,0,article
ar,"السياحة الدينية في مدينة النجف الأشرف وآفاق تطورها:, دراسة في جغرافية السياحة",2018,,سامر هادي كاظم الجشعمي,10.36317/0826-010-037-042,https://openalex.org/W2911226710,"['السائح', 'السياحة', 'السياحة الدينية']",arab,0,article
ar,"السياحة البيئية في المجالات المحمية ودورها في تنمية السياحة المستدامة:, حالة الحظائر الوطنية في الجزائر",2019,,نور الدين شارف,10.37136/0504-013-001-008,https://openalex.org/W3092722818,"['السياحة', 'السياحة البيئية', 'السياحة المستدامة']",arab,0,article
ar,دراسة متطلبات العمل الإداري للمهرجان الدولي للخيول العربية بالشرقية,2024,مجلة بحوث التربية الشاملة,سمر سعيد حسين عبد اللطيف,10.21608/jsei.2024.319152.1654,https://openalex.org/W4404776463,['السياحة الصحراوية'],arab,0,article
ar,الجبال كمقوم في الجذب نحو السياحة الصحراوية في الجزائر ( قراءة من منظور التنمية المستدامة ) Mountains as an attraction towards desert tourism in Algeria (read from the perspective of sustainable development),2019,مدارات سياسية,بودرهم طيب; كراوة مصطفى,,https://openalex.org/W3100969360,['السياحة الصحراوية'],arab,0,article
ar,دراسة تحلیلیة لمعوقات تطبیق برامج وأنشطة السیاحة الترویحیة بجمهوریة مصر العربیة,2018,مجلة سوهاج لعلوم وفنون التربية البدنية والرياضة,شریف عبد المنعم,10.21608/jses.2018.80946,https://openalex.org/W3015631978,['السائحين'],arab,0,article
ar,شهادة غير المسلم على المسلم دراسة فقهية,2019,مجلة الشريعة والدراسات الإسلامية.,صايل أحمد أمارة,10.34120/jsis.v34i118.2665,https://openalex.org/W4399867453,['السفر'],arab,0,article
ar,إعادة تدوير بقايا الأقمشة في إنتاج عرائس تسهم في تعزيز التراث الملبسي للمملكة العربية السعودية لدى أطفال مرحلة الطفولة المبكرة,2023,University of Sharjah (UoS) Journal of Humanities and Social Sciences,رانيا دعبس; راندا المغربي; ريم العويض; داليا قنديل,10.36394/jhss/20/4/16,https://openalex.org/W4391856015,['التراث'],arab,1,article
ar,نحو متاحف ذات إتاحة كافية: ذوو الإعاقة البصرية وإتاحة المتاحف في مصر,2024,مجلة کلية السياحة والفنادق - جامعة مدينة السادات,محمود أحمد أبو لبده,10.21608/mfth.2024.391271,https://openalex.org/W4404279021,['المتاحف'],arab,0,article
ar,جهود دولة الامارات فی تطویر المقومات السیاحیة وآثاها فی الجذب السیاحی,2022,المؤرخ المصري,سعید محمد نبهان الظهوری; EmadEddin Ahmed AbuElEnain EmadEddin,10.21608/ehjc.2022.141264.1096,https://openalex.org/W4309806434,['السائح'],arab,0,article
ar,الإمكانيات والمقومات السياحية في الجزائر,2017,مجلة دراسات وأبحاث,الهذبة مناجلية,10.35157/0578-000-026-010,https://openalex.org/W2965309570,['السياحية'],arab,1,article
ar,صياغة مفردات التصميم الداخلي لعمارة حسن فتحي,2022,مجلة التراث والتصميم,هالة صلاح حامد,10.21608/jsos.2022.138885.1224,https://openalex.org/W4283780698,['المنتجعات'],arab,0,article
ar,دراسة تحلیلیة لآثر تطبیق مبـادئ أخلاقیات المهنة على رضا وأداء العاملین بشرکات السیاحة المصریة,2018,المجلة الدولية للتراث والسياحة والضيافة,آلاء عبد اللطیف; محمد أبوشوق; نانسی فوزی,10.21608/jihtha.2018.28257,https://openalex.org/W2919376830,['صناعة السياحة'],arab,0,article
ar,مساهمة الإقتصاد الإبداعى فى إستدامة السياحة الثقافية بمصر (مقترح تصميم العمارة الداخلية لمركز نسج تقليدي بمدينة أسوان نموذجا),2025,مجلة التراث والتصميم,دينا وجيه فاضل إسکندر,10.21608/jsos.2025.378064.1740,https://openalex.org/W4411246688,"['التراث الثقافي', 'السياحة البيئية', 'السياحة الثقافية']",arab,0,article
ar,معوقات الحفاظ على الموروث الثقافى فى المجتمع الريفى بالأقصر بمصر ووادى حلفا بالسودان,2022,Maǧallaẗ Ǧāmiʿaẗ Aswān Lil ʿulūm Al-Insāniyyaẗ/Maǧallaẗ Ǧāmiʿaẗ Aswān Lil ʿulūm Al-Insāniyyaẗ ,البكرى عبدالمغيث بكرى,10.21608/masuh.2022.141523.1005,https://openalex.org/W4312070269,"['التراث الثقافي', 'الموروث الثقافي']",arab,0,article
ar,"الممارسات التجارية العابرة للأوطان في سوق ""طريق الحرير"" : حالة الجزائريين والمصريين في مدينة ييوو(الصين)",2015,Insaniyat / إنسانيات,سعيد بلقيدوم; أليفييه بليز,10.4000/insaniyat.15240,https://openalex.org/W2806604197,['طريق الحرير'],both,0,article
ar,أثر ممارسات الاستدامة البيئية وفقا للمعايير ا لجديدة لتصنيف الفنادق (HC) على رضا وولاء النزلاء في المنتجعات المصرية,2026,مجلة کلية السياحة والفنادق - جامعة مدينة السادات,محمد صبحي عبد العظيم; محمد حسن إبراهيم محمد; عماد محمد عبد العال; عمرو مختار دراز,10.21608/mfth.2026.506340,https://openalex.org/W7163913618,['المنتجعات'],arab,0,article
ar,المجوهرات المعدنیة الرومانیة الملکیة المصریة فى متاحف مختلفة حول العالم,2022,المجلة العلمیة لکلیة السیاحة و الفنادق جامعة الأسکندریة,سهیلة درویش,10.21608/thalexu.2022.144016.1086,https://openalex.org/W4285607430,['المتاحف'],arab,0,article
ar,الحماية القانونية للفلكلور دعامة لاستدامة السياحة الثقافية وآلية لتوطين مضامين الاقتصاد البنفسجي في الجزائر,2020,مجلة الاستراتيجية والتنمية,حليمة بن دريس,10.34276/1822-010-996-027,https://openalex.org/W3177596993,['السياحة الثقافية'],arab,0,article
ar,"استخدامات صحافة الذكاء الاصطناعي في التسويق السياحي للمناطق الأثرية في العراق "" دراسة تطبيقية""",2026,مجلة کلية الاداب جامعة المنصورة,فراس عباس جديع الجنابي الجنابي,10.21608/artman.2026.502736.3600,https://openalex.org/W7203710768,['التسويق السياحي'],arab,0,article
ar,"Christian Epitaphs from Egypt and Nubia at the Museo Egizio, Turin: A Dossier",2021,Rivista del Museo Egizio,Jacques van der Vliet,10.29353/rime.2021.3392,https://openalex.org/W3136057052,['المتحف'],arab,0,article
ar,التراث السردي العربي وجديد القراءات,2016,مجلة كلية الآداب واللغات,نويوة عبد القادر,,https://openalex.org/W2954839813,['التراث'],arab,0,article
ar,دور التسويق السياحي عبر مواقع التواصل الاجتماعي في تنشيط السياحة بالجزائر,2019,مجلة المنتدى للدراسات والابحاث الاقتصادية,لحول فطوم,,https://openalex.org/W2953733285,['التسويق السياحي'],arab,0,article
ar,الاستفادة من البيانات الضخمة في تحليل المحتوي الرقمي المنشأ بواسطة المستخدمين لتقييم رضا الزوار لمواقع التراث الثقافي ا لمصرية,2025,مجلة کلية السياحة والفنادق - جامعة مدينة السادات,ايتن الروبي,10.21608/mfth.2025.452620,https://openalex.org/W4414294905,['التراث الثقافي'],arab,0,article
ar,"مدينة رشيد ""رؤية في ضوء محاور التنمية مستدامة""",2021,الإنسانيات,أ/ هند أحمد محمد أبو شاهين,10.21608/ins.2021.234886,https://openalex.org/W4285547785,['المعالم الأثرية'],arab,0,article
ar,المعالجة الإعلامية لقضايا الإرهاب في المواقع التلفزيونية الإخبارية,2020,Zenodo (CERN European Organization for Nuclear Research),أ.م د شريف عطية محمد بدران; أ.م د عبد الله عبد الرحيم محمد محمود,10.5281/zenodo.4382811,https://openalex.org/W3207990379,['الموروث الثقافي'],arab,0,article
ar,النقود الاسلامية المحفوظة بمتحف تلمسان - دراسة أثرية,2016,Dépôt Institutionnel de lUniversité de Tlemcen,Abir Chenoufi,,https://openalex.org/W7135263226,['المتاحف'],arab,0,dissertation
ar,الأزياء التراثية المكية النسائية كمصدر إلهام في تصميم أزياء المرأة العصرية باستخدام تطبيقات الذكاء الاصطناعي,2025,Al-academy,رابعة سالم محمد أمين سجيني,10.35560/jcofarts1570,https://openalex.org/W4413238377,['الحج والعمرة'],arab,0,article
ar,القطاع السياحي رافد أساسي لتحسين وتنويع الاقتصاد الجزائري,2019,مجلة الاقتصاد الدولي والعولمة,بورديمة سعيدة,,https://openalex.org/W3108895046,['السياحي'],arab,0,article
ar,دور مبادرة الحزام والطريق وخطة تنمية إفريقيا 2063 في دعم العلاقات الاقتصادية بين مصر وإفريقيا,2022,Mağallaẗ Dirāyā : Al-Mağallah Al-'ilmiyyaẗ  Lil-Siyāsāt Al-'āmāẗ Wa Dirāsāt Al-Tanmīyyaẗ,"محمد فريد, سالي",10.21608/mdpd.2022.292237,https://openalex.org/W4361015814,['مبادرة الحزام والطريق'],both,0,article
ar,آليات استثمار العقار السياحي في التشريع الجزائري,2021,مجلة دراسات وأبحاث,ريمة العايب,10.35157/0578-013-004-063,https://openalex.org/W3187362283,['السياحي'],arab,0,article
ar,"التناول التاريخي لدور الرحلات الاستكشافية الأوربية في الجزائر خلال فترة العثمنة:, الرحلات الألمانية أنموذجا",2022,,نورالدين بن قويدر,10.51841/2159-005-002-065,https://openalex.org/W4412181245,['الرحلات'],arab,0,article
ar,التجربة التونسية في صناعة السياحة,2019,مجلة دراسات اقتصادية,شراف عقون; ليلى بوحديد; قريشي محمد الصالح,10.46317/1423-006-001-008,https://openalex.org/W2947133878,"['السياحة', 'صناعة السياحة']",arab,0,article
ar,طقوس الزیارة والوعدة لرأس الحمراء بعنابة –الجزائر- وفرص الاستثمار السیاحی,2021,المجلة العربية لعلوم السياحة والضيافة والآثار,نادیة ملیانی; أفراح ملیانی,10.21608/kjao.2021.156239,https://openalex.org/W3136823734,['الموروث الثقافي'],arab,0,article
ar,"بين مفهوم ""البديل اللساني"" في اللسانيات الحديثة و""الإبدال"" في التراث اللساني العربي قراءة مقارنة",2023,مجلة المجمع الجزائري للغة العربية,إشراق مسلم; حميدي بن يوسف,10.70443/jaaal.v19i1.11,https://openalex.org/W4405080089,['التراث'],arab,1,article
ar,كفاءة التوزيع المكاني لخدمات السياحة الدينية في مدينتي النجف والكوفة,2019,,وهاب فهد الياسرى; أحمد عبدالكريم كاظم النجم,10.36317/0826-010-038-035,https://openalex.org/W3092976658,"['السفر', 'السياحة الدينية']",arab,0,article
ar,ظاهرة الانزياح في التراث العربي,2018,مجلة تنوير للدراسات الأدبية والأنسانية,مسعودة نويجم,,https://openalex.org/W2955963154,['التراث'],arab,0,article
ar,مقترحات لتفعيل السياحة البيئية في العراق لأغراض التخطيط للتنمية السياحية المستدامة - دراسة تطبيقية,2018,Route Educational and Social Science Journal,منتهى أحمد محمد النعيمي أستاذ مساعد,10.17121/ressjournal.1604,https://openalex.org/W2905323712,['السياحة البيئية'],arab,0,article
ar,التراث الأدبی والقیم مقاربة نقدیة,2015,مجلة قطاع کليات اللغة العربية و الشعب المناظرة لها,,10.21608/jsfs.2015.33217,https://openalex.org/W4252132091,['التراث'],arab,0,article
ar,الرحلات العلمية بين العراق والمشرق الإسلامي وأبعادها الاستراتيجية,2021,,أ.م.د. مهند حمد أحمد الكربولي,,https://openalex.org/W3126302748,['الرحلات'],arab,0,article
ar,الإجراءات الجزائية الخاصة بملاحقة جرائم غسل الأموال وتمويل الإرهاب والتنظيمات غير المشروعة .,2024,مجلة البحوث القانونية والإقتصادية (المنصورة),عيسى طلال الضويحى و أ. د محمد نور الدين,10.21608/mjle.2024.383698,https://openalex.org/W4403358761,['السفر'],arab,0,article
ar,"التنمية السياحية في الجزائر:, أية تدابير لأي حلول؟",2019,مجلة الناقد للدراسات السياسية,محمد شاعة; علاء الدين يوسفي,10.37136/1999-003-001-002,https://openalex.org/W2938312109,"['التنمية السياحية', 'السياحية']",arab,0,article
ar,"دور المحاسبة القضائیة فی الحد من ممارسات إدارة الأرباح فی ظل رقمنة عملیات التحاسب الضریبى "" دراسة تطبیقیة """,2022,المجلة العلمية للدراسات والبحوث المالية والإدارية,عبدالحمید احمد شاهین; عاطف محمد مصبح العازمی,10.21608/masf.2022.240775,https://openalex.org/W4293107207,['طريق الحرير'],arab,0,article
ar,العرضة النجدية كمنطلق للإبداع في التصوير التشكيلي السعودي,2023,Al-academy,مها محمد ناصر السديري,10.35560/jcofarts108/385-408,https://openalex.org/W4384203004,['الموروث الثقافي'],arab,0,article
ar,"السياحة الصحراوية كأسلوب لترقية السياحة الداخلية في الجزائر:, دراسة حالة ولاية تمنراست",2020,مجلة البحوث الاقتصادية المتقدمة,فريد بختي; رضا بهياني,10.38170/1993-005-001-009,https://openalex.org/W3033609275,"['السياحة', 'السياحة الصحراوية']",arab,0,article
ar,المسئولية المجتمعية في المتاحف: دراسة حالة لمتحف الفن الإسلامي والمتحف القبطي,2023,مجلة کلية السياحة والفنادق جامعة المنصورة,معتز أحمد مرعى; نادر ألفي ذكري سعد,10.21608/mkaf.2023.340224,https://openalex.org/W4391717073,['المتاحف'],arab,0,article
ar,نمذجة سهولة الوصول للمتحف المصري الكبير باستخدام نظم المعلومات الجغرافية,2025,Maǧallaẗ Mustaqbal Al-ʿulūm Al-Iğtimāʿiyyaẗ,يوسف محمود فهمي فرج,10.21608/fjssj.2025.431254,https://openalex.org/W4411246514,['المتحف'],arab,0,article
ar,السياحة البيئية كألية لدعم التنمية المستدامة في الجزائر,2021,مجلة اقتصاديات شمال افريقيا,عائشة عزوز,,https://openalex.org/W3135028844,['السياحة البيئية'],arab,0,article
ar,اتجاه مقلق: حظر السفر كعقاب للمدافعين عن حقوق الإنسان في الشرق الأوسط وشمال أفريقيا,2021,Rowaq Arabi - رواق عربي,إينيس خيمينيز لورينتي,10.53833/avfz2314,https://openalex.org/W4294804740,['السفر'],arab,0,article
ar,"المدينة المنجمية بالدول العربية:, من الصناعة المنجمية إلى صناعة السياحة (دراسة حالة مدينة خريبكة بالمغرب)",2019,مجلة جامعة الحسين بن طلال للبحوث,المصطفى ندراوي; جواد البوردو,10.36621/0397-005-990-006,https://openalex.org/W3092834838,['صناعة السياحة'],arab,0,article
ar,متحف سامراء تخطيطه وعمارته من العصر العثماني إلى العصر الحديث ، ( دراسة ميدانية),2023,Journal of Tikrit University for Humanities,Moatasem Malik Awad; Ghassan Ali Mostafa,10.25130/jtuh.30.1.1.2023.17,https://openalex.org/W4318833692,"['المتاحف', 'المتحف']",arab,0,article
ar,Egyptian Antiquities in Africa الآثار المصریة فی أفریقیا,2012,The Conference Book of the General Union of Arab Archaeologists/The Conference Book of the General Union of Arab Archaeologists,Randa Balegh,10.21608/cguaa.2012.37339,https://openalex.org/W2961881498,['الآثار'],arab,0,conference-paper
ar,فاعلية متحف إلكتروني تفاعلي في تنمية بعض مفاهيم الجغرافيا الطبيعية لدى طفل الروضة في ضوء التغيرات المناخية المعاصرة A program using the interactive electronic museum to develop some concepts of natural geography among kindergarten child in according to the contemporary climate changes,2024,Mağallaẗ Al-Tarbiyyaẗ wa Ṯaqāfiẗ Al-Ṯifl,د رنا علاء الدين عبد على,10.21608/jkfb.2024.347704,https://openalex.org/W4394613027,['المتحف'],arab,0,article
ar,دور الموروث الثقافي للغة الأم في تطوير تعليم اللغة الأم(1) وتحقيق التنمية البشرية ـ الحكاية الشعبية أنموذجا ـ,2017,الممارسات اللّغويّة,حـــفــــــيظة تـــــزروتـــي,,https://openalex.org/W2943890577,['الموروث الثقافي'],arab,0,article
ar,الشيخ حسين العلاوين (ابن نجاد) ودوره بتأمين الرحلات الى البترا، كتب الرحلات مصدرا,2015,Jordan Journal for History and Archaeology,Fawzi Qasim Abudanah,,https://openalex.org/W2226090271,['الرحلات'],arab,0,article
ar,الهيئات الشكلية للسفن والمراكب بمصر لإستحداث مشغولات خشبية في ضوء فنون ما بعد الحداثة .,2023,Ḥiwār Ǧanūb Ǧanūb,شريف عاطف سعد مطاوع; محمد عبد الباسط درويش; وليد رجائى عبد الحليم,10.21608/hgg.2023.325847,https://openalex.org/W4389042889,['السائحين'],arab,0,article
ar,الاتساق النصي في التراث العربي .,2014,,د.نعيمة سعدية,,https://openalex.org/W2588445443,['التراث'],arab,0,article
ar,تصميمات معاصرة مستمدة من توظيف رموز الفن النوبي لتأكيد ماهية الموروث الحضاري والهوية المصرية,2022,Al-Mağallah Al-ʿilmiyyaẗ Li Kulliyyaẗ Al-Tarbiyyaẗ Al-Nawʿiyyaẗ - Ǧāmiʿaẗ Al-Munūfiyyaẗ,هشام رمضان علي جابر,10.21608/molag.2023.188232.1163,https://openalex.org/W4385845881,['التسويق السياحي'],arab,0,article
ar,"أهمية اللغة العربية الوظيفية التفاعلية في التسويق الشفهي للسياحة:, دراسة تحليلية لبعض محتويات منصتا السفر Trivago وTripadvisor",2021,,مريم بن لقدر,10.38172/2032-005-002-014,https://openalex.org/W4412115773,['السفر'],arab,0,article
ar,أثر استخدام الرحلات التعليمية الافتراضية على تنمية الوعي الثقافي لدى متعلمي اللغة العربية لغة ثانية في جامعة القصيم,2024,Journal of Arts and Social Sciences [JASS],محمد سلطان علي السلطان; أيمن صبري ضيف الله,10.53542/jass.v15i2.6730,https://openalex.org/W4408157829,['الرحلات'],arab,0,article
ar,سيميولوجيا التشكيل البصري وأنسنة الفراغ في تصميم المتحف المصري الكبير كمدخل لتعزيز الهوية المصرية للمتاحف المعاصرة (دراسة تحليلية في العلاقة بين الرمز والمستخدم),2026,مجلة العمارة والفنون والعلوم الإنسانية,دينا أشرف عبد العزيز ابراهيم,10.21608/mjaf.2026.516970.4097,https://openalex.org/W7204487144,['المتحف'],arab,0,article
ar,التبادل الثقافي بين مصر وتركيا... صورة الأتراك في الأفلام المصرية.,2013,المجلة العربية للعلوم الإنسانية.,سليمان سيزر,10.34120/ajh.v31i.2415,https://openalex.org/W4399890826,['التبادل الثقافي'],arab,0,article
ar,تطبيقات الذكاء الاصطناعي في المتاحف : دراسة وصفية,2024,مجلة بحوث کلية الآداب جامعة المنوفية,ابتهال رمضان الصفتي,10.21608/sjam.2024.306748.2382,https://openalex.org/W4401186972,['المتاحف'],arab,0,article
ar,إمكانية السياحة الحلال في بنغلاديش: التحديات والآفاق,2019,Global Journal Al-Thaqafah,Muhammad Moinuddin,10.7187/gjatsi112019-14,https://openalex.org/W4285775496,"['السياحة', 'السياحة الحلال', 'صناعة السياحة']",arab,0,article
ar,دور أساليب التسويق الفيروسي علي مواقع التواصل الاجتماعي لمؤسسات التنشيط السياحي في تحقيق تفاعليه المستخدمين,2025,المجلة الدولية لقياسات الرأي العام,آية علاء الدين يوسف الزعيم,10.21608/ijgom.2025.425921.1020,https://openalex.org/W4415346988,['التسويق السياحي'],arab,0,article
ar,المتاحف كأحد آليات دعم المد الثقافي العربي الافريقي: متحف محمد السادس بالمغرب نموذجا:,2026,مجلة کلیة الآداب جامعة الفیوم,أماني الحناوي; محمد جلال,10.21608/jfafu.2026.525982.2615,https://openalex.org/W7204480784,['المتاحف'],arab,0,article
ar,"تثمين التراث الثقافي المائي في الجزائر:, نموذج للإدارة الرشيدة للموارد المائية ودافع للتنمية المستدامة",2023,,حنان شطيبى,10.47173/2134-006-001-002,https://openalex.org/W4412139468,['التراث الثقافي'],arab,0,article
ar,توظیف الإنفوجرافیک کمدخل- لتصمیم الملصق الإرشادی لتوعیة زوار المتحف الآتونی بالمنیا,2022,مجلة الفنون التشکیلیة والتربیة الفنیة,فاطمة رمضان سید عبد العزیز,10.21608/jfea.2022.132740.1040,https://openalex.org/W4223888923,"['المتاحف', 'المتحف']",arab,0,article
ar,أثر الفضيلة التنظيمية على الاحتراق الوظيفي والارتباط بالعمل في صناعة السياحة والضيافة: الدور المعدل للدعم التنظيمي,2024,مجلة کلية السياحة والفنادق - جامعة مدينة السادات,ممدوح حسن يونس; هيثم الصوالحي; يحيى الزق; محمد السعيد,10.21608/mfth.2024.384198,https://openalex.org/W4403357854,"['السفر', 'صناعة السياحة']",arab,0,article
ar,التسویق للإنماط السیاحیة الحدیثة فى مصر وأثره على الجذب السیاحى بمحافظة الفیوم,2018,المجلة الدولية للتراث والسياحة والضيافة,معتز عبد الفتاح; سوزان حسن; اسلام حسین,10.21608/jihtha.2018.28244,https://openalex.org/W2918677615,['السائحين'],arab,0,article
ar,Management des Activités Écotouristiques dans les Aires Protégées de la Numidie Orientale Algérienne (Nord-Est Algérie) : Grilles d’Audit et d’Implantation des Activités Écotouristiques = Management of Tourism in Protected Areas of Algerian Eastern Numidia (North East Algeria): Audit Grids and Implementation of Ecotourism Activities = إدارة السياحة في المناطق المحمية من نوميديا الشرقية (شمال شرق الجزائر) : شبكات التدقيق وتنفيذ أنشطة السياحة البيئية,2018,"El-Tawassol"" التواصل""",Mahieddine Boumendjel; Abdelkader El Ghezal; Hafsi Bedioufi; Saïd Boumendjel,10.12816/0055769,https://openalex.org/W3214136568,['السياحة البيئية'],arab,0,article
ar,توليد المصطلحات الثراثية المستمدة من الثراث الجزائري لفائدة عملية الترجمة ،مصطلحات الصناعات التقليدية أنمودجا,2017,Dépôt Institutionnel de lUniversité de Tlemcen,سليمة بن حمو; فاطمة الزهراء عيساني,,https://openalex.org/W7135255013,['التراث الثقافي'],arab,0,dissertation
ar,التراث الثقافي وحمايته في الجزائر,2023,دفاتر السياسة والقانون,فؤاد خوالدية,10.35156/0492-015-002-019,https://openalex.org/W4411835593,"['التراث', 'التراث الثقافي']",arab,0,article
ar,الحركة السياحية الترددية بالفنادق المتحركة بين مدينتي الأقصر وأسوان,2024,Maǧallaẗ Kulliyyaẗ Al-Adāb bi Al-Wadī Al-Ǧadīd/Maǧallaẗ Kulliyyaẗ Al-Adāb bi Al-Wadī Al-Ǧadīd,ايهاب لطفي البرنس السعيد; تامر علي عبد المجيد الصباغ,10.21608/mkwn.2024.221184.1154,https://openalex.org/W4396724383,['صناعة السياحة'],arab,0,article
ar,السياحة البيئية في الجزائر بين الواقع والمأمول Environmental tourism in Algeria between reality and hope,2018,مجلة إقتصاد المال والأعمال,يعقوب مروة; بن زعمة سليمة; بوظراف الجيلالي,,https://openalex.org/W2922972109,['السياحة البيئية'],arab,0,article
ar,تطور الوسائل القانونية للحفاظ على التراث المخطوط في العتبات المقدسة,2025,Al-Mağallah Al-ʿarabiyyaẗ Al-Dawliyyaẗ Li Idāraẗ Al-Maʿrifaẗ/Al-Mağallah Al-ʿarabiyyaẗ Al-Dawliyyaẗ Li Idāraẗ Al-Maʿrifaẗ,احمد الميالي,10.21608/aikm.2025.378546.1117,https://openalex.org/W4412579360,['الموروث الثقافي'],arab,0,article
ar,الحروب والحضارات وأقواس النصر,2015,,نسيم الخوري,,https://openalex.org/W2809927888,['المعالم الأثرية'],arab,0,article
ar,العوامل المعززة للتعايش السلمي من وجهة نظر الطلبة في الجامعات السعودية,2021,Maǧallaẗ Kulliyyaẗ Al-Tarbiyyaẗ Bil ʿarīš,عائشة بنت سيف الأحمدي; رويدة بنت عبد الحميد سمان,10.21608/foej.2021.153009,https://openalex.org/W3135107357,['السفر'],arab,0,article
ar,"دور تقنية الواقع الافتراضي في ترقية السياحة الثقافية:, جولة ثلاثية الأبعاد في التاريخ ""احكيلي القصبة الجزائر"" نموذجا",2025,مجلة الإدارة والتنمية للبحوث والدراسات,أميرة بن حمودة; أحمد بركات,10.51991/2230-014-001-006,https://openalex.org/W4414959520,['السياحة الثقافية'],arab,0,article
ar,مشاكل ومعوقات تنمية خدمات الفندقة السياحية في الجزائر,2018,مجلة دفاتر اقتصادية,رتيبة طرطاق,10.36530/1661-009-016-031,https://openalex.org/W2949299953,"['السياحية', 'الفندقة']",arab,0,article
ar,"اتجاهات السياحة الإلكترونية في الجزائر:, آفاق وتحديات",2024,مجلة البحوث الاقتصادية المتقدمة,يوسف بلخامسة; مراد صاولي,10.38170/1993-009-002-008,https://openalex.org/W4412113534,['السياحة'],arab,0,article
ar,"توظيف الموروث الثقافي الجزائري في رواية شبح الكليدوني لـ ""محمد مفلاح""",2020,مجلة العلوم الإنسانية,شوقي زقادة,10.35395/1728-007-001-036,https://openalex.org/W3035413470,['الموروث الثقافي'],arab,0,article
ar,دور المحتوى الرقمي في تعزيز تفاعل الجمهور مع الهوية الثقافية والقيم الحضارية: دراسة تحليلية لمنشورات المتحف المصري الكبير,2026,المجلة العلمية لبحوث العلاقات العامة و الإعلان,أحمد محمد عبد الله سليم,10.21608/sjocs.2026.520156,https://openalex.org/W7172337149,['المتحف'],arab,0,article
ar,مجلة حوليات التراث العدد 20,2020,DOAJ (DOAJ: Directory of Open Access Journals),د. محمد عباسة,,https://openalex.org/W7211784491,['التراث'],arab,0,article
ar,تحليل الكفاءة المكانية والوظيفية للمتاحف في مدينة جدة,2025,Academic Journal of Research and Scientific Publishing,أستاذ مساعد، برنامج نظم المعلومات الجغرافية، قسم العلوم الفيزيائية، كلية العلوم، جامعة جدة، المملكة العربية السعودية; الجوهرة زبيدي,10.52132/ajrsp/v6.71.7,https://openalex.org/W4409057771,"['السياحة المستدامة', 'المتاحف']",arab,0,article
ar,الدليل السياحي في الجزائر: بين الأهمية وتنظيم النشاط,2017,مجلة اقتصاديات المال والأعمال,مولود حواس; عبدالناصر حبوشي,10.37170/1986-000-003-009,https://openalex.org/W2782375746,['السياحي'],arab,0,article
ar,السياحة الصحراوية في الجزائر بين الواقع ومتطلبات النهوض ( ولاية تمنراست أنموذجا),2015,حوليات التاريخ والجغرافيا,مخطاري مصطفى,,https://openalex.org/W2942004693,['السياحة الصحراوية'],arab,0,article
ar,أثر رأس المال البشري على الخفة الإستراتيجية (دراسة ميدانية في شركات السياحة الأردنية),2017,Journal of Economics and Administrative Sciences,محمد الروسان; مثنى العموش,10.33095/jeas.v23i100.205,https://openalex.org/W2902227475,['السياحة'],arab,1,article
ar,التنمر المدرسي عبر الثقافات العربية : الآثار النفسية والاجتماعية,2023,Afāq ʿarabiyyaẗ wa Iqlīmiyyaẗ,ريهام محيى,10.21608/afar.2023.286153,https://openalex.org/W4322745554,['الآثار'],arab,0,article
ar,تطور العلاقات الصينية الخليجية وابعادها الاقتصادية على الجانبين (دراسة قياسية),2024,المجلة العلمية لقطاع کليات التجارة بجامعة الأزهر,تغريد محمد عاطف عبد الغندور,10.21608/jsfc.2024.445610,https://openalex.org/W4413171711,['مبادرة الحزام والطريق'],both,0,article
ar,سبل حماية الموروث الثقافي والحضاري في الوطن العربي,2015,دورية کان التاريخية,عُمر جسام العزاوي,10.21608/kan.2015.113251,https://openalex.org/W3087588315,['الموروث الثقافي'],arab,0,article
ar,سياسة فرنسا الدينية في الجزائر تأطير فريضة الحج أنموذجا 1894-1939,2015,المجلة الجزائرية للمخطوطات,هواري قبايلي,,https://openalex.org/W2730807982,['الحج'],arab,0,article
ar,الحماية الواجبة لمؤسسات التراث الثقافي أثناء النزاعات والاضطرابات : دراسة تحليلية,2022,Al-Mağallah Al-ʿarabiyyaẗ Al-Dawliyyaẗ Li Dirāsāt Al-Maktabāt wa Al-Maʿlūmāt,أحمد عادل زيدان,10.21608/aijli.2022.116726.1001,https://openalex.org/W4226129319,['التراث الثقافي'],arab,0,article
ar,حقوق السائح وواجباته بالمملكة العربیة السعودیة: دراسة فقهیة نظامیة,2022,مجلة کلية الشريعة والقانون بتفهنا الأشراف - دقهلية,أحمد بن یحیى الزهرانی,10.21608/jfslt.2022.276217,https://openalex.org/W4313392671,"['السائح', 'صناعة السياحة']",arab,0,article
ar,مكة المكرمة في النصف الأول من القرن الخامس الهجري من خلال رحلة ناصر خسرو,2021,مجلة الآداب,عفراء عازم عليان الشراري,10.35696/.v1i18.707,https://openalex.org/W4319158421,['الحج والعمرة'],arab,0,article
ar,واقع وأفاق الاستثمار السياحي في الجزائر,2015,مجلة دفاتر البحوث العلمية,حميد قرومي; بلال بن بتيش,10.37218/1426-000-006-016,https://openalex.org/W2997020902,['السياحي'],arab,0,article
ar,إمكانيات تطوير السياحة العلاجية في مدينة دمت باليمن,2022,Electronic Journal of University of Aden for Humanity and Social Sciences,Khaled Abdul Jalil Al-Najjar; Yousif Abdulrzig Sultan Al-Romimah,10.47372/ejua-hs.2022.3.171,https://openalex.org/W4300716120,"['التنمية السياحية', 'السياحة العلاجية']",arab,0,article
ar,الآثار البيئية لصناعة الاسمنت بمدينة الدامر - السودان,2023,مجلة الدراسات التاريخية و الاجتماعية,ياسر محمد عثمان; جمال مجذوب عبدالرحمن,10.36353/1515-000-057-013,https://openalex.org/W4411903998,['الآثار'],arab,0,article
ar,التناص والتـلاص بين التعـدد المصطلحـي والتـداخـل المفهـومـي,2025,مداد الآداب,الدكتورة/ فوزية إبراهيم محمد آل بريك الدوسري,10.58564/ma.v15i38.1718,https://openalex.org/W4408731288,['التراث الثقافي'],arab,0,article
ar,التكامل الإبداعي لتحقيق الاستدامة في المتاحف السعودية,2025,"Journal of Arts, Literature, Humanities and Social Sciences",د. عفت عبدالله فدعق; خلود عبدالقادر باطرفي,10.33193/jalhss.118.2025.1383,https://openalex.org/W4408743418,"['المتاحف', 'المتحف']",arab,0,article
ar,دور وسائل الإعلام و الإتصال في تنمية السياحة الصحراوية في الجزائر,2012,مجلة علوم الإنسان و المجتمع,عبيدة صبطي,10.12816/0002121,https://openalex.org/W2019004855,"['التنمية السياحية', 'السياحة الصحراوية']",arab,0,article
ar,تراث الثقافة الشعبية للقهوة السعودية بين الأصالة والمعاصرة في طباعة الشاشة الحريرية الرقمية,2024,International Journal on Humanities and Social Sciences,خديجة محمد نورالدين,10.33193/ijohss.61.2024.752,https://openalex.org/W4402960111,['التراث الثقافي'],arab,0,article
ar,الحوافز الجبائية الممنوحة للمستثمر في المجال السياحي في الجزائر,2025,المجلة الأكاديمية للبحوث القانونية والسياسية,الطاهر بن قويدر,10.52126/2238-009-001-031,https://openalex.org/W4412180219,['السياحي'],arab,0,article
ar,الجذور الجاهلية لعروض الخليلي,2021,DOAJ (DOAJ: Directory of Open Access Journals),Ali Ghobadi; علي نوري,10.36317/kaj/2018/v1.i38.747,https://openalex.org/W4386175582,['التراث الثقافي'],arab,0,article
ar,أثر جائحة فيروس کورونا المستجد على تغير سلوکيات التنقل في مصر,2022,Mağallaẗ Al-Dirāsāt Al-Insāniyyah wal-Adabiyyah /Mağallaẗ Al-Dirāsāt Al-Insāni yyaẗ wa Al-Adabiyyaẗ,أحمد يونس صالح عبد الجواد,10.21608/shak.2022.109547.1139,https://openalex.org/W4220817085,['السفر'],arab,0,article
ar,"الشبكات الاجتماعية:, كآلية حديثة للترويج الإلكتروني للمنتج السياحي في الجزائر: دراسة ميدانية",2021,مجلة جيل العلوم الإنسانية والاجتماعية,راضية بن نوي,10.33685/1316-000-072-003,https://openalex.org/W3203755411,['السياحي'],arab,1,article
ar,القرى التراثية في المملكة العربية السعودية وتنميتها سياحيا: قرية عودة سدير التراثية نموذجا.,2021,مجلة دراسات الخليج والجزيرة العربية.,سامي أبو طالب حسن,10.34120/jgaps.v47i181.2803,https://openalex.org/W4399809542,['السياحة التراثية'],arab,0,article
ar,العلاقة بين القطاع السياحي والنمو الاقتصادي في مصر,2024,المجلة العملیة التجارة والتمویل,ماجد عبد العظيم حسن قابيل; سعد إبراهيم احمد الكلاوي,10.21608/caf.2024.386624,https://openalex.org/W4403652045,['السياحي'],arab,0,article
ar,تقييم تصميم المنشآت السياحية في المحميات الطبيعية وأثره على التنمية المستدامة,2025,ERJ Engineering Research Journal,Abeer Hamed Atallah; Usama Mohamed Elfiky; Mohsen Mohamed Ibrahim,10.21608/erjm.2025.332575.1366,https://openalex.org/W4407604309,['السياحة البيئية'],arab,0,article
ar,تكنولوجيا المعلومات والاتصالات واثرها في تسويق الخدمة السياحية دراسة ميدانية في عينة من المنظمات السياحية في محافظة بغداد,2017,DOAJ (DOAJ: Directory of Open Access Journals),سعد ابراهيم حمد; ماجد محمد صالح,,https://openalex.org/W2900801550,['السياحية'],arab,0,article
ar,نحو مستقبل تعلیمی جید فی المعاهد السیاحیة والفندقیة بمصر: (دراسة تحلیلیة),2021,مجلة کلية السياحة والفنادق جامعة المنصورة,صباح محمد محمود محمد ابراهیم; محمد عادل أحمد عطیة,10.21608/mkaf.2021.213923,https://openalex.org/W4210446249,['التنمية السياحية'],arab,0,article
ar,الاستعداد المبكر للأزمات للعاملين في الاتصال المؤسسي في قطاع الحج والعمرة,2025,المجلة العربية لبحوث الاعلام والاتصال,إيمان أحمد مرسي; هالة منصور فاسي; هدى شداد المالكي; سميرة حمد غوير,10.21608/jkom.2025.435469,https://openalex.org/W4411822779,"['الحج', 'الحج والعمرة']",arab,0,article
ar,تجليات الأسطورة في التراث الشعبي الجزائري,2019,DOAJ (DOAJ: Directory of Open Access Journals),fatima Louati,10.48384/imist.prsm/lcs-v5i2.18644,https://openalex.org/W3033983796,['التراث'],arab,0,article
ar,تنافسية القطاع السياحي وانعكاساته على التنمية المستدامة - حالة الجزائر-.,2016,الأفاق للدراسات الإقتصادية,مسعي بلال; أوريسي هبة الله,,https://openalex.org/W2789304475,['السياحي'],arab,0,article
ar,العلاقة المكانية بين الحرم النبوي الشريف ومواقع سكنى الزائرين «دراسة تحليلية في جغرافية السياحة» The spatial relationship between the Noble Prophet's Mosque and the visitors' housing sites «Analytical study in tourism geography»,2022,مجلة بحوث الشرق الأوسط,هيفاء يحيى عبيد البلاع,10.21608/mercj.2022.266206,https://openalex.org/W4307115800,['الحج والعمرة'],arab,0,article
ar,الصناعة السياحية والتنمية السياحية المستدامة في الجزائر (2007-2015),2017,مجلة الإقتصاد الجديد,غزلان سعيد,,https://openalex.org/W2909296020,['السياحية'],arab,0,article
ar,أثر توظيف الرحلات الافتراضية في تدريس مادة التاريخ في اكتساب مهارات التعلم الذاتي: طالبات الصف التاسع الأساسي في الأردن,2023,Dirasat: Educational Sciences,Samar Aldanadnah; Hamed A. Ali. Talafha,10.35516/edu.v50i3.2128,https://openalex.org/W4387904207,['الرحلات'],arab,0,article
ar,المتحف والتراث وهوية المجتمعات,2023,مركز طارق والي العمارة والتراث eBooks,شيرين طاهر,10.47288/twc.db.002.2023,https://openalex.org/W4384030589,"['المتاحف', 'المتحف']",arab,0,book
ar,الجغرافية السياحية لمدينة ابو سمبل,2022,Maǧallaẗ Kulliyyaẗ Al-Adāb - Ǧamiʿāẗ Sūhāğ /Maǧallaẗ Kulliyyaẗ Al-Adāb - Ǧamiʿāẗ Sūhāğ,علي سالمان عثمان,10.21608/bfa.2023.163957.1099,https://openalex.org/W4320063803,['السياحية'],arab,0,article
ar,الآثار الإسلامية في القسطنطينية كما رآها الرحالة المسلم أبو الحسن على بن أبي بكر الهروي (1147-1215م/542-611ه),2022,Mağallaẗ Al-Qirā'aẗ wa Al-Maʿrifaẗ/Mağallaẗ Al-Qirā'aẗ wa Al-Maʿrifaẗ,د/ هويدا محمد أحمد بنيرة,10.21608/mrk.2022.274337,https://openalex.org/W4312071537,['السائح'],arab,0,article
ar,نشاط تفسير التراث في المغرب,2022,Wisdom Journal For Studies & Research,الرافع الألي; محمد لزهر,10.55165/wjfsar.v1i4.46,https://openalex.org/W4210843252,['التراث'],arab,0,article
ar,أهمية إدارة الأزمات في صناعة السياحة و تحقيق التنمية الاقتصادية تجارب الدول العربية,2015,Revue Finance & marchés,رقية ملاحي; بوسعد نايت ابراهيم; معاشو داني الكبير,,https://openalex.org/W2903611756,['صناعة السياحة'],arab,0,article
ar,"التكنولوجیا الحدیثة ودورها فی تیسیر أداء فریضة الحج "" دراسة فقهیة مقارنة""",2022,مجلة البحوث الفقهية والقانونية,سعید أحمد علی محمد علی,10.21608/jlr.2022.164459.1116,https://openalex.org/W4307277818,['الحج'],arab,0,article
ar,الآثار الاقتصادیة للمخاطرة واللایقین على الأمن الغذائى والترکیب المحصولى فی الزراعة المصریة خلال الفترة ( 2019- 2022 ),2022,The Journal of the Faculty of Economics and Political Science,فوزیة أحمد,10.21608/jpsa.2022.249962,https://openalex.org/W4288046309,['الآثار'],arab,1,article
ar,"الفضاء الخارجي في ""عين وجناح"" للكاتب والرحالة محمد الحارثي",2023,مجلة تسليم,ناصر بن حمود بن حميد الحسنيّ,10.55568/t.v16i28.121-139,https://openalex.org/W4399311581,['السفر'],arab,0,article
ar,درجة استخدام معلمي التربية الإسلامية لمهارات استراتيجية الرحلات المعرفية للمرحلة الثانوية في دولة الكويت,2019,مجلة المنارة للبحوث والدراسات,أديب ذياب حمادنة; وليد خالد ارشيد العازمي,10.33985/0531-025-004-016,https://openalex.org/W3089093987,['الرحلات'],arab,0,article
ar,تأثیر المقومات الجغرافیة الطبیعیة على الجذب السیاحی بمحافظة الداخلیة,2021,مجلة کلیة الآداب القاهرة,ماهر حامد سعداوی سلیمان,10.21608/jarts.2021.54411.1041,https://openalex.org/W3137445294,['التنمية السياحية'],arab,0,article
ar,الأهمیة الاقتصادیة لسیاحة المزارع فى الحد من الفقر فى صعید مصر,2010,المجلة العلمیة لکلیة السیاحة و الفنادق جامعة الأسکندریة,طارق عبد الفتاح الشریعى طارق; هنادى مصطفى عبد الراضى,10.21608/thalexu.2010.160424,https://openalex.org/W3152817383,"['السائحين', 'السياحة الريفية']",arab,0,article
ar,التراث بين التقديس والتبخيس,2021,Mağallaẗ̈ Al-Farāi'd fi Al-Buḥūṯ Al-Islāmiyyaẗ wa Al-ʿarabiyyaẗ,عبد التواب محمد محمد أحمد عثمان,10.21608/bfsa.2021.250711,https://openalex.org/W4288066028,['التراث'],arab,0,article
ar,التعليم والتدريب السياحي والفندقي في الجزائر,2017,مجلة اقتصاديات المال والأعمال,فاطمة الزهراء بن سيرود; حسان بوزيان,10.37170/1986-000-003-006,https://openalex.org/W2781992979,['السياحي'],arab,0,article
ar,علاقه مكه المكرمه بالدوله السعوديه الثانيه,2017,مجلة بحوث کلية الآداب جامعة المنوفية,عبد الله زاهر الثقفي,10.21608/sjam.2017.349031,https://openalex.org/W4394631052,['التبادل الثقافي'],arab,0,article
ar,دور السياحة في تعزيز أهداف التنمية المستدامة وفقا لتقارير منظمة السياحة العالمية - إشارة لحالة الجزائر-,2018,Global Journal of Economic and Business,بن مويزة مسعود,,https://openalex.org/W2885405058,['السياحة'],arab,0,article
ar,الرقمنة والتعلیم المحاسبی – كیف یمكن للتحول الرقمى أن یدفع بالتعلیم المحاسبی نحو التقدم,2022,مجلة الاسکندریة للبحوث المحاسبیة,تغرید مختار سید معوض; ولاء نصرالدین جاد,10.21608/aljalexu.2022.268548,https://openalex.org/W4312927429,['السفر'],arab,1,article
ar,تنمیة سیاحة المؤتمرات فی مصر بالإسترشاد بالتجربة الإماراتیة,2017,المجلة الدولية للتراث والسياحة والضيافة,اسماء فکری; نرمین نصر; مروة عبد الوهاب,10.21608/jihtha.2017.28017,https://openalex.org/W2919353657,['التنمية السياحية'],arab,1,article
ar,جدوي استخدام أدوات الاقتصاد الرقمي في الاستفادة من مقومات السياحة العلاجية والاستشفائية المستدامة في مصر,2025,المجلة العلمية للإقتصاد و التجارة,أيمن عبدالله محمد المتبولي,10.21608/jsec.2025.473162,https://openalex.org/W7117488382,['السياحة العلاجية'],arab,0,article
ar,دراسة أثرية فنية لتحف خزف لاجفاردينا (في ضوء مجموعة جديدة منتقاة),2025,Al-Mağallah Al-ʿilmiyyaẗ Li Kulliyyaẗ Al-Adāb - Ǧāmiʿaẗ Asyūṭ/Al-Mağallah Al-ʿilmiyyaẗ Li Kulliyyaẗ Al-Adāb - Ǧāmiʿaẗ Asyūṭ ,ممدوح السيد; فادية عطية مصطفى عطية,10.21608/aakj.2025.374327.2024,https://openalex.org/W4409409131,['المتاحف'],arab,0,article
ar,التنمية السياحية للشلالات والمساقط المائية في إقليم كوردستان - العراق,2022,Al-Adab Journal,شيروان رشيد; بحري الصفار,10.31973/aj.v1i143.1830,https://openalex.org/W4312132195,['التنمية السياحية'],arab,0,article
ar,"التراث الثقافى لقبيلة أولاد موسى فى ليبيا "" دراسة ميدانيه فى الأنثروبولوجيا الثقافية """,2022,Maǧallaẗ Ǧāmiʿaẗ Aswān Lil ʿulūm Al-Insāniyyaẗ/Maǧallaẗ Ǧāmiʿaẗ Aswān Lil ʿulūm Al-Insāniyyaẗ ,Omar Nafesa,10.21608/masuh.2022.140185.1001,https://openalex.org/W4312070260,['التراث الثقافي'],arab,0,article
ar,البيئة السياسية وتأثيرها على تطوير القطاع السياحي الجزائري,2021,مجلة العلوم الإنسانية,مريم بن حميدة; أحمد لشهب,10.35395/1728-008-002-007,https://openalex.org/W3202839333,['السياحي'],arab,0,article
ar,نقد الفصاحة في التراث البلاغي العربي,2018,,Amer Aljarah,,https://openalex.org/W2889748447,['التراث'],arab,0,article
ar,تقييم استخدام تقنية الميتافيرس كأداة للترويج السياحي: تطبيق على المتحف القومي للحضارة ا لمصرية,2025,مجلة کلية السياحة والفنادق - جامعة مدينة السادات,محمد عبد الرؤف خلف; أحمد مبروك مفتاح عطية,10.21608/mfth.2025.462475,https://openalex.org/W4415912111,"['السياحة الثقافية', 'المتحف']",arab,0,article
ar,السياحة بالولاية الشمالية في السودان– الجواذب والإمكانيات,2020,khazzartech الاقتصاد الصناعي,د أسامة معاوية بخيت حسين,,https://openalex.org/W3118518263,['السياحة'],arab,0,article
ar,الأجواء العلمية بتونس مع منتصف القرن18م على ضوء الرحلات الجزائرية الحجازية (الرحلة الورثيلانية أنموذجا),2020,,سحابات زهيرة,,https://openalex.org/W3209326662,['الرحلات'],arab,0,article
ar,دور تصميم منتجعات صحية واستشفائية لتعزيز جودة الحياة لمرضى السكري,2023,International Journal on Humanities and Social Sciences,د.نهى سعيد نقيطي; غرام خالد آل غالب; رهف يحي الزهراني,10.33193/ijohss.47.2023.598,https://openalex.org/W4385069390,['المنتجعات'],arab,0,article
ar,دور ادارة علاقات العملاء الالکترونیة على الأداء التسویقی للشرکات بالتطبیق على شرکات السیاحة المصریة من وجهة نظر العمیل,2021,المجلة العلمية للدراسات التجارية والبيئية,نسرین السعید منصور الشرقاوى,10.21608/jces.2021.188328,https://openalex.org/W3192081107,"['السفر', 'السفر والسياحة', 'صناعة السياحة']",arab,0,article
ar,دور سیاحة آثار ما قبل التاریخ فى زیادة معدلات الحركة السیاحیة الداخلیة والخارجیة بالتطبیق على محافظة الوادی الجدید بالمقارنة بین عامى 2010-2019م,2022,المجلة الدولية للتراث والسياحة والضيافة,شمس حسن حلمی عبد السلام; وفاء أحمد نور الدین إلیاس; رانیا محمد بهاء الدین; محمد عزت محمد,10.21608/jihtha.2022.277831,https://openalex.org/W4315699266,['السائحين'],arab,0,article
ar,الاستفادة من جمالیات الترسبات الصخریة لکهف الجارة لعمل حلی معدنیة لتنشیط السیاحة فی مصر بعد التعدیل,2022,مجلة التربية النوعية و التکنولوجيا بحوث علمية و تطبيقية,سالی سمیر زیدان,10.21608/maat.2022.132502.1079,https://openalex.org/W4313346647,['التنمية السياحية'],arab,0,article
ar,المتغيـرات السياسيـة وأثرهـا على أداء منظمات الأعمال السياحية في الجمهورية اليمنية دراسة ميدانية على منظمات الأعمال السياحية في مدينة عدن,2022,Albaydha University Journal,عزالدين مثنى ناجي قاسم,10.56807/buj.v4i2.268,https://openalex.org/W4308286151,['السياحية'],arab,0,article
ar,تقییم اتجاهات السیاحة البیئیة لدى العاملین بشرکات السیاحة وتأثیرها فى تحقیق الاستدامة (دراسة حالة منطقة خلیج العقبة),2020,المجلة الدولية للتراث والسياحة والضيافة,,10.21608/jihtha.2020.140558,https://openalex.org/W4249980156,"['السفر والسياحة', 'السياحة البيئية']",arab,0,article
ar,المهن السیاحیة فى الدراما المصریة: دراسة وصفیة,2019,المجلة الدولية للتراث والسياحة والضيافة,أیمن صافى; تامر عیسى; نانسى فوزى,10.21608/jihtha.2019.77567,https://openalex.org/W3011351511,['الضيافة'],arab,0,article
ar,دار الضيافة والوفود وأثرها في الإسلام (١ – ١١هـ),2023,Mağallaẗ Al-Dirāsāt Al-Insāniyyah wal-Adabiyyah /Mağallaẗ Al-Dirāsāt Al-Insāni yyaẗ wa Al-Adabiyyaẗ,خديجة الغامدي,10.21608/shak.2023.209597.1439,https://openalex.org/W4381199246,['الضيافة'],arab,0,article
ar,النظم النقدیة للسلطان أبو العباس أحمد المنصور بالله السعدی ( فی ضوء مجموعة جدیدة لم یسبق نشرها بمتحف الآثار بالرباط عاصمة المملکة المغربیة ),2021,مجلة کلية الآثار جامعة القاهرة,عبدالعزیز صلاح,10.21608/jarch.2021.136313,https://openalex.org/W3121087710,['المتاحف'],arab,0,article
ar,مدى رضا السائح الأردني عن الخدمات السياحية المقدمة (دراسة ميدانية على المواقع السياحية والأثرية في محافظة عجلون,2013,recherches économiques,سلايمة مروان,,https://openalex.org/W2953675900,"['السائح', 'السياحية']",arab,0,article
ar,المنصف وناس، ليبيا التي رأيت، ليبيا التي أرى : محنة بلد,2018,,بلعيد بن جبار,,https://openalex.org/W2972377020,['السفر'],arab,0,article
ar,"أهمية تنفيذ وإدارة مشاريع ومرافق الحج والعمرة على التنمية المستدامة في المملكة العربية السعودية مع التركيز على محافظة ينبع:, دراسة استشرافية حسب وثيقة التحول الوطني 2020 ورؤية 2030",2020,مجلة الدراسات المالية والمحاسبية والإدارية,عمر الطحطوح; حسام الفحل,10.35392/1772-007-002-007,https://openalex.org/W3130665252,['الحج والعمرة'],arab,0,article
ar,مدينة سمرقند في عهد التيموريين (771- 912هـ/ 1370- 1506م) (دراسة حضارية – تاريخية),2020,"Journal of Arts, Literature, Humanities and Social Sciences",أ.م. د. حسين كاظم خيون,10.33193/jalhss.61.2020.329,https://openalex.org/W3133484887,['طريق الحرير'],both,0,article
ar,إمکانات التنمیة السیاحیة فی محافظة ظفار بسلطنة عمان,2019,مجلة بحوث کلية الآداب جامعة المنوفية,,10.21608/sjam.2019.146771,https://openalex.org/W4254097012,['السياحة البيئية'],arab,0,article
ar,أثر بعض المتغيرات الاقتصادية في التنمية السياحية الجزائر حالة دراسية للمدة(1980-2017),2020,Academic Journal of Nawroz University,Ma'an Th. Arif; Aseel J. Anber,10.25007/ajnu.v9n1a612,https://openalex.org/W3022628501,"['التنمية السياحية', 'السياحية']",arab,1,article
ar,أسالیب تحقیق التفاعلیة فی تصمیم المواقع الإلکترونیة السیاحیة الرسمیة,2016,Al-Maǧallah Al-Miṣriyyaẗ Li-Buḥūṯ Al-Rāʼī Al-ʿām,سلوى أحمد محمد أبوالعلا,10.21608/joa.2016.80891,https://openalex.org/W3015474979,"['السائحين', 'صناعة السياحة']",arab,0,article
ar,لغة الإشهار السياحي الجزائري - دراسة في الحجاج,2018,"El-Tawassol"" التواصل""",وفاء صبحي,,https://openalex.org/W2912160971,['السياحي'],arab,0,article
ar,التوزيع المكاني لمقومات السياحة الصحراوية في منطقة الهضبة الغربية من العراق,2020,Al-Adab Journal,Luay Adnan Hasson,10.31973/aj.v1i135.977,https://openalex.org/W3111870783,"['التنمية السياحية', 'السياحة الصحراوية']",arab,0,article
ar,"مسار الرحلة الجزائرية خلال العهد العثماني "" الرحلات الحجازية أنموذجا""",2018,,ربيحة بلحاج,,https://openalex.org/W3128594679,['الرحلات'],arab,0,article
ar,الآثار القانونية المترتبة على عدم إفصاح المحكم,2022,The Jordanian Journal of Law and Political Science,مهند الطعاني; راجح السيد مصبح; محمد بن طريف,10.35682/jjlps.v14i3.461,https://openalex.org/W4366322532,['الآثار'],arab,0,article
ar,المعبودات أمهات الملک المتوفى فى العالم الآخر بمتون الأهرام,2015,The Conference Book of the General Union of Arab Archaeologists/The Conference Book of the General Union of Arab Archaeologists,manar moustafa,10.21608/cguaa.2015.30401,https://openalex.org/W2946151626,['المتحف'],arab,0,conference-paper
ar,Rediscovering the Nineteenth-Century Display of the Museo Egizio’s “Statuario”,2021,Rivista del Museo Egizio,Giorgia Cafici,10.29353/rime.2021.3720,https://openalex.org/W3215134888,['المتحف'],arab,3,article
ar,الآثار الاجتماعية لجائحة كورونا على الأسرة المصرية: دراسة حالة لعينة من الأسر التي لديها أطفال في مرحلة التعليم النظامي,2023,Al-Mağallah Al-ʿilmiyyaẗ Li Kulliyyaẗ Al-Adāb - Ǧāmiʿaẗ Asyūṭ/Al-Mağallah Al-ʿilmiyyaẗ Li Kulliyyaẗ Al-Adāb - Ǧāmiʿaẗ Asyūṭ ,فدى فؤاد عبدالفتاح,10.21608/aakj.2023.283719,https://openalex.org/W4318828319,['الآثار'],arab,1,article
ar,التنمية السياحية المستديمة في ليبيا باستخدام نظم المعلومات الجغرافية : رؤية تحليلية,2015,المجلة العربية للعلوم الإجتماعية,كريمة مصطفى عمار,10.12816/0032977,https://openalex.org/W2589015107,['التنمية السياحية'],arab,0,article
ar,النمذجة المکانية للامکانات الجغرافية الطبيعية لتنمية السياحة بمنخفض الواحات البحرية. دراسة في جغرافية السياحة,2021,Mağallaẗ Al-Dirāsāt Al-Insāniyyah wal-Adabiyyah /Mağallaẗ Al-Dirāsāt Al-Insāni yyaẗ wa Al-Adabiyyaẗ,شيماء جمعة,10.21608/shak.2023.112274.1155,https://openalex.org/W4317827695,"['السائحين', 'السياحة', 'السياحة العلاجية']",arab,0,article
ar,"الاستثمار السياحي في الجزائر:, بين الواقع والمأمول",2018,مجلة الناقد للدراسات السياسية,عزوز غربي; عادل زيتوني,10.37136/1999-000-002-010,https://openalex.org/W2914716483,['السياحي'],arab,0,article
ar,الأبواب الخشبية الإسلامية تقنيات الصناعة والزخرفة,2018,مجلة كلية التربية العلمية,جمعة كشبور,10.37376/fesj.vi6.604,https://openalex.org/W4390361215,['المتاحف'],arab,0,article
ar,التنمية السياحية في الجزائر: واقع وآفاق,2014,مجلة أنسنة للبحوث و الدراسات,كركوش فتيحة,,https://openalex.org/W2940151805,"['التنمية السياحية', 'السياحية']",arab,0,article
ar,البحث الدلالي في التراث الإسلامي,2021,,إدريس بن خويا,,https://openalex.org/W3205240824,['التراث'],arab,0,article
ar,أثـر استخدام التكنولوجيا المتطورة على مهنة الإرشاد السياحي في دولة الإمارات العربية المتحدة,2022,University of Sharjah (UoS) Journal of Humanities and Social Sciences,شريفه محمد; عماد الدين أبو العينين,10.36394/jhss/18/2a/16,https://openalex.org/W4220994942,"['السياحي', 'المتاحف']",arab,1,article
ar,مدي استعداد المستخدمين لتبني تطبيقات الذكاء الاصطناعي المستخدمة في صناعة السفر والسياحة والضيافة: دراسة تحليلية للمستخدمين المصريين,2024,مجلة کلية السياحة والفنادق - جامعة مدينة السادات,ايتن الروبي,10.21608/mfth.2024.343346,https://openalex.org/W4392626400,"['السفر', 'السفر والسياحة', 'الضيافة', 'صناعة الضيافة']",arab,0,article
ar,أثر الانفاق السیاحی على الإیرادات السیاحیة فی عینة من دول شمال افریقیا: (الجزائر، تونس، المغرب ومصر) للفترة 2005-2020,2022,المجلة العربية لعلوم السياحة والضيافة والآثار,صوریة مسانی; آمال حفناوی,10.21608/kjao.2022.259520,https://openalex.org/W4297834531,['التنمية السياحية'],arab,1,article
ar,التمكين السياحي للمرأة السعودية (الأليات والمعوقات),2024,المجلة العربية لعلوم السياحة والضيافة والآثار,شذى عبد الله عبد الخير ادم,10.21608/kjao.2024.380155,https://openalex.org/W4402776587,['السياحي'],arab,0,article
ar,"السياحة الثقافية ودورها في تحقيق التنمية المستدامة في ولاية الوادي:, عيد المدينة نموذجا",2020,مجلة الاستراتيجية والتنمية,فاطمة لعلمى; ليله معلول; مسعى أحمد سليمة,10.34276/1822-010-997-018,https://openalex.org/W3178866853,['السياحة الثقافية'],arab,0,article
ar,هضبة سن الكداب: دراسة جيومورفولوجية جيوأركيولوجية,2026,مجلة کلیة الآداب جامعة الفیوم,صالح رجب عیسى هلال,10.21608/jfafu.2026.517899.2589,https://openalex.org/W7203698335,['التراث الثقافي'],arab,0,article
ar,الإرث التاریخی والمرشد السیاحی تحدیات وتکامل: برنامج الإرشاد السیاحی بجامعة الشارقة نموذجا,2021,المجلة الدولية للتراث والسياحة والضيافة,عماد الدین أبوالعنین; على خمیس,10.21608/jihtha.2021.211723,https://openalex.org/W4206654272,"['السائح', 'السائحين']",arab,0,article
ar,تصميم طباعة المنسوجات فى ظل الذكاء الإصطناعى وإبداع المصمم لتعزيز السياحة الثقافية ضمن رؤية مصر 2030,2025,مجلة العمارة والفنون والعلوم الإنسانية,مها عصمت على حمودة,10.21608/mjaf.2025.380054.3643,https://openalex.org/W4412360258,['السياحة الثقافية'],arab,0,article
ar,تأثير ظاهرة التسول على صناعة السياحة فى مصر,2013,Journal of Association of Arab Universities for Tourism and Hospitality,Ibrahim Ahmed Ahmed Hammouda,10.21608/jaauth.2013.204516,https://openalex.org/W3212680627,['صناعة السياحة'],arab,0,article
ar,مجلة حوليات التراث العدد 11,2011,DOAJ (DOAJ: Directory of Open Access Journals),د. محمد عباسة,,https://openalex.org/W7211003160,['التراث'],arab,0,article
ar,تأثير استخدام الرحلات المعرفية عبر الويب علي تعلم مهارة التصويبة السلمية في كرة السلة لطالبات المرحلة الاعدادية,2024,مجلة نظریات وتطبیقات التربیة البدنیه وعلوم الریاضة,محمد عبد المنعم محمود; الشيماء الخفيف; اية أحمد فارس الحطيم,10.21608/mnase.2024.288260.1554,https://openalex.org/W4399018266,['الرحلات'],arab,0,article
ar,"السياحة الرياضية كأحد دعائم السياحة المستدامة لرؤية مصر 2030 "" دراسة تحليلية """,2023,Al-Mağallah Al-ʿilmiyyaẗ Lil Buḥūṯ Al-Taṭbīqiyyaẗ fi Al-Mağāl Al-Rīyāḍī/Al-Mağallah Al-ʿilmiyyaẗ Lil Buḥūṯ Al-Taṭbīqiyyaẗ fi Al-Mağāl Al-Rīyāḍī,خالد محمد سمير محمد,10.21608/sjpc.2024.328618,https://openalex.org/W4389550922,"['السياحة', 'السياحة المستدامة']",arab,0,article
ar,العلاقة بين المجتمع في الفيوم ومعبد الإله سوبك من خلال شواهد ونقوش من المتحف اليوناني الروماني,2023,Mağallaẗ Ǧamʿiyyaẗ Turāṯ Miṣr,هبة حسن أحمد عامر,10.21608/mgtm.2023.341401,https://openalex.org/W4392115191,['المتحف'],arab,0,article
ar,سلــــــطة النقد في التراث النقدي العربي,2025,Tasnim International Journal for Human Social and Legal Sciences,عهود حسين جبر الحميداوي,10.56924/tasnim.12.2025/12,https://openalex.org/W4412005762,['التراث'],arab,0,article
ar,فن التجهيز في الفراغ كمدخل لإثراء الخزف المعاصر في المملكة العربية السعودية,2022,"Journal of Arts, Literature, Humanities and Social Sciences",منى عباس هلال سنبل; أ.د. هالة باهميم,10.33193/jalhss.86.2022.767,https://openalex.org/W4310920271,['المتاحف'],arab,0,article
ar,الممارسات المستدامة في النقل: تشغيل قطار المشاعر بالطاقة الناتجة من إعادة تدوير النفايات الصلبة خلال موسم الحج,2025,Global Journal of Economic and Business,عبير محمد الينبعاوي; سعد عزيز العتيبي,10.31559/gjeb2025.15.2.4,https://openalex.org/W4410050690,"['الحج', 'الحج والعمرة']",arab,0,article
ar,مساهمة الاقتصاد البرتقالي في استدامة السياحة بالنوبة المصرية,2023,"International Journal for Tourism, Archaeology and Hospitality",Ghada El-emam; Doaa Eyada; Ghada El-emam,10.21608/ijtah.2023.186360.1047,https://openalex.org/W4385464078,['السياحة الثقافية'],arab,0,article
ar,السمات الفنية لتوابيت منطقة آثار مصر الوسطى الشمالية في العصر المتأخر,2024,Maǧallaẗ al-biḥūṯ wa Al-Dirasāt al-āṯāriyyaẗ,Ahmed anwre,10.21608/archmu.2025.238679.1142,https://openalex.org/W4410179420,['المتاحف'],arab,0,article
ar,واقع وآفاق صناعة السياحة في الجزائر,2022,مجلة التمكين الاجتماعي,Sahli Asma; Hadj BENZIDANE,10.34118/sej.v4i4.2775,https://openalex.org/W4404623693,"['السياحة', 'صناعة السياحة']",arab,0,article
ar,حماية التراث الثقافي فى ظل التحول الرقمي,2022,Journal of intellectual Property and Innovation Management /Journal of intellectual Property and Innovation Management,محمد أحمد عمر حسانين,10.21608/jipim.2022.302014,https://openalex.org/W4380190732,['التراث الثقافي'],arab,0,article
ar,التراث المادي في ليبيا كموروث ثقافي ودوره في صناعة السياحة,2022,,مريم العماري البشير; يونس محمد إبراهيم,10.35778/1742-000-044-004,https://openalex.org/W4411884196,['صناعة السياحة'],arab,0,article
ar,واقع السياسة الاستراتيجية للاستثمار السياحي في الجزائر,2018,مجلة الاجتهاد للدراسات القانونية والاقتصادية,جمال قتال; ليلى رشيدة بوخاطب,10.36540/1914-000-017-002,https://openalex.org/W2983162340,['السياحي'],arab,0,article
ar,الإمكانات الجغرافية الطبيعية لإقليم كوردستان العراق وآثارها في تعزيز موقعه ضمن مبادرة الحزام والطريق الصينية,2026,مجلة کلية الاداب جامعة المنصورة,هيوا طاهر صالح جباري,10.21608/artman.2026.486914.3553,https://openalex.org/W7203668995,['مبادرة الحزام والطريق'],both,0,article
ar,الثورةالروسية1917- الثورة الصينية ١٩٤٩ (دراسة مقارنة,2015,Al-Adab Journal,Safaa Karim Shukr,10.31973/aj.v2i111.1566,https://openalex.org/W4234823563,['التراث الثقافي'],china,1,article
ar,تنمیة سیاحة التصویر فى مصر,2022,مجلة کلية السياحة والفنادق جامعة المنصورة,زینب السید الدسوقى ابوسمك; رانیا محمد بهاء الدین; منى فاروق حجاج,10.21608/mkaf.2022.260496,https://openalex.org/W4297921052,['السائحين'],arab,0,article
ar,أوستراكا يونانية غير منشورة من المتحف المصري بالقاهرة,2026,Bulletin of the Center Papyrological Studies,عنان العيسوي,10.21608/bcps.2026.506017,https://openalex.org/W7163906285,['المتحف'],arab,0,article
ar,"الرحلات الحجازية:, آلية للتواصل العلمي بين المغرب الأوسط ومصر خلال القرنين 7-9 هـ. = 13-15 م.",2021,مجلة دراسات إنسانية واجتماعية,أسماء بن عمارة; عاشوري قمعون,10.46315/1714-010-003-036,https://openalex.org/W3172449239,['الرحلات'],arab,0,article
ar,الأمن الروحي في الرحلات الصوفية المغربية,2016,مجلة تاريخ العلوم,خالد التوزاني,10.37613/1678-000-004-002,https://openalex.org/W2767142364,['الرحلات'],arab,0,article
ar,الأهمية السياحية لمحور قناة السويس الجديد فى ظهور أنماط سياحية مستحدثة لتنشيط السياحة المصرية,2023,Mağallaẗ Al-Maʿhad Al-ʿālī Lil Dirāsāt Al-Nawʿiyyaẗ /Mağallaẗ Al-Maʿhad Al-ʿālī Lil Dirāsāt Al-Nawʿiyyaẗ,د.ميرفت حسين محمد حسانى خليل,10.21608/hiss.2024.293340.1350,https://openalex.org/W4399312062,['التنمية السياحية'],arab,0,article
ar,دورالسیاحة البیئیة فی تحقیق التنمیة المستدامة فی مصر,2015,International Journal of Development,فاطمه شلبی,10.21608/jaid.2015.67723,https://openalex.org/W2999757359,"['السياحة البيئية', 'السياحة الريفية']",arab,0,article
ar,دور النقل الجوي في التنمية السياحية بإقليم الساحل الشمالي الغربي لمصر دراسة جغرافية باستخدام الذكاء الاصطناعي الجغرافي.,2026,Maǧallaẗ Kulliyyaẗ Al-Adāb bi Al-Wadī Al-Ǧadīd/Maǧallaẗ Kulliyyaẗ Al-Adāb bi Al-Wadī Al-Ǧadīd,د محمد حسن السيد محمد عرفة; د سماح عبد القادر عجلان,10.21608/mkwn.2026.504593,https://openalex.org/W7161812114,['التنمية السياحية'],arab,0,article
ar,مقومات السياحة الترويحية الاستشفائية في مصر,2024,Al-Mağallah Al-ʿilmiyyaẗ Lil Buḥūṯ Al-Taṭbīqiyyaẗ fi Al-Mağāl Al-Rīyāḍī/Al-Mağallah Al-ʿilmiyyaẗ Lil Buḥūṯ Al-Taṭbīqiyyaẗ fi Al-Mağāl Al-Rīyāḍī,حنان سامي المحلاوي,10.21608/sjpc.2024.349953,https://openalex.org/W4395696666,"['السائحين', 'السياحة']",arab,0,article
ar,تصميم تذكارات سياحية مستوحاة من الرنوك المملوكية كمدخل لتسويق الآثار والفنون الإسلامية سياحيا,2024,مجلة کلية السياحة والفنادق - جامعة مدينة السادات,حسام حسن حميدة; يحى شحاتة الزق,10.21608/mfth.2024.339644,https://openalex.org/W4391731304,['السائحين'],arab,0,article
ar,تقییم أداء الغرف الفرعیة لشرکات السیاحة ووکالات السفر المصریة,2022,مجلة کلية السياحة والفنادق جامعة المنصورة,نهى ابراهیم محمد عبدالقادر; دعاء سمیر محمد حزه,10.21608/mkaf.2022.239154,https://openalex.org/W4281569230,['السفر'],arab,0,article
ar,مجلة حوليات التراث العدد 14,2014,DOAJ (DOAJ: Directory of Open Access Journals),Annales du patrimoine,,https://openalex.org/W7208861371,['التراث'],arab,0,article
ar,جودة المنتج وأثره على التسويق السياحي بالتطبيق على الهيئة العامة للسياحة في السعودية,2020,مجلة رماح للبحوث والدراسات,إشراقة عوض فضل الله,10.33953/1371-000-046-012,https://openalex.org/W4411914432,['التسويق السياحي'],arab,0,article
ar,الحلي المصرية بين التراث والمعاصرة.,2021,Ḥiwār Ǧanūb Ǧanūb,مريام منصور مهني سعيد; منصور مهني سعيد; هبة عاطف جلال,10.21608/hgg.2021.330815,https://openalex.org/W4390171508,['التراث'],arab,0,article
ar,ترتیب آثار المتحف (المتحف المصرى- دراسة حالة),2018,مجلة الإتحاد العام للآثاريين العرب,نور عبد الحمید,10.21608/jguaa.2018.3895.1025,https://openalex.org/W2891774765,"['المتاحف', 'المتحف']",arab,0,article
ar,العمارة الداخلية وتأصيل الهوية للسفارات العربية في مصر,2024,بحوث في التربية الفنية والفنون,enjy mousa,10.21608/seaf.2024.336641,https://openalex.org/W4391279732,"['التراث الثقافي', 'الموروث الثقافي']",arab,0,article
ar,"دور المتاحف العلمیة وما تحتویه من میراث علمی فى تنمیة الوعى الثقافی والفنی دراسة حالة ""متحف ا.د نجیب محفوظ لعلوم الأجنة والتشوهات الوراثیة بالقصرالعینى",2020,مجلة العمارة والفنون والعلوم الإنسانية,دینا سمیر,10.21608/mjaf.2019.15593.1264,https://openalex.org/W3003621733,['المتاحف'],arab,0,article
ar,تعزيز المرونة الحضرية والسياحة الرقمية من خلال الحلول الرقمية الذكية,2025,Journal of Kufa Studies Center,زهير نصار; سرى علي,10.36322/jksc.177(b).20397,https://openalex.org/W4413154508,['السائح'],arab,0,article
ar,آثار قرار المنع من السفر والجهات المختصة بإصداره في التشريع الإماراتي والمصري,2023,مجلة البحوث القانونية والإقتصادية (المنصورة),حمد محمد عبيد الحفيتي,10.21608/mjle.2023.340141,https://openalex.org/W4391717269,['السفر'],arab,0,article
ar,دور السياحة المسؤولة في تحقيق تنمية المجتمع المحلي في اكاكوس بليبيا,2025,مجلة کلية السياحة والفنادق جامعة المنصورة,عماد المختار علي المنوبي; أية أحمدعبدالمجيد; رانيا محمد بهاء الدين بدر; عزّة محمد سيد مسعود,10.21608/mkaf.2025.487208,https://openalex.org/W7134244122,['المنتجعات'],arab,0,article
ar,"القضية والبناء الفني في مسرح أبو العلا السلاموني النص المسرحي ""ابن دانيال والأمير وصال"" أنموذجا",2025,Al-Mağallah Al-ʿilmiyyaẗ Li Kulliyyaẗ Al-Tarbiyyaẗ Al-Nawʿiyyaẗ - Ǧāmiʿaẗ Al-Munūfiyyaẗ,إسراء السيد عبدالعزيز الحفناوي; فرج عمر فرج; مروه عبدالعليم زلابية,10.21608/molag.2025.352269.1439,https://openalex.org/W4409848392,['التراث الثقافي'],arab,0,article
ar,السياحة الصحراوية المستدامة في الجزائر : الإستراتيجيات و الآفاق : دراسة استشرافية لمستقبل السياحة الصحراوية في ظل التداعيات الأمنية في منطقة الساحل الإفريقي,2016,مجلة الحقيقة,مفيدة بن لعبيدي,10.12816/0032901,https://openalex.org/W2593781529,"['التنمية السياحية', 'السياحة الصحراوية', 'السياحة المستدامة']",arab,0,article
ar,دراسة التأثیرات المضادة للفطریات للالوان النحاسیة والمواد النانویة المرکبة على اللوحات المتدهورة فی المتحف المصری - التحریر,2019,,سهام محمود,10.12816/mjaf.2019.11995.1138,https://openalex.org/W2969248643,['المتحف'],arab,2,article
ar,القيم الوطنية المتضمنة في كتب اللغة الإنجليزية للصفين الرابع والخامس في الأردن,2024,العلوم التربوية,أ محمد صالح اليوسف مشترك,10.21608/ssj.2024.418978,https://openalex.org/W4409179577,['المتاحف'],arab,0,article
ar,مساهمة ترقية المتاحف في النهوض بالسياحة في الجزائر : دراسة حالة المتحف الجهوي للمجاهد : العقيد محمد شعباني بسكرة,2016,مجلة الباحث الإقتصادي,وسيلة السبتي; لطيفة السبتي,10.35391/1894-004-005-005,https://openalex.org/W2965279503,"['المتاحف', 'المتحف']",arab,0,article
ar,دور الرحلات المعرفية عبر الويب في تنمية مهارات الأداء اللغوي لدى الطلاب المعلمين تخصص اللغة العربية,2019,مجلة كلية التربية جامعة بنها,سمر جابر علي العطار,10.21608/jfeb.2019.61288,https://openalex.org/W3159365674,['الرحلات'],arab,1,article
ar,الإلتزام بضمان السلامة في عقد الرحلة المنظمة دراسة مقارنة مع القانونين الفرنسي والإنكليزي,2022,مجلة العلوم القانونية,رغد فالح; جليل حسن,10.35246/jols.v36i3.475,https://openalex.org/W4296139702,['السائح'],arab,0,article
ar,أثر أنشطة العلاقات العامة السياحية على وظائف الإرشاد السياحي في بغداد,2024,مجلة کلية السياحة والفنادق جامعة المنصورة,جنان عبد الرضا حمزة; محمود عبدالله; محمد أحمد عبداللطيف,10.21608/mkaf.2024.363709,https://openalex.org/W4400384950,['السائحين'],arab,0,article
ar,CULTURAL HERITAGE THEMATIC-BASED INTERPRETATION AS AN APPROACH FOR ENHANCING HERITAGE TOURISM IN EGYPT,2023,مجلة کلية السياحة والفنادق جامعة المنصورة,Hassan Badawy; Noha Abou El Gheit,10.21608/mkaf.2023.330147,https://openalex.org/W4390169205,"['السائحين', 'السياحة الثقافية']",arab,0,article
ar,العلاقات الصينية العربية في القرنين الثامن عشر والتاسع عشر: نموذج ثقافة الاعتراف الشرقي بين الحضارات (Chinese-Arab Relations in the 18th & 19th Centuries: An Example of the Civilizational Recognition in the East),2017,Journal of Al-Tamaddun,Hassna al-Ghamidi,10.22452/jat.vol12no2.11,https://openalex.org/W2783160269,['العلاقات الصينية العربية'],both,0,article
ar,تاريخ وأصول الفن التشكيلي الجزائري,2023,Dépôt Institutionnel de lUniversité de Tlemcen,أمينة ،فار س بحري،بن ساحة,,https://openalex.org/W7135339910,['التراث الثقافي'],arab,0,dissertation
ar,"التراث الثقافي في مدينة تونس من القرن التاسع عشر الميلادي إلى اليوم:, التحولات والثوابت",2023,الدارة,محمد البشير الرازقى,10.46968/0326-049-002-005,https://openalex.org/W4411779591,['التراث الثقافي'],arab,0,article
ar,العلاقة بین الدعم المدرک للإبداع ومخرجاته فی فنادق الخمس نجوم المصریة: الدور الوسیط لسلوک العمل الإبداعی للعاملین,2022,مجلة کلية السياحة والفنادق - جامعة مدينة السادات,جمال إبراهیم; محمد فوزی عفیفی; عماد عبد العال,10.21608/mfth.2022.238077,https://openalex.org/W4281259109,"['الضيافة', 'صناعة الضيافة']",arab,0,article
ar,دراسة تأثیر جائحة كورونا على السیاحة المستدامة فی مصر,2021,المجلة الدولية للتراث والسياحة والضيافة,نهال حسن علی,10.21608/jihtha.2021.281961,https://openalex.org/W4318828963,"['التنمية السياحية', 'السائح', 'السياحة المستدامة', 'صناعة السياحة']",arab,0,article
ar,"مقومات نجاح السياحة العلاجية:, دراسة التجربة الأردنية",2021,,يمينة سهايلية; نعيمة قويدرى قوشيح,10.36539/1427-011-002-006,https://openalex.org/W4411910664,"['السياحة', 'السياحة العلاجية']",arab,0,article
ar,"دراسة التعاون بين الصين والإمارات العربية المتحدة في مجال الطاقة الجديدة في إطار ”مبادرة الحزام والطريق“ A study of cooperation between China and the United Arab Emirates in the field of new energy within the framework of the ""Belt and Road Initiative""",2025,The International Islamic University Malaysia Repository (The International Islamic University Malaysia),"Matianping, Matianping; Ali, Asem Shehadeh Saleh",,https://openalex.org/W7115811555,"['طريق الحرير', 'مبادرة الحزام والطريق']",both,0,article
ar,"خصائص ودوافع واتجاهات السياح المقيمين في النزل البيئية في الاردن ""دراسة ادبية مقارنة""",2021,University of Sharjah (UoS) Journal of Humanities and Social Sciences,اكرم رواشده,10.36394/jhss/18/2b/9,https://openalex.org/W3205403317,['السائح'],arab,0,article
ar,الدلالات البصرية لوحدات التطريز الفلسطيني ودورها في تعزيز الهوية والموروث الثقافي,2023,Maǧallaẗ Al-Fan wa Al-Taṣmīm,هاني خليل,10.21608/ifca.2023.326720,https://openalex.org/W4389042850,['التراث الثقافي'],arab,0,article
ar,دور التسويق في تحسين صورة الوجهة السياحية :حالة الجزائر,2014,معارف,برجم حنان,,https://openalex.org/W2968300468,['السياحية'],arab,0,article
ar,واقع استخدام الرحلات المعرفية (Web Quests) وعلاقتها بتنمية مهارات التعلم المنظم ذاتيا لدى طالبات جامعة حائل في ظل أزمة كوفيد-19,2021,International Journal of Research and Studies Publishing,أستاذ المناهج وطرق التدريس المشارك، جامعة حائل، المملكة العربية السعودية; الدكتور/ الخامسة صالح سليمان العيد,10.52133/ijrsp.v2.20.2,https://openalex.org/W3174270312,['الرحلات'],arab,1,article
ar,"دور مؤثري السياحة والسفر في تنمية السياحة الداخلية بالمملكة العربية السعودية:, دراسة ميدانية من وجهة نظر متابعيهم",2022,المجلة الجزائرية لبحوث الإعلام والرأي العام,فطيمة قبيبي بن دنيا,10.54529/2325-005-002-002,https://openalex.org/W4412146860,['السياحة'],arab,0,article
ar,هراة ودورها في التراث العربي الأسلامي,2023,journal of the college of basic education,م .م زهير عبد زيد شمخي,10.35950/cbej.v1isi.10632,https://openalex.org/W4385663997,['التراث'],arab,0,article
ar,أوضاع تماثيل ملوک الدولة الحديثة غير التقليدية تطبيقا علي المتحف المصري بالقاهرة,2019,Minia Journal of Tourism and Hospitality Research,,10.21608/mjthr.2019.165451,https://openalex.org/W4232032821,['المتحف'],arab,0,article
ar,"دور المتاحف فى تنمیة الوعى الثقافى لدى فئات المجتمع المختلفة""",2010,The Conference Book of the General Union of Arab Archaeologists/The Conference Book of the General Union of Arab Archaeologists,kadrya bendary,10.21608/cguaa.2010.37687,https://openalex.org/W2959526126,['المتاحف'],arab,0,conference-paper
ar,الضوابط الخاصة فى الإختصاص القضائى بمنازعات عقود المشاركة,2024,Maǧallaẗ Al-Dirāsāt Al-Qānūniyyaẗ (Miṣr)/Maǧallaẗ Al-Dirāsāt Al-Qānūniyyaẗ ,زينب راشد حسن طلبه حسن طلبه,10.21608/maal.2024.272062.1220,https://openalex.org/W4402090348,"['السائح', 'المنتجعات']",arab,0,article
ar,المقومات الاستراتيجية لنجاح السياحة الصحراوية الجزائرية,2013,مجلة البحوث والدراسات,عيساوي أحمد,,https://openalex.org/W2903149328,"['السياحة', 'السياحة الصحراوية']",arab,0,article
ar,دور مؤسسات المجتمع المدني في التنمية السياحية في الجزائر,2020,مجلة العلوم الإنسانية,نوال وسار,10.35395/1728-007-003-020,https://openalex.org/W3135831192,"['التنمية السياحية', 'السياحية']",arab,0,article
ar,متطلبات تنمية القطاع السياحي في الاقتصاد الجزائري,2016,Algerian Review of Economic Development,عبد الرزاق مولاي لخضر; خالد بورحلي,,https://openalex.org/W2780888561,['السياحي'],arab,0,article
ar,أهمية التخطيط السياحي في تطوير القطاع السياحي دراسة حالة الجزائر,2020,مجلة البحوث و الدراسات التجارية,سمية أحمد ميلي,,https://openalex.org/W3172067699,['السياحي'],arab,0,article
ar,دراسة مقترحة للرموز الشعبية النوبية كمصدر لتذكارات سياحية لتأصيل الهوية المصرية.,2025,بحوث في التربية الفنية والفنون,سحر البرادعي,10.21608/seaf.2025.451685,https://openalex.org/W4414294861,"['التنمية السياحية', 'الموروث الثقافي']",arab,0,article
ar,انعكاســــات التنمــــية السياحـــية علــى المستوى المعيشــى للأســرة المصرية,2023,Mağallaẗ Dirāyā : Al-Mağallah Al-'ilmiyyaẗ  Lil-Siyāsāt Al-'āmāẗ Wa Dirāsāt Al-Tanmīyyaẗ,"سرحان, محمود محمود عرفان",10.21608/mdpd.2023.292247,https://openalex.org/W4361012998,['التنمية السياحية'],arab,0,article
ar,الخدمات الترفيهية في مدينة بغداد (جزيرة بغداد السياحية),2024,journal of the college of basic education,أ.م.د صفاقس قاسم هادي,10.35950/cbej.v30i126.12120,https://openalex.org/W4403241726,['السياحية'],arab,0,article
ar,جذور اللسانيات التداولية في التراث التفسيري,2020,مجلة جامعة الأمير عبد القادر للعلوم الإسلامية,شفيقة طوبال; ليلى لعوير,10.37138/emirj.v34i1.1232,https://openalex.org/W4323658513,['التراث'],arab,0,article
ar,رحلات الحج من المغرب الأوسط إلى مكة المكرمة خلال العصر الوسيط,2017,مجلة الحضارة الإسلامية,محمد بن معمر,,https://openalex.org/W2782519369,['الحج'],arab,0,article
ar,تأثير مبدأ التأدب في علم الراغماتية على الحوار باللغة الصينية,2021,مجلة کلیة الآداب القاهرة,محمد عبدالرحمن محمد إبراهيم,10.21608/jarts.2021.64911.1091,https://openalex.org/W4200423337,['التبادل الثقافي'],both,0,article
ar,ملامح من الحياة العامة بالجزائر في بعض كتب الرحلات المغربية خلال العهد العثماني,2015,مجلة الحوار المتوسطي,صالح بوسليم; الزين محمد,10.54242/1702-000-009.010-004,https://openalex.org/W2784998788,['الرحلات'],arab,0,article
ar,الأدب في التواصل الإجتماعي من منظور تفسير القرآن,2024,Izzatuna Jurnal Ilmu Al-Qur an dan Tafsir,Triyani; Yida Sahaya; Lukman Al-Hakim,10.62109/ijiat.v5i2.90,https://openalex.org/W4409713465,['الضيافة'],arab,0,article
ar,"ترميم المدن القديمة وأثره على صناعة السياحة:, المدينة القديمة بعنابة أنموذجا",2017,مجلة تاريخ العلوم,ليليا سعيدون,10.37613/1678-000-008-048,https://openalex.org/W2761699662,['صناعة السياحة'],arab,0,article
ar,صلة التراث اللغوي العربي باللسانيات,2010,مجلة المجمع الجزائري للغة العربية,مازن الوعر,10.70443/jaaal.v6i1.214,https://openalex.org/W4412992577,['التراث'],arab,0,article
ar,الظاهرات الجیومورفولوجیة کمقومات للسیاحة الطبیعیة بدولة قطر,2018,مجلة کلية الآداب جامعة بني سويف,سید محمود مرسی,10.21608/jfabsu.2018.76288,https://openalex.org/W3011754309,['السائحين'],arab,0,article
ar,وظائف متاحف التراث ودورها في دعم الموروث الحضاري دراسة أنثروبولوجية لبعض متاحف مدينة القاهرة,2024,Buḥūṯ /Buḥūṯ,دعاء سعيد محمد موسى; فاتن الحناوي; عنان محمد علي,10.21608/buhuth.2024.250075.1608,https://openalex.org/W4390838650,"['المتاحف', 'الموروث الثقافي']",arab,0,article
ar,"المتغيرات الإقليمية والدولية وأثرها على الاقتصاد الصيني في إطار مبادرة الحزام والطريق:, دراسة تحليلية",2025,,حميد نعمة الصالحي; غدير عبدالرسول شواي,10.32894/1898-014-054-038,https://openalex.org/W4414934911,['مبادرة الحزام والطريق'],china,0,article
ar,تأثيرات الذكاء الاصطناعي على الثقافة,2025,أركايفيا مجلة العلوم الإنسانية والعلوم الاجتماعية والترجمة,عائشة السادة,10.21608/arciv.2025.417244.1016,https://openalex.org/W4415553055,['التبادل الثقافي'],arab,0,article
ar,الموروث الثقافي الجزائري الواقع والآفاق,2017,حوليات التراث,إيمان هنشيري,10.35268/0186-000-017-008,https://openalex.org/W4251178330,['الموروث الثقافي'],arab,0,article
ar,تحليل واقع الخدمات السياحية بالجزائر,2015,Mağallaẗ al-ḥikmaẗ li-l-dirāsāt al-iqtiṣādiyyaẗ,نجاة بلعابد; خضرة صديقي,10.12816/0043346,https://openalex.org/W2802482925,['السياحية'],arab,0,article
ar,الحفاظ على التراث التاريخي والثقافي للعمارة والعمران لتحقيق الاستدامة (حالة دراسية مدينة إب),2023,Journal of Engineering and Technological Sciences - JOEATS,أحمد عماد حسن الأثوري; أحمد محمد يفاعة,10.59421/joeats.v1i1.1416,https://openalex.org/W4365810012,['التراث الثقافي'],arab,0,article
ar,نماذج من الرحلات اليابانية الى الجزيرة العربية دراسة تحليلية,2016,مجلة کلية أصول الدين والدعوة بأسيوط,ترکي عبد الله السکران,10.21608/jfar.2016.15024,https://openalex.org/W2895635330,['الرحلات'],arab,0,article
ar,"""دور البرامج الترفيهيه في تنشيط السياحة العربية الوافدة إلي إندونيسيا""",2025,Mağallaẗ Al-Dirāsāt Al-Afrū Asyawīyaẗ,مي توفيق,10.21608/aass.2025.445210,https://openalex.org/W4412857845,['السائح'],both,0,article
ar,التراث الثقافي ودوره في تحقيق التنمية السياحية المستدامة في مدينة العلا بالمملكة العربية السعودية,2024,مجلة الدراسات التربوية والإنسانية,د هيفاء بنت حمود الشمري,10.21608/jehs.2024.424038,https://openalex.org/W4409847263,"['التراث الثقافي', 'التنمية السياحية']",arab,0,article
ar,التقييم المورفولوجي لتغير خط الشاطئ بقطاع العلمين / سيدي عبد الرحمن بالساحل الشمالي الغربي لمصر,2024,مجلة کلية الآداب جامعة بني سويف,أسماء محسن بدير علي القرش,10.21608/jfabsu.2024.279565.1324,https://openalex.org/W4400044633,['التنمية السياحية'],arab,0,article
ar,البعد الاقتصادي والتكنولوجي في الصراع الأمريكي الصيني: خلال إدارة دونالد ترامب,2025,Humanitarian and Natural Sciences Journal,أحمد سالم عزيز، الأستاذ الدكتور محمد منذر,10.53796/hnsj69/44,https://openalex.org/W4414941360,['مبادرة الحزام والطريق'],china,0,article
ar,وحده مرجعیة لتنفیذ مشغولة فنیة معاصرة قابلة للتسویق فى ضوء التنمیة المستدامة والحفاظ على الهویة والتراث,2022,مجلة العمارة والفنون والعلوم الإنسانية,مرفت محمد کامل الغمری,10.21608/mjaf.2022.104852.2599,https://openalex.org/W4210448385,['الموروث الثقافي'],arab,0,article
ar,السياحة : محرك التنمية المستدامة في الجزائر,2020,Annales de l’université d’Alger,سامية حساين; رشيدة بالة,,https://openalex.org/W3092002397,['السياحة'],arab,0,article
ar,النقوش الکتابیة على العمائر الدینیة بطرابلس الغرب فی العصرین العثمانی الأول والقرمانلی,2013,The Conference Book of the General Union of Arab Archaeologists/The Conference Book of the General Union of Arab Archaeologists,Seham Gad,10.21608/cguaa.2013.31926,https://openalex.org/W2952304307,['المتاحف'],arab,0,conference-paper
ar,الرحلات الفرنسية إلى الجنوب المغربي خلال القرن 19 الواقع والتمثلات,2017,دورية أسطور للدراسات التاريخية,محمد أيتجمال,,https://openalex.org/W2758581866,['الرحلات'],arab,0,article
ar,الحرکة العلمية المصاحبة لقوافل الحج المغربية خلال العصر العثماني (دراسة تاريخية),2020,مجلة المؤرخ العربى,سامح إبراهيم عبدالفتاح عبدالعزيز,10.21608/hja.2020.139704,https://openalex.org/W3120844845,['الحج'],arab,0,article
ar,الوثائق الرسمية بين المقطعين والفلاحين في مصر عصر سلاطين المماليك (٦٤٨-٩٢٣هـ/١٢٥٠-١٥١٧م),2023,Maǧallaẗ Al-Tārīẖ wa Al-Mustaqbal,عمر جمال محمد علي,10.21608/hfj.2023.210281.1109,https://openalex.org/W4378529744,['الضيافة'],arab,0,article
ar,الإرهاصات النصية في التراث البلاغي العربي,2018,مجلة العلوم الاجتماعية والإنسانية,Abdelkamel Saidani,,https://openalex.org/W2901107401,['التراث'],arab,0,article
ar,"البيئه والتراث الإنسانى بين الاقتصاد الأخضر وتغير المناخ ""دراسة بيئية حضارية """,2023,Journal of Association of Arab Universities for Tourism and Hospitality,faten el sheikh,10.21608/jaauth.2023.203119.1440,https://openalex.org/W4366834327,"['السائح', 'السياحة البيئية']",arab,0,article
ar,"الأسواق الشعبیة ودورها فى زیادة الحرکة السیاحیة إلى مصر "" بالتطبیق على سوق الغوریة السیاحى",2020,المجلة الدولية للتراث والسياحة والضيافة,علاء الدین أسامة عبد اللطیف,10.21608/jihtha.2020.140594,https://openalex.org/W3125889605,['السائحين'],arab,0,article
ar,دور التسويق السياحي في دعم السياحة التونسية,2017,مجلة الإبتكار والتسويق,وسيلة سعود; عباس فرحات,,https://openalex.org/W2788136332,"['التسويق السياحي', 'السياحة', 'السياحي']",arab,0,article
ar,الحج المسيحي من البلقان إلى فلسطين في العصر الوسيط : البعد السياسي والبعد الثقافي,2017,مجلة الدراسات التاريخية و الاجتماعية,عودة الشرعة,10.12816/0050082,https://openalex.org/W2904721025,['الحج'],arab,0,article
ar,تأثير الصدمات الاقتصادية على قطاع السياحة المصري,2017,,الطاهرة السيد حميه; ياسر محمد جاد الله; سعد سمير سعد سعيد,,https://openalex.org/W3119496704,"['السائحين', 'السياحة']",arab,0,article
ar,رؤیة إبداعیة جدیدة حول القواعد الإجتماعیة الإسلامیة للمسجد فی الجزائر.,2018,مجلة العمارة والفنون والعلوم الإنسانية,مریم رجم,10.21608/mjaf.2018.20827,https://openalex.org/W2981483962,['التراث الثقافي'],arab,0,article
ar,استثمار تكنولوجيا المعلومات والاتصالات في مجال الخدمة العمومية (ضعف الأداء المؤسسي كدافع للاستثمار) -دراسة استكشافية حول مشروع جواز السفر البيومتري في الجزائر -,2017,تنمية الموارد البشرية,أسماء بن عبد الله,,https://openalex.org/W2793423139,['السفر'],arab,0,article
ar,التنمية المستدامة للسياحة الشاطئية بمنطقة الجبل الأخضر منظور جغرافي,2024,Mağallaẗ al-ʿulūm wa-al-dirāsāt al-insāniyyaẗ.,د.خالد محمد بن عمور,10.37376/jsh.vi2.4892,https://openalex.org/W4396847551,['التنمية السياحية'],arab,0,article
ar,العوامل المؤثرة فی فعالیة التعلیم الإلكترونی وانعكاسه على جودة التعلیم: دور إدراك طلاب إدارة الفنادق,2022,مجلة کلية السياحة والفنادق - جامعة مدينة السادات,حازم أحمد خیری; عماد عبدالعال,10.21608/mfth.2023.264344,https://openalex.org/W4303647782,['الضيافة'],arab,0,article
ar,واو العطف معناها ودلالتها والتطبيق عليها من صحيح مسلم,2024,مجلة بحوث کلية الآداب جامعة المنوفية,هاني عبد الحليم وهبة هارون,10.21608/sjam.2024.328740.2471,https://openalex.org/W4403652483,['العمرة'],arab,0,article
ar,أثر العامل الأمني على توجهات السائح الأجنبي وترقية القطاع السياحي بالجزائر = The Impact of the Security Factor on the Foreign Tourist Attitudes and the Tourism Sector Promotion in Algeria,2019,مجلة الاجتهاد للدراسات القانونية والاقتصادية,بن عودة ، محمد الأمين; ربوح ، ياسين,10.12816/0054669,https://openalex.org/W2921987865,['السائح'],arab,0,article
ar,دور العلماء فى إنضاج الوعی الثقافی بخراسان 205 ـ 389هـ / 820ـ 999م,2015,حوليات أداب عين شمس,احمد عطوة أحمد,10.21608/aafu.2015.7164,https://openalex.org/W2804046824,['الموروث الثقافي'],arab,0,article
ar,推动文明交流互鉴 携手共建人类命运共同体,2022,Afāq Asyawiyyaẗ,Samy Yang,10.21608/sis.2022.151451.1038,https://openalex.org/W4312832621,['التبادل الثقافي'],both,1,article
ar,التمويل التكافلي لنفقات الحج مقترح نموذج للتطبيق,2021,The Scientific Journal of University of Benghazi,مفتاح إبراهيم مفتاح الفارسي,10.37376/sjuob.v34i1.172,https://openalex.org/W3217255327,['الحج'],arab,0,article
ar,الأمانة في التراث الترجمي العربي والفارسي,2020,مجلة الاداب واللغات,محمد رحيمي,,https://openalex.org/W3108999785,['التراث'],arab,0,article
ar,رؤیة مستقبلیة لتنمیة السیاحة البیئیة (المحمیات الطبیعیة) فی ضوء التصمیم الصناعی,2021,مجلة العمارة والفنون والعلوم الإنسانية,جیهان فؤاد محمد,10.21608/mjaf.2020.46186.1923,https://openalex.org/W3119748520,"['التراث الثقافي', 'السياحة البيئية', 'السياحة المستدامة']",arab,0,article
ar,تحليل مناخ الاستثمار السياحي في الجزائر,2023,مجلة العلوم الانسانية,حيزية هني; محمد زيدان,10.37136/1003-023-002-015,https://openalex.org/W4411811026,['السياحي'],arab,0,article
ar,معوقات التنمية السياحية في فلسطين الضفة الغربية و قطاع غزة : دراسة في جغرافية السياحة,2013,Jordan Journal of Social Sciences,عبد القادر إبراهيم حماد,10.12816/0002611,https://openalex.org/W2334334919,['التنمية السياحية'],arab,0,article
ar,قصص جنوح السفن في عمان : المعاناة و الكرم,2014,الخطاب,هلال الحجري,10.12816/0008812,https://openalex.org/W2346664550,['السفر'],arab,0,article
ar,"جماليات اللغة الروائية وتمظهرات الدلالة في النص الروائي الجزائري:, قراءة في رواية ""مذنبون"" للحبيب السائح",2016,مجلة المعيار,فضيلة بهيليل,10.54191/2320-000-015-007,https://openalex.org/W2923183464,['السائح'],arab,0,article
ar,تأثير التكنولوجيا المالية كآلية لتعزيز الشمول المالي دراسة ميدانية على البنوك التجارية فى القاهرة الكبري,2024,المجلة العلمية للبحوث التجارية (جامعة المنوفية),مصطفى حسين بدر الدين محمد; انجى وضاح حسن محمود,10.21608/sjsc.2024.300884.1470,https://openalex.org/W4401495066,['الموروث الثقافي'],arab,0,article
ar,التراث الدینی فی شعر ابن زیدون,2021,مجلة کلية البنات الأزهرية بالعاشر من رمضان,أنور یعقوب زمان,10.21608/jfgt.2021.207979,https://openalex.org/W4200251675,['التراث'],arab,0,article
ar,استخدام النموذج العددی فی تطویر مسارات السیاحة الجیمورفولوجیة فی وادی عربة الأردنی,2017,المجلة الدولية للتراث والسياحة والضيافة,ابراهیم بظاظو,10.21608/jihtha.2017.28011,https://openalex.org/W2918237107,"['السائح', 'السياحة البيئية', 'صناعة السياحة']",arab,0,article
ar,الآثار الاجتماعیة والثقافیة للصراع الصفوى العثمانى (1464 – 1736م),2014,مجلة الدراسات التربوية والإنسانية,عبدالله فهیم السعدنی,10.21608/jehs.2014.285909,https://openalex.org/W4322739850,['الآثار'],arab,0,article
ar,الحج الليلي برنامج مقترح وفق منهج شرعي مكتمل الأركان والواجبات,2025,مجلة کلية البنات الأزهرية بالعاشر من رمضان,عمر سراج أبو رزيزة,10.21608/jfgt.2025.443964,https://openalex.org/W4412859100,['الحج'],arab,0,article
ar,اجازة الحج فى قانون العمل الأردنى دراسة موازنة فى تشريعات العمل العربية,2010,Maǧallaẗ Al-Ḥuqūq Lil-Buḥūṯ Al-Qānūniyyaẗ wa Al-Iqtiṣādiyyaẗ/Maǧallaẗ al-ḥuqūq lil-biḥūṯ al-qānūniyyaẗ wa al-iqtiṣādiyyaẗ,د. هيثم حامد المصاروة,10.21608/lalexu.2010.271442,https://openalex.org/W4312769266,['الحج'],arab,0,article
ar,دور خميرة الخبز في التقليل من الآثار الضارة للإجهاد الملحي في انبات بذور الحنطة ونمو بادراتها,2016,Journal of Kerbala for Agricultural Sciences,Basheer A. Abraheem; O. H. Mohammad; N. .A Jasem; M. S. Joad; N. K. Enad,10.59658/jkas.v3i4.560,https://openalex.org/W4379423399,['الآثار'],arab,2,article
ar,القيم الجمالية والوظيفية في متحف إيف سان لوران بمراكش,2024,مجلة العمارة والفنون والعلوم الإنسانية,مي عثمان جلال; ريم عاصم عبد الحق,10.21608/mjaf.2024.270176.3331,https://openalex.org/W4395693217,['المتحف'],arab,0,article
ar,فاعلية استخدام الرحلات المعرفية عبر الويب (Web Quest) في أنواع المشاركة المدرسية لدى طلاب الصف العاشر في مادة الدراسات الاجتماعية بسلطنة عمان,2024,مجلة ابن خلدون للدراسات والأبحاث,خالد بن ناصر التوبي; محمد ماي,10.56989/benkj.v4i1.789,https://openalex.org/W4391744718,['الرحلات'],arab,0,article
ar,القدرة الاستيعابية المقترحة للتسويق المستدام للمحميات الطبيعية في مصر بالتطبيق على محمية رأس محمد بجنوب سيناء,2023,المجلة العربیة للإدارة,نسرين الشرقاوي,10.21608/aja.2023.177834.1362,https://openalex.org/W4317759333,['السياحة البيئية'],arab,0,article
ar,توظيف الزخارف الكتابية في كسوة الكعبة لعمل تذكارات سياحية.,2017,المجلة العربية للعلوم الإنسانية.,وسمية العقل; تهاني العجاجي,10.34120/ajh.v35i138.2619,https://openalex.org/W4399876156,['السياحة الدينية'],arab,0,article
ar,دراسة الواقع الفعلي لاستخدام مواقع التواصل الاجتماعي لترويج السياحة الترويحية في إقليم كوردستان العراق,2024,مجلة دراسات وبحوث التربية الرياضية,Barzan Saber Hussein; Kaneao Hasan Sedeeq; Bestoon Shukri Ramadhan,10.55998/jsrse.v34i3.615,https://openalex.org/W4400676854,['السائح'],arab,0,article
ar,دور التخطيط السياحي في دعم التنمية السياحية المستدامة الداخلية : دراسة حالة الجزائر = The Role of Tourism Planning in Supporting Sustainable Tourism Development : Case Study of Algeria,2019,مجلة رماح للبحوث والدراسات,هارون العشي; بوراس ، فايزة,10.12816/0054886,https://openalex.org/W3213539466,['التنمية السياحية'],arab,0,article
ar,"المخاطر الاجتماعية الناتجة عن تأثير الهيمنة الحضرية على التراث الثقافي العماني:, دراسة ميدانية",2021,مجلة دراسات الخليج والجزيرة العربية.,محمد سيد أحمد بيومي,10.34120/0382-047-183-008,https://openalex.org/W4211143561,['التراث الثقافي'],arab,0,article
ar,تاريخ التنافس الأوربي في الخليج العربي والمحيط الهندي: الإستراتيجية البحرية الفرنسية في القرنين السابع عشر والثامن عشر نموذجا,2022,University of Sharjah (UoS) Journal of Humanities and Social Sciences,محمد النقبي; نور الدين الصغير,10.36394/jhss/19/4/16,https://openalex.org/W4378230994,['طريق الحرير'],arab,0,article
ar,"توظيف أدوات التسويق الالكتروني كآلية لتنشيط وترقية خدمات المؤسسات السياحية في الجزائر "" دراسة حالة بعض الوكالات السياحية (بولاية بشار)""",2019,مجلة الإبتكار والتسويق,فاطمة غزالي; عبد الصمد بودي,,https://openalex.org/W2966303142,['السياحية'],arab,0,article
ar,واقع وتحديات التسويق السياحي في الجزائر دراسة حالة ولاية مستغانم خلال افترة 2003-2015,2017,Revue Les Cahiers du POIDEX,حورية قبايلي,,https://openalex.org/W2762635680,['التسويق السياحي'],arab,0,article
ar,المؤهلات السیاحیة ودورها فی تفعیل السیاحة الدینیة (مدینة تبسة الجزائریة أنموذجا),2022,المجلة العربية لعلوم السياحة والضيافة والآثار,نوارة قرید,10.21608/kjao.2022.221843,https://openalex.org/W4221110255,"['التراث الثقافي', 'السياحة الدينية', 'الموروث الثقافي']",arab,0,article
ar,إدارة المجموعات بالمتحف المصري: الممارسات، القواعد التنظيمية، والسياسات,2024,Mağallaẗ Ǧamʿiyyaẗ Turāṯ Miṣr,محمد جمال راشد,10.21608/mgtm.2024.331616.1028,https://openalex.org/W4405671854,['المتحف'],arab,0,article
ar,الخدمات الفنية لتنظيم الحشود المقدمة للحجاج خلال موسم الحج,2023,مجلة العلوم الإقتصادية و الإدارية و القانونية,عبدالعزيز محمد شودري; منصور عطية المالكي; وسام وليد خورشيد; ياسر تاج شاولي,10.26389/ajsrp.a121022,https://openalex.org/W4391716586,['الحج'],arab,1,article
ar,واقع السوق السياحية في الجزائر,2021,,سليم بوخابية; محمد صايب,,https://openalex.org/W3121913355,['السياحية'],arab,0,article
ar,"الحضور الدرامي للأسطورة في نصوص «آمنة الربيع » مسرحية «روري» أنموذجا The Dramatic Presence of The Legend in The Texts of “Amna Al-Rabi”: “The Play of “Rori” As An Example""",2025,مجلة بحوث الشرق الأوسط,رانيا عبدالرؤوف يوسف فتح الباب; رانيا عبد الرؤوف فتح الباب,10.21608/mercj.2024.341817.1698,https://openalex.org/W4407612555,['التراث الثقافي'],arab,0,article
ar,"حماية المنشآت المعمارية من التخريب والهدم وصيانتها (منشآت صالح باي بالشرق الجزائري1771-1792م) نموذجا ""the protection of architectural establishments from devastation and destruction and their maintenance (establishments of Salah Bay In Eastern Algeria 1772-1792 AD) as a model. AD) as a model.",2016,حولية الاتحاد العام للآثاريين العرب دراسات فى آثار الوطن العربى,Tahri abdelhalim,10.21608/cguaa.2016.399132,https://openalex.org/W4405798069,['المعالم الأثرية'],arab,0,article
ar,الإسکندرية عند ابن جبير,2011,دورية کان التاريخية,فاتن محمد البنداري الشيخ,10.21608/kan.2011.102284,https://openalex.org/W4235197707,['صناعة السياحة'],arab,0,article
ar,استخدامات الصورة الصحفية في تعزيز الهوية الثقافية للملكة العربية السعودية: دراسة تحليلية لمحتوى الصور في حساب وزارة الثقافة على موقع أكس,2024,المجلة العربية لبحوث الاعلام والاتصال,أحمد علي الزهراني,10.21608/jkom.2024.395313,https://openalex.org/W4405163402,['التراث الثقافي'],arab,0,article
ar,لوحــــــة intf بالمتحف المصري رقم 20700,2024,الإنسانيات,د. نوال الصافي سعد إبراهيم,10.21608/ins.2024.377064,https://openalex.org/W4402089765,['المتحف'],arab,0,article
ar,اختلال التنفس الغازي وعلاقته بالاختناقات والإصابات المرضية في الحرم المكي أثناء الحج: دراسة حالة الحجيج السودانيين,2020,,محمد أحمد حاج علي الزبير,10.0001/sgj.v2i1.2662,https://openalex.org/W3207316247,['الحج'],arab,0,article
ar,مساهمة الاستثمار السياحي في تطوير مناطق التوسع السياحي بالجزائر,2015,مجلة دفاتر البحوث العلمية,إلهام يحياوي; ليلى بوحديد,10.37218/1426-000-006-022,https://openalex.org/W2998525007,['السياحي'],arab,1,article
ar,"دينار نادر للسلطان السلجوقي طغرلبك ""429-455 هـ. / 1038-1063"" في المتحف العراقي",2023,مجلة مركز بابل للدراسات الإنسانية,علي كاظم عباس الشيخ,10.33843/1152-013-001-001,https://openalex.org/W4411760498,['المتحف'],arab,0,article
ar,من التسويق المستدام إلى الرضا الأخضر: رؤى حول أدوار العلامات التجارية الخضراء في صناعة السياحة والضيافة السعودية,2024,مجلة کلية السياحة والفنادق - جامعة مدينة السادات,أبرار الحُميد,10.21608/mfth.2024.401060,https://openalex.org/W4405958474,"['السياحة الريفية', 'السياحة المستدامة', 'صناعة السياحة']",arab,0,article
ar,المشاکل المحاسبیة الناتجة عن تطبیق نظام التایم شیر فی مصر,2016,المجلة العلمية للدراسات التجارية والبيئية,"محسن محمد محمد, کريمة",10.21608/jces.2016.51739,https://openalex.org/W4214479600,['صناعة السياحة'],arab,0,article
ar,دور الحمض النووي الجنائي في موسم الحج والعمرة,2020,Security Policy Paper,Bandar AL-Hothali,10.26735/uahx6584,https://openalex.org/W3155988323,"['الحج', 'الحج والعمرة']",arab,0,article
ar,البعد التداولي في التراث العربي,2018,مجلة تنوير للدراسات الأدبية والأنسانية,عصام زيقم,,https://openalex.org/W2949622984,['التراث'],arab,0,article
ar,الاله ايون كرونوس في مصر الرومانية,2025,مجلة کلية السياحة والفنادق - جامعة مدينة السادات,سارة علي فتحي حمايل,10.21608/mfth.2025.423488,https://openalex.org/W4409863711,['المتحف'],arab,0,article
ar,"التراث الحضاري الإسلامي من خلال جداريات المتحف العمومي للفنون والتعابير الثقافية التقليدية (قصر الحاج أحمد باي قسنطينة):, دراسة سيميولوجية تاريخية لجداريات مدينة تونس 1818 م.",2022,مجلة المعيار,لطفي علي قشي; نور الإسلام غدار,10.46313/1707-026-002-054,https://openalex.org/W4411892030,['المتحف'],arab,0,article
ar,اتجاهات أفراد مجتمع الجبل الأخضر نحو تأهيل ذوي الإعاقة الذهنية في أحد المنتجعات السياحية,2024,Mağallaẗ Al-Maʿhad Al-ʿālī Lil Dirāsāt Al-Nawʿiyyaẗ /Mağallaẗ Al-Maʿhad Al-ʿālī Lil Dirāsāt Al-Nawʿiyyaẗ,صابر الشرقاوي; أ عبلة بنت خلف بن الريامية,10.21608/hiss.2024.274330.1312,https://openalex.org/W4394626196,['المنتجعات'],arab,0,article
ar,"دور التسويق السياحي في تحقيق التنمية السياحية المستدامة بالجزائر:, دراسة حالة حظيرة الطاسيلي بولاية إليزي",2019,مجلة جامعة الحسين بن طلال للبحوث,فاطمة لعلمى; رفيقة بن عيشوبة; مصطفي عوادي,10.36621/0397-005-990-012,https://openalex.org/W3092705229,"['التسويق السياحي', 'التنمية السياحية']",arab,0,article
ar,أساليب المحاسبة الإدارية و دورها في تحقيق الريادة في المؤسسات الفندقية,2015,مجلة جامعة القدس المفتوحة للأبحاث و الدراسات,هدي دياب أحمد صالح,10.12816/0016175,https://openalex.org/W2568793661,"['الضيافة', 'الفندقة']",arab,0,article
ar,السياحة الرياضية رافد لتنشيط السياحة الداخلية في الجزائر,2017,مجلة العلوم الإدارية والمالية,نجاة بن تركية,10.37644/1939-001-001-017,https://openalex.org/W2913722896,['السياحة'],arab,0,article
ar,مسار العلاقات الاقتصادية الإيرانية- الصينية المعاصرة وحدود مجالات التعاون 1979-2010 دراسة تاريخية,2014,DOAJ (DOAJ: Directory of Open Access Journals),محمد سالم احمد الكواز,,https://openalex.org/W2914438520,['طريق الحرير'],both,0,article
ar,صكوك السياحة كمقترح تمويلي لمشروعات قطاع السياحة في الجزائر,2017,مجلة المنتدى للدراسات والابحاث الاقتصادية,شرفي حنان,,https://openalex.org/W2910453691,['السياحة'],arab,0,article
ar,تطوير الصورة البصرية للحيزات الداخلية لمعارض الاثاث المصرية,2022,مجلة التراث والتصميم,حسام حسين عبد التواب; احمد کمال الدين رضوان; أشرف حسين,10.21608/jsos.2022.142025.1231,https://openalex.org/W4283772915,['الموروث الثقافي'],arab,0,article
ar,"الحج في المغرب والأندلس في العصر الوسيط:, الجدال حول استمرار فرضية الحج",2017,مجلة عصور الجديدة,محمد حقي,10.54240/2318-007-026-005,https://openalex.org/W2927473475,['الحج'],arab,0,article
ar,التراث الثقافي بمجال الرحامنة: قراءة في بعض مسارات التشكل,2026,,رشيد سلفوه,10.17613/gq6e4-z7318,https://openalex.org/W7165479233,"['التبادل الثقافي', 'التراث الثقافي', 'الموروث الثقافي']",arab,0,article
ar,قراءة سوسيو-اقتصادية لواقع السياحة في الجزائر,2020,مجلة قبس للدراسات الإنسانية والاجتماعية,حمزة بن الطاهر,,https://openalex.org/W3096524719,['السياحة'],arab,0,article
ar,رؤى مستقبلية في الأنثروبولوجيا التطبيقية بين تحديات التراث الغربي وفرص التراث العربي,2023,Maǧallaẗ Ǧāmiʿaẗ Miṣr Lil Dirāsāt Al-Insāniyyaẗ /Maǧallaẗ Ǧāmiʿaẗ Miṣr Lil Dirāsāt Al-Insāniyyaẗ,سلوى السيدعبدالقادر,10.21608/mjoms.2023.178352.1103,https://openalex.org/W4320884867,['التراث'],arab,0,article
ar,أثر استراتيجيات التسويق الرقمي في تعزيز جاذبية السياحة الثقافية والتراثية في المملكة العربية السعودية: دراسة ميدانية,2024,مجلة کلية السياحة والفنادق - جامعة مدينة السادات,أحمد بن عبد العزيز الشيحة,10.21608/mfth.2024.343520,https://openalex.org/W4392626425,['السياحة الثقافية'],arab,0,article
ar,ثقافة إعداد وتقديم القهوة السعودية - دراسة اثنوجرافية للتراث الثقافي اللامادي المتعلق بثقافة القهوة في المملكة العربية السعودية*,2024,المجلة العربية للعلوم الإنسانية والاجتماعية,د. يحيى بن تركي الخزرج; عبدالله بن عمر الزبيدي,10.59735/arabjhs.vi28.830,https://openalex.org/W4405389685,['الضيافة'],arab,0,article
ar,تقییم المواقع الالکترونیة للمتاحف المصریة وطرح موقع نموذجی لمتحف الإسکندریة القومی,2021,المجلة العلمیة لکلیة السیاحة و الفنادق جامعة الأسکندریة,رنا عبده; هبة محمود سعد; هبة مجدی خلیل,10.21608/thalexu.2021.90351.1064,https://openalex.org/W4206212094,['المتاحف'],arab,0,article
ar,الرحلة بين الأدبية والإثنوغرافية في الرحلات العربية السفارية نحو أوروبا خلال القرن التاسع عشر,2025,مجلة المعيار,إلهام سنانى,10.46313/1707-029-003-077,https://openalex.org/W4414961062,['الرحلات'],arab,0,article
ar,فرص الاستثمار السياحي في الجزائر : واقع وآفاق = Tourism Investment Opportunities in Algeria : Reality and Prospects,2018,مجلة الاجتهاد للدراسات القانونية والاقتصادية,محمد زايد,10.12816/0051537,https://openalex.org/W2917876149,['التنمية السياحية'],arab,0,article
ar,الآثار النصية: بين التناص والتوليد لخلق الوعي التاريخي,2022,المركز مجلة الدراسات العربية,Sarah R. bin Tyeer,10.1163/27728250-12340012,https://openalex.org/W4296637786,"['الآثار', 'التراث']",arab,9,article
ar,الترويج عبر الإعلان الإلكتروني للمقاصد السياحية العربية,2022,,منير طبي,10.34277/1457-010-004-011,https://openalex.org/W4411907032,['السياحية'],arab,0,article
ar,التنظيم القانوني للعقار السياحي في الجزائر,2013,Revue Algérienne des Sciences Juridiques et Politiques,مصطفاوي عايدة,,https://openalex.org/W2796307910,['السياحي'],arab,0,article
ar,حماية التراث الثقافي غير المادي في التشريع الجزائري,2022,مجلة جامعة الإسراء للعلوم الإنسانية,عائشة حمايدي,10.36529/1811-000-013-006,https://openalex.org/W4312669832,['التراث الثقافي'],arab,0,article
ar,رھانات الترجمة التحريرية في المتاحف الجزائرية - المتحف العمومي الوطني للفن والتاريخ لتلمسان دراسة تطبیقیة,2017,Dépôt Institutionnel de lUniversité de Tlemcen,وسيلة بن صاري,,https://openalex.org/W7135285317,"['المتاحف', 'المتحف']",arab,0,dissertation
ar,الاقتصاد البرتقالي ودوره في التنمية السياحية المستدامة: استراتيجية المحيط ا لأزرق كمتغير وسيط,2025,مجلة کلية السياحة والفنادق - جامعة مدينة السادات,محمود عبدالمنعم عبداللاه; أمامه سمير حلمي,10.21608/mfth.2025.433752,https://openalex.org/W4411821869,['التنمية السياحية'],arab,0,article
ar,السياحة الروحية و / أو إضفاء الروحانية على الثقافة,2021,Via Tourism Review,صلاح أومودن; خالد الزهراني,10.4000/viatourism.8037,https://openalex.org/W4206210846,['السياحة الدينية'],arab,0,article
ar,"توظيف مفهوم التكامل المعرفي لتنمية المهارات الإبداعية لمصمم الشخصيات الكرتونية من وحي التراث الثقافي العينة البحثية ""طالبات كلية الزهراء للبنات، مسقط، سلطنة عمان""",2023,مجلة العمارة والفنون والعلوم الإنسانية,تغريد عبد المجيد ابراهيم,10.21608/mjaf.2023.205137.3078,https://openalex.org/W4378574086,['التراث الثقافي'],arab,0,article
ar,خصائص وأداء القطاع السياحي العربي,2019,مجلة الاقتصاد الدولي والعولمة,بودية فاطمة,,https://openalex.org/W3097851678,['السياحي'],arab,0,article
ar,"الرحلات الجزائرية تاريخ وعلم وأدب:, أنفس الذخائر وأطيب المآثر للشيخ الطيب المهاجي أنموذجا",2019,مجلة عصور الجديدة,مختار بزاوية,10.54240/2318-009-003-013,https://openalex.org/W2990375939,['الرحلات'],arab,0,article
ar,"حکم شهادة غیر المسلمین أمام القضاء ""دراسة فقهیة مقارنة""",2019,مجلة کلية البنات الأزهرية بطيبة، جامعة الأزهر,عبدالله احمد,10.21608/jfga.2019.28125,https://openalex.org/W2918692800,['السفر'],arab,1,article
ar,إدارة وحفظ المجموعات الفخارية في متحف رأس الخيمة الوطني: دراسة حالة لمخزن الفخار وخطة التوثيق والحفظ,2025,Bulletin of the Center Papyrological Studies,إسماعيل دراز; محمد جمال رشاد; محمد إسماعيل,10.21608/bcps.2025.465499,https://openalex.org/W7105929658,"['المتاحف', 'المتحف']",arab,0,article
ar,أثر الرشاقة الاستراتيجية في تعزيز الميزة التنافسية بالمنتجعات الأربع نجوم بمصر,2024,مجلة کلية السياحة والفنادق - جامعة مدينة السادات,مصطفي سيد المغربي; عمر السطوحي; مروة جمال عبد الوهاب; جيهان نبيل أحمد,10.21608/mfth.2024.373615,https://openalex.org/W4401849898,['المنتجعات'],arab,0,article
ar,جودة المنتج وأثره علي التسويق السياحي بالتطبيق علي الهيئة العامة للسياحة في السعودية = Product Quality and Its Impact on Tourism Marketing,2020,مجلة رماح للبحوث والدراسات,إشراقة عوض فضل الله,10.12816/0058568,https://openalex.org/W4312438488,['التسويق السياحي'],arab,0,article
ar,"واقع السياحة البيئية في المجالات المحمية بالجزائر:, الحظيرة الوطنية بلزمة نموذجا",2020,مجلة الإحياء,مغشيش نور الهدى,10.35553/1699-020-027-042,https://openalex.org/W4248901048,['السياحة البيئية'],arab,0,article
ar,الآثار الاقتصادية للاستثمار في الأندية الرياضية,2025,مجلة حقوق دمياط للدراسات القانونية والاقتصادية,حسام عبد الرحمن عبد خليل,10.21608/mhdl.2025.368419.1161,https://openalex.org/W4409193965,['الآثار'],arab,0,article
ar,توظيف خريطة الباغوا في المنتجعات السياحية للصمت التأملي,2024,مجلة العمارة والفنون والعلوم الإنسانية,هبة ابراهيم سيد علي; هبه إبراهيم سيد علي; ماريه خالد جمال سليمان,10.21608/mjaf.2024.248813.3270,https://openalex.org/W4391279934,"['السياحية', 'المنتجعات']",both,0,article
ar,آثار الإرهاب على متحف ملوى جنوبى محافظة المنیا,2019,المجلة العلمية بکلية الآداب,عبد الحمید سعد عزب,10.21608/jartf.2019.122004,https://openalex.org/W3103787884,['المتحف'],arab,0,article
ar,تسهیل التعرف على المقتنیات المتحفیة للمعاقین بصریا: مشروع قابل للتطبیق فی متحف الفن الإسلامی بالقاهرة,2021,مجلة العمارة والفنون والعلوم الإنسانية,احمد محمد محمد عبد الرازق,10.21608/mjaf.2020.46902.2016,https://openalex.org/W3119400113,"['المتاحف', 'المتحف']",arab,1,article
ar,تطبیقات تقنیات المعلومات والعنکبوتیة العالمیة فی المتاحف الافتراضیة العربیة ودورها فی إتاحة المعلومات المتحفیة؛ دراسة میدانیة,2015,بحوث في علم المکتبات والمعلومات,محمود شریف زکریا,10.21608/sjrc.2015.82717,https://openalex.org/W3018201631,['المتاحف'],arab,0,article
ar,"واقع وتحديات الاستثمار السياحي في الجزائر:, ولاية مستغانم - نموذجا",2014,المجلة الجزائرية للعولمة و السياسات الاقتصادية,رقية ملاحي,10.54245/2210-000-005-006,https://openalex.org/W4412143121,['السياحي'],arab,0,article
ar,كيف تؤدي أماكن العمل السامة إلى تفاقم الإرهاق العاطفي والإضرار بالإنتاجية في مؤسسات الضيافة والسياحة,2025,مجلة کلية السياحة والفنادق - جامعة مدينة السادات,طارق جلال صقر; فتحى المحجوب حمام; شيماء شبانة سعد على البنا; أمنية طارق سلام,10.21608/mfth.2025.437402,https://openalex.org/W4412359874,['الضيافة'],arab,0,article
ar,تأثیر النقل بالسکک الحدیدیة على المنتج السیاحی: دراسة حالة على القطاع السیاحی المصری,2020,المجلة الدولية للتراث والسياحة والضيافة,محمد منصور جابر; هناء عبد القادر فاید; مروة صلاح قاعود,10.21608/jihtha.2020.99553,https://openalex.org/W3040887947,['السائحين'],arab,0,article
ar,لنتخيل بدائل فلسطين المحلانية: الاستعمار الاستيطاني وسياسة المتحف,2021,عمران للعلوم الإجتماعية و الإنسانية,ليلى أبو لغد,10.31430/qozq2053,https://openalex.org/W3216411718,"['المتاحف', 'المتحف']",arab,0,article
ar,"دمج الفن والابتكار الصناعي في تصميم المنتجات المعدنية ""دراسة تحليلية""",2025,مجلة العلوم التربوية و الدراسات الإنسانية,علياء عبدالعزيز عبدالله الفدا,10.55074/hesj.vi49.1554,https://openalex.org/W4414718436,['الموروث الثقافي'],arab,0,article
ar,المغرب في استيهام الرحلات الاستشراقية الفرنسية : رحلة جوليان فيو انموذجا,2016,مجلة دراسات استشراقية,أنس الصنهاجي,10.35518/1401-000-009-001,https://openalex.org/W2971897652,['الرحلات'],arab,0,article
ar,آليات إرساء دعائم السياحة البيئية المستدامة في الجزائر على ضوء التجربة الإماراتية,2022,مجلة البشائر الاقتصادية,حنان سعيدي سياف,10.33704/1748-008-003-019,https://openalex.org/W4411763066,['السياحة البيئية'],arab,0,article
ar,الاستثمار الصيني فى أفغانستان (الفرص – التحديات) فى ضوء المشارکة الجيوستراتيجية,2023,المجلة العلمية للبحوث والدراسات التجارية,أحمد جمعة عبد الغني حسن,10.21608/sjrbs.2023.148667.1335,https://openalex.org/W4386578594,['مبادرة الحزام والطريق'],both,0,article
ar,بطاقة تعريفية بمخبر التراث الثقافي واللغوي والأدبي بالجنوب الجزائري,2016,,سرقمة عاشور,,https://openalex.org/W2797973826,['التراث الثقافي'],arab,0,article
ar,الآثار الاقتصادیة للتمویل العقاري,2025,مجلة حقوق دمياط للدراسات القانونية والاقتصادية,محمد على عزمي محمد محمد,10.21608/mhdl.2025.307289.1113,https://openalex.org/W4408626215,['الآثار'],arab,0,article
ar,أثر تحرير سعر الصرف على اقتصاديات صناعة السياحة والفنادق في مصر,2018,"International Journal of Heritage, Tourism, and Hospitality",Mohammad Sayed Said Soliman; Mohammed Shedeed,,https://openalex.org/W2944586721,['صناعة السياحة'],arab,0,article
ar,التفاعل الثقافي والحضاري بين المملكة العربية السعودية وجمهورية الصين الشعبية (الخط العربي على طريق الحرير),2025,Al-Mağallaẗ Al-ʿarabiyyaẗ lil Ādāb wa Al-Dirāsāẗ Al-Insāniyyat,أسامة بن عبد الله القحطاني,10.21608/ajahs.2025.418551,https://openalex.org/W4409179841,"['التبادل الثقافي', 'طريق الحرير']",both,0,article
ar,السياحة الثقافية ودورها في تحقيق جذب سياحي للمدن الامبريالية المغربية: مدينة مراكش نموذجا,2021,مجلة التمكين الاجتماعي,Mustapha QAMMOURI,10.34118/sej.v3i1.1413,https://openalex.org/W4285478497,['السياحة الثقافية'],arab,0,article
ar,أرشیف التراث المسرحی : دراسة تقییمیة,2016,المجلة المصرية لعلوم المعلومات,مروة عصام,10.21608/jesi.2016.57982,https://openalex.org/W2990420736,['التراث'],arab,0,article
ar,تشخيص واقع السوق السياحي الجزائري,2019,Economic Studies,بلقاضي اسيا,,https://openalex.org/W2937054408,['السياحي'],arab,0,article
ar,أثر الجمود التنظيمي على الأداء التنظيمي في الفنادق ووكالات السفر: الدور المعدل للرشاقة التنظيمية,2024,مجلة کلية السياحة والفنادق - جامعة مدينة السادات,جمال إبراهيم; يحيى شحاته الزق; هيثم عبدالرازق الصوالحي,10.21608/mfth.2024.357599,https://openalex.org/W4399289579,"['السفر', 'صناعة السياحة']",arab,0,article
ar,مآذن المسجد الحرام حتى نهاية العصر العثماني,2022,International Journal on Humanities and Social Sciences,منصور مرزوق محمد الدعجاني,10.33193/ijohss.31.2022.379,https://openalex.org/W4220670309,['العمرة'],arab,0,article
ar,"معايير السلوك لقيمة الكرم في مشاهد الضيافة العربية:, دراسة في الشعر الجاهلي",2019,حولية المنتدى للدراسات الإنسانية,نجاح مهدي علوان,10.35519/0828-012-998-007,https://openalex.org/W3093447554,['الضيافة'],arab,0,article
ar,المقاولاتية السياحية كمدخل لتنمية الصناعة السياحية في الجزائر,2018,مجلة دراسات في الاقتصاد وإدارة الأعمال,عبد المالك مهري,,https://openalex.org/W3095894449,['السياحية'],arab,0,article
ar,تعاقـــدات شركــــات السیــــاحة الإلكترونیــــة فى ظـل سیــطرة تكنـــولــوجیا العـــالم الافتـــراضى ( دراســـة تحلیلیـــة على الســـوق السیـــاحى),2022,المجلة العلمیة لکلیة السیاحة و الفنادق جامعة الأسکندریة,أمانى عادل خیرى منصور; عبیر احمد عطیه; إیتن نیبل الروبى,10.21608/thalexu.2022.166958.1089,https://openalex.org/W4315650018,['السائح'],arab,0,article
ar,"السياحة الداخلية في الجزائر:, واقع وأفاق",2017,مجلة حقوق الإنسان والحريات العامة,محمد عثماني,10.54192/2254-000-004-009,https://openalex.org/W2914720518,['السياحة'],arab,0,article
ar,أثر تطویر جودة خدمات الضیافة الجویة على رضاء العملاء,2019,مجلة کلية السياحة والفنادق جامعة المنصورة,شیماء فارس خلیل إبراهیم; شیماء أبو خنجر محمد; منى فاروق حجاج,10.21608/mkaf.2019.107083,https://openalex.org/W3070091564,['الضيافة'],arab,0,article
ar,دور المؤسسات التراثية في التنمية السياحية في دبي خلال الفترة من 1971 إلى 2020,2023,وقائع تاريخية,سيف محمد عبيد المسافري; محمد ابوشوق,10.21608/hev.2022.144343.1122,https://openalex.org/W4378554708,['التنمية السياحية'],arab,0,article
ar,اتجاهات السعوديين نحو السياحة الخارجية لإمارة دبي- دراسة في جغرافية السياحة -,2019,مجلة العلوم الإنسانية و الإجتماعية,مشاعل فهد الحارثي,10.26389/ajsrp.m160119,https://openalex.org/W3215929828,"['التنمية السياحية', 'السائح', 'السفر', 'السياحة']",arab,3,article
ar,"تحليل العلاقة بين الاستثمار السياحي والدخل السياحي في الجزائر خلال الفترة ""1987-2018"" باستخدام اختباري السببية والتكامل المشترك",2020,مجلة مجاميع المعرفة,سيد أحمد بن ناصر; الجيلالي بوظراف,10.37166/2058-006-002-013,https://openalex.org/W4412117659,['السياحي'],arab,0,article
ar,دراسة السلوك الشرائى للسائح الإلكترونى بالتطبیق على المقصد السیاحى المصرى,2020,مجلة کلية السياحة والفنادق جامعة المنصورة,سمر محمد محمود سلامة,10.21608/mkaf.2020.260666,https://openalex.org/W4297921517,['السائح'],arab,0,article
ar,"المناظر التصويرية على بطاقات اللعب المصنوعة من العاج بمدينة حيدر آباد خلال القرن 13هـ/19م "" في ضوء مجموعة محفوظة في المتحف الوطنى بدلهى""",2020,Maǧallaẗ Kulliyyaẗ Al-Aṯār Bi-Qinā - Ǧāmiʿāt Ǧānūb Al-Wādi,نوال جابر,10.21608/mkaq.2020.158311,https://openalex.org/W3138646354,['المتحف'],arab,0,article
ar,مجلة حوليات التراث العدد 21,2021,DOAJ (DOAJ: Directory of Open Access Journals),د. محمد عباسة,,https://openalex.org/W7211033406,['التراث'],arab,0,article
ar,الأضرحة والمزارات في الجزائر العثمانية من خلال كتب الرحلات المغربية,2015,مجلة العلوم الإنسانية والاجتماعية,صالح بوسليم; عمر ابن قايد,10.35156/1173-000-021-020,https://openalex.org/W2943893427,['الرحلات'],arab,0,article
ar,حياة عائشة عبد الرحمن و بانو قدسية ( دراسة مقارنة) The lives of Aisha Abdul Rahman and Bano Qudsia (a comparative study),2024,مجــلة کلیة اللغة العربیة بأســیوط,رافعة بي بي,10.21608/jfla.2024.299765.1382,https://openalex.org/W4401849889,['الضيافة'],arab,0,article
ar,التراث والثقافة الشعبية الجزائرية: القرية أنموذجا,2017,مجلة آفاق للعلوم,ورنيقى الشايب,10.37167/1677-000-008-011,https://openalex.org/W2767016049,['التراث'],arab,0,article
ar,"السيف اليمني القديم "" دراسة تطبيقية لنماذج من القطع الأثرية المعروضة ضمن مقتنيات المتاحف اليمنية """,2023,مجلة جامعة صنعاء للعلوم الإنسانية,ماهر عبد الله دبوان الوجيه,10.59628/jhs.v2i2.139,https://openalex.org/W4377991941,['المتاحف'],arab,0,article
ar,تقییم فرص استثمار الأنشطة السیاحیة الریاضیة بجمهوریة مصر العربیة,2015,المجلة العلمية للتربية البدنية والرياضة,حمدینو عمر السید حامد محمد السید السید مطر,10.21608/jphalex.2015.82408,https://openalex.org/W3017960096,['السائحين'],arab,0,article
ar,أثر جودة الموقع الإلکترونی لشرکات الحج والعمرة فی تحسین رضا المعتمرین,2022,مجلة کلية السياحة والفنادق - جامعة مدينة السادات,سهام ابو طالب,10.21608/mfth.2022.252468,https://openalex.org/W4290017214,"['الحج', 'الحج والعمرة']",arab,0,article
ar,مساهمة الترجمة في التعريف بالموروث الثقافي اللهجة الأمازيغية( بني سنوس) انمودجا,2018,Dépôt Institutionnel de lUniversité de Tlemcen,محمد الأمين مزوار,,https://openalex.org/W7135343735,"['التراث الثقافي', 'السياحة الثقافية', 'الموروث الثقافي']",arab,0,dissertation
ar,أثر الحج في العلاقات السعودية - الإيرانية 1979 - 1990,2016,,يوسف سامي فرحان حسين الدليمي,10.33193/1889-000-006-008,https://openalex.org/W2993187384,['الحج'],arab,0,article
ar,إسهامات البنية التحتية في تحقيق التنمية السياحية المستدامة في الجزائر,2024,مجلة معهد العلوم الاقتصادية,سمير جبيل; نسيمة لخضاري,10.54244/1902-027-001-003,https://openalex.org/W4412179282,['التنمية السياحية'],arab,0,article
ar,إعادة إحياء وكالة قايتباى و تحويلها إلى فندق تراثى مع مراعاة جودة البيئة الداخلية فى التصميم المقترح,2023,مجلة العمارة والفنون والعلوم الإنسانية,آيات عبد الله فواز سلطان,10.21608/mjaf.2023.200549.3064,https://openalex.org/W4378574130,['السائحين'],arab,0,article
ar,تصميم واقع افتراضي للبيئة السعودية لتنمية السياحة المستدامة,2023,,رشا عبدالله سلطان الشهري,10.57194/2351-003-001-007,https://openalex.org/W4407716917,['السياحة المستدامة'],arab,0,article
ar,دور السياحة الزراعية في التنمية الاقتصادية,2023,Mağallaẗ Al-Buḥūṯ wa Al-Dirāsāt Al-Ifrīqiyyaẗ wa Duwal Ḥūḍ Al-Nīl/Mağallaẗ Al-Buḥūṯ wa Al-Dirāsāt Al-Ifrīqiyyaẗ wa Duwal Ḥūḍ Al-Nīl,حسين حسن على آدم,10.21608/mbddn.2023.217605.1055,https://openalex.org/W4385846481,"['السياحة', 'السياحة المستدامة', 'صناعة السياحة']",arab,0,article
ar,الآثار والدين والسياسة: جنوبي بلاد الشام أنموذجا.,2021,المجلة العربية للعلوم الإنسانية.,زيدان كفافي,10.34120/ajh.v39i156.2903,https://openalex.org/W4399866529,['الآثار'],arab,0,article
ar,التراث العلمي العثماني,2021,مؤسسة الفرقان للتراث الإسلامي eBooks,أكمل الدين إحسان أوغلى,10.56656/101211,https://openalex.org/W4312767604,['التراث'],arab,0,reference-entry
ar,- المعالم الأثرية في نقادة حتى عصر الدولة القديمة,2026,Mağallaẗ Kulliyyaẗ Al-Adāb Ǧāmiʿaẗ Aswan,أحمد محمد محمود الصادق; شکري حسين علي القنتيرى,10.21608/mkasu.2026.490811.1685,https://openalex.org/W7171310434,['المعالم الأثرية'],arab,0,article
ar,اتجاهات الشباب الجامعي السعودي حــول دور الاتصال السياحي في تحقيق أهداف التنمية السياحية في المملكة العربية السعوديةSaudi university students' attitudes towards the role of tourism communication in achieving tourism development goals in the Kingdom of Saudi Arabia,2026,Mağallaẗ Al-Buḥūṯ Al-Tarbawiyyaẗ wa Al-Nawʿiyyaẗ,عبدالله القحطاني,10.21608/jeor.2026.502450,https://openalex.org/W7160758768,['التنمية السياحية'],arab,0,article
ar,أخلاقيات أعمال الصناعة السياحية والفندقية –حالة الجزائر-,2019,المقريزي للدراسـات الاقتصادية والمـالية,تلي محمد إسلام; طيبي رتيبة,,https://openalex.org/W3110016819,['السياحية'],arab,0,article
ar,دور رسوم الانفوجرافيك التي تقدمها وزارة الصحة السعودية في التوعية لمخاطر فايروس كورونا (دراسة ميدانية على أساتذة الجامعات السعودية),2021,Al-Mağallah Al-Dawliyyaẗ li Buḥūṯ Al-Iʿlām wa Al-Itiṣālāt,أم هانئ ابوصباح الشيخ الطيب,10.21608/ijmcr.2021.203929,https://openalex.org/W4210311749,['الحج والعمرة'],both,0,article
ar,تقسيمات الجملة العربية بين التراث والمعاصرة,2022,مجلة المعيار,صفية سلطان; عبدالرؤوف عباس,10.54191/2320-013-002-014,https://openalex.org/W4411764751,['التراث'],arab,0,article
ar,المتاحف الإقليمية ودورها في تعزيز الهوية الثقافية لذوي الإعاقة البصرية في المملكة العربية السعودية,2025,"Journal of Arts, Literature, Humanities and Social Sciences",غادة عبد الوهاب عبد الله علي; أ.د تبرة جميل طه خصيفان,10.33193/jalhss.121.2025.1452,https://openalex.org/W4411516484,['المتاحف'],arab,0,article
ar,الخدمات اللوجستية في الشركات السياحية وآثارها على رضاء العملاء,2025,مجلة کلية السياحة والفنادق جامعة المنصورة,بسمة محمود علي على; ريهام ممدوح عبد المقصود; نادية حسين ماهر,10.21608/mkaf.2025.441576,https://openalex.org/W4412580007,"['السياحية', 'صناعة السياحة']",arab,0,article
ar,تصميم وتحليل إعلانات مبتكرة على وسائل التواصل الاجتماعي للتعريف بالمتحف المصري الجديد,2024,Al-Maǧallah Al-ʿarabiyyaẗ Al-Dawliyyaẗ Lil Fan wa Al-Taṣmīm Al-Raqamī,نهلة علي,10.21608/iajadd.2024.255431.1086,https://openalex.org/W4395697623,"['المتاحف', 'المتحف']",arab,0,article
ar,التکعبیة الترکیبیة فى تکوینات مستوحاه من المعالم الاثریة للمصریین القدماء رؤیة معاصرة من خلال مجالى ( الرسم والتصویر - وطباعة المنسوجات ),2021,مجلة العمارة والفنون والعلوم الإنسانية,لیالى عبادة; امیرة یسرى,10.21608/mjaf.2021.65718.2241,https://openalex.org/W3166959653,['المعالم الأثرية'],arab,0,article
ar,فقه الحج,2025,Zenodo (CERN European Organization for Nuclear Research),Rasheed S. Al-Jarrah,10.5281/zenodo.18433322,https://openalex.org/W7126258398,['الحج'],arab,0,book
ar,تقييم السلامة الميكروبية لماء الشرب وخلوها من الأميبا الطفيلية في موسم الحج,2010,,خديجة يوسف الغالي,,https://openalex.org/W3022354679,['الحج'],arab,0,article
ar,تأثير أسلوب الإنتاج الحربي على نوع الهدايا السلطانية في المغرب والأندلس خلال العصر الوسيط,2025,دورية کان التاريخية,سماعيلي رشيد,10.21608/kan.2025.453507,https://openalex.org/W4414294320,['التبادل الثقافي'],arab,0,article
ar,تأثير تطور العلاقات الصينية الإيرانية على المنطقة العربية,2024,Al-Amn Al-Qawmī wa Al-Istirātīğiyyaẗ/Al-Amn Al-Qawmī wa Al-Istirātīğiyyaẗ,مرفت زكريا,10.21608/nsas.2024.337108,https://openalex.org/W4391278420,['مبادرة الحزام والطريق'],both,0,article
ar,تأثیر الظروف الاقتصادیة والاجتماعیة فی العراق على مهنة الارشاد السیاحی فی محافظة كربلاء,2022,مجلة کلية السياحة والفنادق جامعة المنصورة,حقی إسماعیل غافل جلاد; منى عز علی; سارة علی حمایل,10.21608/mkaf.2022.284782,https://openalex.org/W4320910370,['صناعة السياحة'],arab,0,article
ar,فاعلية البرامج الاتصالية الرقمية لوزارة الحج والعمرة ودورها في تعزيز الصورة الذهنية لمساهمة قطاع الحج والعمرة في ضوء رؤية 2030,2023,بحوث عربية فى مجالات التربية النوعية,أ.د دعـــــــــــاء سالـــــم; أ.م.د خلود عبد الله ملياني; د. بنـــــــــــــــدر الجعيـــــد,10.21608/raes.2023.300563,https://openalex.org/W4378574038,"['الحج', 'الحج والعمرة']",arab,0,article
ar,دور المتحف المتنقل في تعزيز الهوية الوطنية والتعريف بالمملكة العربية السعودية,2023,مجلة العلوم الإنسانية و الإجتماعية,نهى سعيد نقيطي; مروج حاتم قربان,10.26389/ajsrp.h120323,https://openalex.org/W4385420089,"['المتاحف', 'المتحف']",arab,0,article
ar,زخارف الأقمشة المصورة على كرسي العرش القبطي والبيزنطي,2025,مجلة کلية الآثار جامعة القاهرة,ممدوح القرضاوي,10.21608/jarch.2026.474952,https://openalex.org/W7117475348,['المتاحف'],arab,0,article
ar,دور مكتبة مصر العامة فى نشر الوعي السياحي بمحافظة الاقصر: دراسة حالة,2022,المجلة الدولية لعلوم المكتبات و المعلومات,Manal Gharib Yassin Al-Masry al-masry,10.21608/ijlis.2022.166095.1159,https://openalex.org/W4310823920,"['السائح', 'السياحة الثقافية', 'صناعة السياحة']",arab,0,article
ar,أثر استخدام استراتیجیة التمثیل الدرامی فی تنمیة الوعی السیاحی لدى طلاب المرحلة المتوسطة,2018,مجلة البحوث الإعلامیة,السید عزت,10.21608/jsb.2018.43684,https://openalex.org/W2969236932,['السياحة الثقافية'],arab,0,article
ar,فاعلية المتحف الافتراضي في تعليم الدراسات الاجتماعية على تنمية مهارات التخيل التاريخي لدى تلميذات المرحلة الابتدائية,2025,Academic Journal of Research and Scientific Publishing,باحثة ماجستير، قسم المناهج والتدريس، كلية التربية، جامعة جدة، المملكة العربية السعودية; الباحثة/ خلود الغامدي; أ.د. حنان نجم الدين; أستاذ المناهج وطرق تدريس الدراسات الاجتماعية، كلية التربية، جامعة جدة، المملكة العربية السعودية,10.52132/ajrsp/v7.77.2,https://openalex.org/W4414048342,['المتحف'],arab,0,article
ar,المنظور الاستراتيجي لإنعاش قطاع السياحية في الجزائر,2012,Revue Les Cahiers du POIDEX,Rachid Youcefi; Bouadellah Oueddane,,https://openalex.org/W2963404594,['السياحية'],arab,0,article
ar,المخطوطات الجزائرية بين جدلية الرقمنة وحفظ التراث الثقافي,2024,مجلة دفاتر المخبر,شهرزاد شلبي,10.37136/1995-019-001-007,https://openalex.org/W4412113355,['التراث الثقافي'],arab,0,article
ar,التنمية السياحية المستدامة في الجزائر وتونس بين التحديات والمساعي,2024,مجلة الحقوق والحريات,مغنية داودي,10.37136/1998-012-002-004,https://openalex.org/W4412113059,"['التنمية السياحية', 'السياحية']",arab,0,article
ar,القدود الحلبية على لائحة التراث الثقافي اللامادي، دراسة تاريخية وتحليلية,2024,Jordan Journal of the Arts,نهيل سلوم,10.47016/16.4.1,https://openalex.org/W4392324976,['التراث الثقافي'],arab,0,article
ar,ترجمة المعلومات في المتاحف الجزائرية - المتحف الوطني للآثار الإسلامية لولاية تلمسان أنموذ جا,2025,Dépôt Institutionnel de lUniversité de Tlemcen,بشرى بوكليخة; مهدي نصر الدين عراب صباح,,https://openalex.org/W7135265614,"['التراث الثقافي', 'المتاحف', 'المتحف']",arab,0,dissertation
ar,الواح فخارية غير منشورة من المتحف العراقي,2021,Arab Scientific Heritage Journal,زيار صديق رمضان,10.54721/jrashc.1.48.654,https://openalex.org/W4213414323,['المتحف'],arab,0,article
ar,تقويم محتوى مقرر الحديث للمرحلة الثانوية في ضوء القضايا المعاصرة,2022,Maǧallaẗ Kulliyyaẗ Al-Tarbiyyaẗ Bil-Manṣūraẗ,تهاني بنت ناصر البرادي; عبد الرحمن بن عبد العزيز أبوالحاج,10.21608/maed.2022.285552,https://openalex.org/W4320910051,['التراث الثقافي'],arab,1,article
ar,المخاطر البشرية وأثرها على متاحف التراث الثقافي,2025,مجلة کلية الآثار جامعة القاهرة,هند شرف الدين; حمدي عبد المنعم; محمد مصطفى,10.21608/jarch.2025.403044,https://openalex.org/W4406273709,"['التراث الثقافي', 'المتاحف', 'المتحف']",arab,0,article
ar,دور الفرص السياحية في دعم السياحة المستدامة بالمدن العربية: دراسة حالة المفرق (الأردن). (احاول كثيرا ادخال العنوان لكن يظهر انه هناك اخطاء),2026,Al-Mağallah Al-ʿilmiyyaẗ Li Kulliyyaẗ Al-Adāb - Ǧāmiʿaẗ Asyūṭ/Al-Mağallah Al-ʿilmiyyaẗ Li Kulliyyaẗ Al-Adāb - Ǧāmiʿaẗ Asyūṭ ,محمود عبدالله الحبيس,10.21608/aakj.2026.466344.2347,https://openalex.org/W7159581776,"['التنمية السياحية', 'السياحة المستدامة']",arab,0,article
ar,"الاتصال السياحي الديني في الجزائر:, الزاوية التجانية",2019,,عبدالقادر علال,10.35918/1064-009-002-003,https://openalex.org/W2995000779,['السياحي'],arab,0,article
ar,وثيقة بيع وشراء ثلاث إماء مدونة,2025,Athīrat Journal of Ancient Arabia,أحمد فقعس,10.1163/30504880-12340004,https://openalex.org/W4407972336,['المتحف'],arab,0,article
ar,أثر الاستثمار السياحي علي النمو الاقتصادي في الجزائر,2017,مجلة العلوم الانسانية,عبدالرحمان عبدالقادر; محمد مدياني,10.37136/1003-000-048-125,https://openalex.org/W2997988202,['السياحي'],arab,1,article
ar,دور النقل الجوى فى التنمية السياحية بالإقليم الشمالى الغربى لمصر دراسة جغرافية باستخدام الذكاء الاصطناعى الجغرافى,2026,Maǧallaẗ Kulliyyaẗ Al-Adāb bi Al-Wadī Al-Ǧadīd/Maǧallaẗ Kulliyyaẗ Al-Adāb bi Al-Wadī Al-Ǧadīd,محمد حسن السيد محمد عرفة; سماح عبد القادر عجلان,10.21608/mkwn.2026.486170.1760,https://openalex.org/W7161760689,['التنمية السياحية'],arab,0,article
ar,المحتوى الدینی عبر التطبیقات الذکیة : دراسة میدانیة وتحلیلیة,2018,المجلة العربية لبحوث الاعلام والاتصال,مها عبد المجید صلاح عطیه,10.21608/jkom.2018.108399,https://openalex.org/W3082541475,['الحج والعمرة'],arab,0,article
ar,الصين والصعود نحو مكانة القطب العالمي,2024,المجلة العلمية للبحوث والدراسات التجارية,محمد عبيد,10.21608/sjrbs.2024.301610.1721,https://openalex.org/W4405672781,['مبادرة الحزام والطريق'],both,0,article
ar,الطائرات الهيدروجينية كوسيلة آمنة لتجربة السفر المستدام: بالتركيز على نظرية الإدراك-التوقع,2024,مجلة کلية السياحة والفنادق جامعة المنصورة,تقوى محمد عيسوى; تامر عبد الرازق يوسف صالح,10.21608/mkaf.2024.274300.1043,https://openalex.org/W4400623039,['السفر'],arab,0,article
ar,إمارة الحج في عهد الخليفة هارون الرشيد (170-193هـ/ 786- 808م),2022,Journal of Tikrit University for Humanities,Wijdan Fareeq Enad,10.25130/jtuh.29.8.1.2022.07,https://openalex.org/W4313157897,['الحج'],arab,0,article
ar,استنساخ بعض القطع الملبسية المصرية الآثرية لتدعيم السياحة,2023,Ḥiwār Ǧanūb Ǧanūb,يارا أحمد ممتاز; ياسمين أحمد محمود الكحكي; اسماء علي احمد; سعد حسن محي الدين,10.21608/hgg.2023.344795,https://openalex.org/W4392614529,"['السياحة', 'المتاحف']",arab,0,article
ar,دور تبني المنشآت السياحية والفندقية للممارسات البيئية في توجيه السلوكيات الإقتصادية للعملاء المحتملين بالتطبيق على واحة سيوة,2020,Journal of Environmental Studies and Researches,هشام إبراهيم; محمد عزازى; أسماء الأسرج,10.21608/jesr.2020.287021,https://openalex.org/W4322752643,['السائحين'],arab,0,article
ar,"التصميم العاطفي وترسيخ التراث الثقافي اللامادي:, القهوة السعودية بين التجربة الحسية والتجربة الفراغية",2024,,دنيا محمد رشاد بالطيب; ولاء عبدالكريم محمد; مصطفى جعفر صباغ; رئيف بن البشير مالك,10.57194/2351-004-003-005,https://openalex.org/W4404600639,['التراث الثقافي'],arab,0,article
ar,تصور مقترح لتضمين كتب العلوم للصفوف الأولية مفهوم السياحة البيئية في المملكة العربية السعودية,2017,عالم التربية,نورة دخيل الله غازي العتيبي,10.12816/0041638,https://openalex.org/W2800466474,['السياحة البيئية'],arab,0,article
ar,الآليات القانونية المعتمدة لتحقيق الاستثمار السياحي في الجزائر,2020,مجلة القانون والمجتمع,نصيرة غزالى; شوقي نذير,10.35780/1937-008-002-012,https://openalex.org/W3111820538,['السياحي'],arab,0,article
ar,الظلم التوزيعي والارتباط الوظيفي في وكالات السفر والفنادق: الدور المعدل للثقة في القيادة,2024,مجلة کلية السياحة والفنادق - جامعة مدينة السادات,هويدا احمد محمود; أميرة حسن حسن; ساره عاطف وهبه; آية أحمد عبد المجيد,10.21608/mfth.2024.345788,https://openalex.org/W4393154686,"['السفر', 'الضيافة']",arab,0,article
ar,"دار شبان حصن الجؤة ومصنعتها ""مديرية الصلو - محافظة تعز"" دراسة أثرية معمارية تحليلية",2021,The artist,Sami Sharaf Mohammed Ghaleb Al-Shehab,,https://openalex.org/W3212938931,['المعالم الأثرية'],arab,0,article
ar,Impact of Tourist's Willingness and Tourists’ Satisfaction of Digital Transformation on Tourism Makers and Tourism Performance,2024,المجلة العلمية للدراسات التجارية والبيئية,Nesreen Samir Youssef; Mohamad Naufal Mohamad Saad,10.21608/jces.2024.362034,https://openalex.org/W4400044401,['السائحين'],arab,0,article
ar,التسويق السياحي وسبل تفعيله لدعم وتنمية القطاع السياحي في الجزائر,2017,khazzartech الاقتصاد الصناعي,عبد الحفيظ مسكين; عبد الرزاق براهيمي,,https://openalex.org/W2944349877,"['التسويق السياحي', 'السياحي']",arab,0,article
ar,أمن المنشآت الفندقية : آلية لتطوير الاستثمار السياحي في الجزائر,2020,مجلة الندوة للدراسات القانونية,بن عياد ، جليلة; عميش ، وهيبة,10.12816/0056990,https://openalex.org/W3212710084,['السياحي'],arab,0,article
ar,الترويج السياحي والإعلام السياحي في الجزائر,2018,مجلة العلوم القانونية والاجتماعية,إيمان كحيط,10.53419/2259-000-009-027,https://openalex.org/W4233367413,['السياحي'],arab,0,article
ar,إستراتيجية التنمية السياحية المستدامة: دراسة مقارنة بين المغرب والجزائر,2020,الحوار الفكري,شهيناز صبيحي,,https://openalex.org/W3096270853,"['التنمية السياحية', 'السياحية']",arab,0,article
ar,صورة الأندلسيين الموريسكيين في الرحلات الأندلسية رحلة الوزير في افتكاك الأسير أنموذجا,2024,Dirasat Human and Social Sciences,Khaled Suleiman Audeh Al-Khalafat,10.35516/hum.v51i6.5526,https://openalex.org/W4412004409,['الرحلات'],arab,0,article
ar,السياحة عامل لتطوير التنمية المستدامة - حالة الجزائر,2014,Dépôt Institutionnel de lUniversité de Tlemcen,Boumedienne Kechkouch,,https://openalex.org/W7135347677,"['السياحة', 'السياحة المستدامة']",arab,0,dissertation
ar,هل يسهم المتحف الوطني السعودي في تنمية السياحة الثقافية؟ تحليل لتصورات الزوار المحليين,2025,Ansaq journal,ياسر هاشم عماد الهياجي,10.29117/ansaq.2025.0221,https://openalex.org/W4411977539,"['السياحة الثقافية', 'المتاحف', 'المتحف']",arab,0,article
ar,التنمية السياحية الصحراوية في الجزائر بين الواقع – التحديات- والآفاق,2017,,تغليسية لمين; بوغازي إسماعيل,,https://openalex.org/W3127626817,"['التنمية السياحية', 'السياحية']",arab,0,article
ar,السياحة البيئية كاستراتيجية لتحقيق التنمية المستدامة (عرض تجارب بعض الدول العربية(,2021,,فوزية لاكسي,,https://openalex.org/W3157615867,['السياحة البيئية'],arab,0,article
ar,أثر السرد القصصي التفاعلي في تعزيز تجربة الجمهور في المتاحف (دراسة حالة معرض توت عنخ آمون الغامر في المتحف المصري الكبير),2024,مجلة التراث والتصميم,نرمين السيد علي عبد الحليم; عمرو محمد أنور محمد جاد,10.21608/jsos.2024.314885.1623,https://openalex.org/W4403068067,"['المتاحف', 'المتحف']",arab,0,article
ar,أثر التحول الرقمي على جودة الخدمات السياحية لزائري المملكة العربية السعودية بغرض العمرة والحج أو الترفيه,2023,مجلة کلية السياحة والفنادق جامعة المنصورة,سلطان صالح الخزيم,10.21608/mkaf.2023.326829,https://openalex.org/W4389066689,"['الحج والعمرة', 'السياحية', 'العمرة']",arab,1,article
ar,جرائم التعدي على التراث الثقافي المنقول في التشريع الجزائري Offences against movable cultural heritage in the Algerian legislation,2020,مجلة الدراسات الحقوقية,آمال فكيري,,https://openalex.org/W3087479853,['التراث الثقافي'],arab,0,article
ar,الصعوبات التي تواجه العاملين في مجال السياحة الترويحية بالقري السياحية المصرية – من وجهة نظر المسئولين المصريين,2022,مجلة علوم الرياضة,أحمد راشد حسن,10.21608/ssj.2022.322040,https://openalex.org/W4388009302,['السائحين'],arab,0,article
ar,تأثير التقاعد المهني على جودة الحياة الزواجية في المجتمع السعودي,2023,Al-Mağallaẗ Al-ʿarabiyyaẗ lil Ādāb wa Al-Dirāsāẗ Al-Insāniyyat,منى عابد المجنوني; أريج حامد الرايقي; سميرة سعد الدين المغربي,10.21608/ajahs.2023.319083,https://openalex.org/W4387633810,['السفر'],arab,0,article
ar,صورة المصريين لدى السائحين الأوروبيين بعد ثورة 25 يناير :دراسة ميدانية /,2014,المجلة العلمیة لکلیة الآداب-جامعة دمياط,کرمال عادل محمد,10.21608/artdau.2014.139970,https://openalex.org/W3124696973,['السائحين'],arab,0,article
ar,توظیف التفاعلیة فی تصمیم أسالیب العرض المتحفیة,2018,مجلة العمارة والفنون والعلوم الإنسانية,هبة عبد المنعم; میسون قطب; إیناس محمد,10.12816/0046519,https://openalex.org/W2948753807,"['المتاحف', 'المتحف']",arab,0,article
ar,الرياضات البطولية التقليدية (الزور خانة والسومو): دراسة تاريخية مقارنة للأصول التاريخية والطقوس التقليدية,2024,Mustansiriyah Journal of Sports Science,Zainab Ali Abdul-ameer,10.62540/mjss.2024.4.6.14,https://openalex.org/W4407096597,['التراث الثقافي'],arab,0,article
ar,دور المعالم الأثرية في إرساء التنمية بالجزائر,2015,دراسات في التنمية والمجتمع,بن زغادي محمد,,https://openalex.org/W2805636084,['المعالم الأثرية'],arab,0,article
ar,تأصيل التراث لدى الطفل الجزائري,2017,مجلة أنثروبولوجية الأديان,عبد اللاوي ليندة,,https://openalex.org/W2986103721,['التراث'],arab,0,article
ar,أثر استخدام الرحلات المعرفية والمنصات التعليمية في تنمية التفكير التأملي بمبحث الرياضيات لدى طلاب الصف الثامن الأساسي,2021,,جعفر عوض صالح; مفيد أحمد أبوموسى,10.33976/iugjeps.v29i2.7878,https://openalex.org/W3182647234,['الرحلات'],arab,0,article
ar,استراتیجیة مقترحة لتطویر الحفاظ على التراث الاثرى ودعم الضیافة بواحة سیوة,2018,المجلة الدولية للتراث والسياحة والضيافة,منال توفیق; شریف وهدان,10.21608/jihtha.2018.28251,https://openalex.org/W2920683693,"['التنمية السياحية', 'السائحين', 'السياحة البيئية']",arab,0,article
ar,إنتاج ملابس نسائية مقترحة للحج والعمرة تتمتع بجودة الأداء الوظيفي والجمالي,2020,DOAJ (DOAJ: Directory of Open Access Journals),د. ثناء بنت مصطفى السرحان,10.33193/ijohss.14.2020.124,https://openalex.org/W3123857024,"['الحج والعمرة', 'العمرة']",arab,1,article
ar,حمام رومانی بکوم البرنوجی,2016,مجلة بحوث کلية الآداب جامعة المنوفية,یحیی الشحات محمد محمود,10.21608/sjam.2016.167883,https://openalex.org/W3157063404,['المتحف'],arab,0,article
ar,"السياحة الثقافية في الجزائر:, بين رهان التسليع الثقافي وتثمين الصناعة التقليدية المحلية: ولاية باتنة أنموذجا",2022,مجلة العلوم القانونية والاجتماعية,ميسون بعطوش; كلثوم بيبيمون,10.53419/2259-007-004-028,https://openalex.org/W4412144583,['السياحة الثقافية'],arab,0,article
ar,السياحة الداخلية في الجزائر: واقعها وسبل تطويرها,2020,مجلة الدراسات المالية والمحاسبية,لطفي مخزومي; فيروز زروخي; عقبة عبداللاوي,,https://openalex.org/W3116366542,['السياحة'],arab,0,article
ar,أثر ادارة المواهب لتحقيق الابداع في المتاحف العراقية,2022,Journal of Al-Rafidain University College For Sciences ( Print ISSN 1681-6870 Online ISSN 2790-2293 ),وجدان حسين; سارة فياض; علي حبيب,10.55562/jrucs.v51i1.528,https://openalex.org/W4283694189,['المتاحف'],arab,0,article
ar,أثر استخدام الرحلات المعرفية الويب كويست في اكتساب المفاهيم الفقهية في مبحث التربية الإسلامية وتنمية التفكير الاستقرائي لدى طلبة المرحلة الثانوية في الأردن,2017,مجلة جامعة الحسين بن طلال للبحوث,إبراهيم علي إبراهيم النعانعة; أيمن صبحي خاطر,10.36621/0397-002-002-001,https://openalex.org/W2983672124,['الرحلات'],arab,1,article
ar,(صناعة السياحة في مصر في ظل التغيرات المناخية (الفرص والتحديات The opportunities and challenges facing Egypt's tourism industry in the light of climate change.,2024,"International Journal for Tourism, Archaeology and Hospitality",Nermien Wasfy Gerges; Poula Hanna Gerges; shimaa abdeltawab,10.21608/ijtah.2024.240462.1103,https://openalex.org/W4391721850,['صناعة السياحة'],arab,0,article
ar,أهمية التراث العلمي العربي,2019,مؤسسة الفرقان للتراث الإسلامي eBooks,أحمد فؤاد باشا,10.56656/101189.01,https://openalex.org/W4313140899,['التراث'],arab,0,book-chapter
ar,المطاعم والمقاهی فی إقلیم بنغازی التخطیطی دراسة لإحدى الخدمات السیاحیة,2016,مجلة البحث العلمي في الآداب,سالم المهدی عطیة,10.21608/jssa.2016.11406,https://openalex.org/W2888654832,"['التسويق السياحي', 'الضيافة']",arab,0,article
ar,التبادل التجاري بين دولة الهند والمملكة العربية السعودية (تجارة التوابل) (1369 – 1442هـ / 1950 – 2020م),2024,المجلة العلمية بکلية الآداب,سيدة مهدي محمد,10.21608/jartf.2024.317232.1925,https://openalex.org/W4402458392,"['التبادل الثقافي', 'طريق الحرير']",arab,0,article
ar,كرية الأرض في التراث العربي الإسلامي,2022,مجلة الكلية الإسلامية الجامعة,سوادي عبد محمد,10.51837/0827-000-066-008,https://openalex.org/W4411774280,['التراث'],arab,0,article
ar,رهانات المخطط التوجيهي للتهيئة السياحية Sdat2030 بين الواقع والأفاق,2018,مجلة الشريعة والاقتصاد,عصام عماري; السعيد بوعناقة,10.37138/jceco.v7i1.197,https://openalex.org/W2885982403,"['التنمية السياحية', 'السياحية']",arab,0,article
ar,تطبيق جماليات التصميم الإبداعي لعناصر التأثيث بالمنشآت السکنية وتقنياتها الحديثة من خلال توظيفها للخـطوط کإحدى عناصر الموروث الثقافي. سامح محمد سالم أستاذ مساعد بقسم الديکور والعمارة الداخلية المعهد العالي للفنون التطبيقية- 6 أکتوبر,2021,Maǧallaẗ Al-Funūn wa Al-ʿulūm Al-Insāniyyaẗ,,10.21608/mjas.2021.177044,https://openalex.org/W4235023305,['الموروث الثقافي'],arab,0,article
ar,دراسة إمکانیة إدراج واحة قارة أم الصغیر على خریطة السیاحة البیئیة,2018,المجلة الدولية للتراث والسياحة والضيافة,دعاء محمد,10.21608/jihtha.2018.31488,https://openalex.org/W2944894218,['السياحة البيئية'],arab,0,article
ar,دور التكنولوجيا الرقمية في تثمين التراث الثقافي في الجزائر,2025,المجلة العلمية للتکنولوجيا وعلوم الإعاقة,عبيدة صبطي; حسن عبد الباسط الجاويش; سفيان فاسي,10.21608/skje.2025.451453,https://openalex.org/W4414046335,['التراث الثقافي'],arab,0,article
ar,"القدرة التنافسية لقطاع السفر والسياحة في بلدان المغرب العربي دراسة مقارنة بين الجزائر، تونس والمغربThe competitiveness of the travel and tourism sector in the Maghreb countries A comparative study between Algeria, Tunisia and Morocco",2019,مجلة الدراسات المالية والمحاسبية والإدارية,ساعد بوراوي,,https://openalex.org/W3008581679,"['السفر', 'السفر والسياحة']",arab,0,article
ar,دراسة تحليلية لأسباب التناقضات الجذرية للأزياء التقليدية السعودية باستخدام نظرية تريز ±RCA.,2020,مجلة دراسات الخليج والجزيرة العربية.,ليلى عبدالغفار فدا; وفاء حسن شافعي,10.34120/jgaps.v46i177.2689,https://openalex.org/W4399810068,['الموروث الثقافي'],arab,0,article
ar,"تسويق المنتوج السياحي ودوره في تطوير قطاع السياحة:, دراسة واقع التسويق السياحي في الجزائر",2015,مجلة دفاتر البحوث العلمية,أمينة بركان; منال هانى,10.37218/1426-000-006-020,https://openalex.org/W2997877954,"['التسويق السياحي', 'السياحي']",arab,0,article
ar,دور مواقع التواصل الاجتماعي في الترويج السياحي في مصر )الفيس بوك( نموذجا,2024,Al-Mağallah Al-ʿarabiyyaẗ Li Buḥūṯ Al-Itiṣāl wa Al-Iʿlām Al-Raqamī,أماني حمدي; اسراء عبدالرحمن,10.21608/ajscd.2024.347246,https://openalex.org/W4393149057,['السائح'],arab,0,article
ar,"طريق ركب الحج الجزائري خلال العصر الوسيط:, المسالك والصعوبات",2024,مجلة عصور,محمد بن معمر,10.54239/2319-023-001-005,https://openalex.org/W4399539930,['الحج'],arab,0,article
ar,التنبؤ بالسعادة النفسية من الاتجاه نحو العمل التطوعي لدى عينة منن المتطوعين والمتطوعات بموسم الحج والعمرة في المملكة العربية السعودية,2026,مجلة كلية التربية بتفهنا الأشراف,مها بنت عاشور الزهراني; هديل بنت عبد الله أكرم,10.21608/jfst.2026.504758,https://openalex.org/W7161767773,['الحج والعمرة'],arab,0,article
ar,الحجاج في التراث العربي,2012,مجلة علوم اللسان,فايزة بن احمد عالم,,https://openalex.org/W3015725969,['التراث'],arab,0,article
ar,الثقافة السياحية في الجزائر: الغائب والأمل المنتظر...,2017,social and human sciences review   مجلة العلوم الاجتماعية والانسانية,صليحة عشي,,https://openalex.org/W2888678582,['السياحية'],arab,0,article
ar,ترقية السياحة الثقافية في الجزائر,2019,دراسات وأبحاث,قلوشة سامية,,https://openalex.org/W2981638493,"['السياحة', 'السياحة الثقافية']",arab,0,article
ar,"دور الإعلام المرئي فى الترويج السياحي ""سنغافورة والسعودية - دراسة مقارنة """,2025,مجلَّة إبداع في الآداب والدراسات الإنسانيّة والاجتماعيّة,عبدالستار عبدالرحمن,10.21608/ebdaa.2025.392263.1007,https://openalex.org/W4411246444,['صناعة السياحة'],both,0,article
ar,السرد الة من آليات الكتابة في الرحلات الجزائرية,2016,مجلة الدراسات التاريخية,صادوق الحاج,,https://openalex.org/W2786698959,['الرحلات'],arab,0,article
ar,تأثير تطبيقات الواقع المعزز على تعزيز نية زيارة الوجهة السياحية: الدور الوسيط لتجربة السائح دراسة تطبيقية على مستخدمي تطبيقات الحجز السياحي فى مصر,2026,المجلة العلمية للدراسات والبحوث المالية والتجارية,مروة محمد الشافعي عبدالقادر,10.21608/cfdj.2026.500118.2561,https://openalex.org/W7168080349,['السائح'],arab,0,article
ar,فاعلية الرحلات التعليمية في إكساب الأطفال مفاهيم الثقافة المالية من وجهة نظر معلمات الروضة,2025,المجلة العربية لإعلام وثقافة الطفل,ابتسام ضيف الله مسفر الزهراني,10.21608/jacc.2025.408963,https://openalex.org/W4407076757,['الرحلات'],arab,0,article
ar,مجلة حوليات التراث العدد 16,2016,DOAJ (DOAJ: Directory of Open Access Journals),د. محمد عباسة,,https://openalex.org/W7210743317,['التراث'],arab,0,article
ar,مجلة حوليات التراث العدد 15,2015,DOAJ (DOAJ: Directory of Open Access Journals),د. محمد عباسة,,https://openalex.org/W7211019714,['التراث'],arab,0,article
ar,اشتقاق المشاکل والحلول البیئیة باستخدام تحلیل صور الأقمار الصناعیة حول المسجد الأثری للسلطان الظاهر بیبرس فی القاهرة ، مصر,2018,مجلة العمارة والفنون والعلوم الإنسانية,ولید البحیری; عبد العزیز فضالی; أسامة وفا; هناء أحمد; محمد حبیب; روزا لاسابونارا,10.12816/0046532,https://openalex.org/W2942213607,['التراث الثقافي'],arab,0,article
ar,التنمية السياحية للواحات البحرية,2016,"International Journal of Heritage, Tourism, and Hospitality",هند الشربينى; حسين عبد البصير; تامر فهيم,,https://openalex.org/W2610469916,"['التنمية السياحية', 'السياحية']",arab,0,article
ar,السياحة المستدامة: المساهمة في النمو الاقتصادي و التنمية المستدامة في المغرب العربي –دراسة مقارنة(الجزائر، تونس والمغرب)-,2019,مجلة التنمية والاقتصاد التطبيقي,سليمة لفضل; ميلود بورحلة; زكرياء مسعودي,,https://openalex.org/W2997570738,['السياحة المستدامة'],arab,0,article
ar,قیاس أثر تکلفة الفرصة البدیلة لحوادث المرور على جودة خدمات قطاع النقل السیاحى ومردود ذلک على صناعة السیاحة فى مصر,2010,المجلة العلمیة لکلیة السیاحة و الفنادق جامعة الأسکندریة,حسام الدین حسین ابراهیم ابراهیم,10.21608/thalexu.2010.160421,https://openalex.org/W3156660627,['صناعة السياحة'],arab,0,article
ar,استراتیجیة المحیط الازرق فی تسویق المنتج السیاحی الثقافی لتحقیق المیزة التنافسیة المستدامة,2019,المجلة الدولية للتراث والسياحة والضيافة,ولید أباظة; رشا خلیل,10.21608/jihtha.2019.77569,https://openalex.org/W3011389873,"['التسويق السياحي', 'السائحين']",arab,0,article
ar,تدريبات مستوحاة من بعض الآلحان الفلكلورية المصرية لرفع مستوي أداء دارسي آلة الناي,2023,مجلة البحوث فی مجالات التربیة النوعیة,فاطمة فؤاد فؤاد محمد,10.21608/jedu.2023.244700.1959,https://openalex.org/W4389044063,['الموروث الثقافي'],arab,1,article
ar,(التنمية السياحية المستدامة دراسة مقارنة: (الجزائر، تونس,2012,,علي رحال; عامر عيساني,,https://openalex.org/W2611787401,"['التنمية السياحية', 'السياحية']",arab,0,article
ar,تنمية القطاع السياحي في العراق المقومات .. التحديات .. المتطلبات,2016,,كريم سالم حسين; قاسم جبار خلف,,https://openalex.org/W2946773663,['السياحي'],arab,0,article
ar,الإطار الفکری والمفاهیمی لنظام الإستخبارات التسویقیة والإستقطاب السیاحی,2017,المجلة العلمية للدراسات التجارية والبيئية,تامر نعمان حامد عیاد,10.21608/jces.2017.51604,https://openalex.org/W2981149868,['السائحين'],arab,0,article
ar,عمرو عقبة کمؤلف مصری معاصر,2019,مجلة علوم وفنون الموسيقى,إیناس محمد; نیرمین حمدی; منى إسحاق,10.21608/jfma.2019.162541,https://openalex.org/W4205592678,['التبادل الثقافي'],arab,0,article
ar,واقع التنمية السياحية في الجزائر وإستراتيجية تطويرها,2020,Revue d'économie et de statistique appliquée,قويدر معيزي; كمال طاطاي,,https://openalex.org/W3029229308,"['التنمية السياحية', 'السياحية']",arab,0,article
ar,استخدام الواجهات التراثية للمباني الكويتية في عمل تصميم جداريات خزفية ثنائية الابعاد,2024,مجلة جامعة الفيوم للعلوم التربوية والنفسية,فهد أحمد الكندري,10.21608/jfust.2024.344809.2282,https://openalex.org/W4405958246,['التراث الثقافي'],arab,0,article
ar,أوقاف السلطان المغربي أبي الحسن علي بن عثمان المريني في القدس بين عامي (745ـــ 753هـ/ 1344 - 1352م),2014,,رياض مصطفى شاهين; عبد الرحمن محمد مغربي,10.33976/iugjhr.v22i1.677,https://openalex.org/W2568240230,['المتحف'],arab,0,article
ar,دور الطاقات المتجددة فی تنمیة المناطق الجبلیة واستدامتها فی مصر,2018,Journal of Al-Azhar University Engineering Sector,محمود احمد محمد,10.21608/auej.2018.18945,https://openalex.org/W2900629487,['المنتجعات'],arab,0,article
ar,لا لزيارة البابا تواضروس للارض المحتلة,2015,,محمد سيف الدولة,,https://openalex.org/W2271693365,['السفر'],arab,0,article
ar,التطور التاريخي للسياحة في فلسطين : دراسة في الجغرافيا السياحية,2010,مجلة البحوث والدراسات العربية,,10.21608/iars.2010.202747,https://openalex.org/W4241517427,['السياحية'],arab,0,article
ar,"إحدى لوحات ""عصر الرعامسة"" لرا-مع الموجودة بالمتحف المصري بالقاهرة",2025,Bulletin of the Center Papyrological Studies,هناء مختار البحيرى,10.21608/bcps.2025.438208,https://openalex.org/W4412359260,['المتحف'],arab,0,article
ar,تصميم زي للمرأة لأداء مناسك الحج والعمرة,2020,International Journal on Humanities and Social Sciences,د.علا سالم محمد صالح الحسني,10.33193/ijohss.13.2020.97,https://openalex.org/W4242138145,"['الحج', 'الحج والعمرة']",arab,1,article
ar,دور التسويق السياحي في إنعاش الصناعة التقليدية و الحرفية دراسة ميدانية حالة مدينة غرداية,2014,Dépôt Institutionnel de lUniversité de Tlemcen,Abderrahim Chennini,,https://openalex.org/W7135326664,['التسويق السياحي'],arab,0,dissertation
ar,تأثير تجربة سياحة الطعام على قيمة العلامة التجارية القائمة على العملاء في الوجهة السياحية المصرية,2024,المجلة العلمیة لکلیة السیاحة و الفنادق جامعة الأسکندریة,شيماء طه,10.21608/thalexu.2024.300790.1132,https://openalex.org/W4400385696,"['السائح', 'السياحة الثقافية']",arab,0,article
ar,دراسة ونشر للوحة Kmالمحفوظة بالمتحف المصری برقم (CG 20573),2021,مجلة العمارة والفنون والعلوم الإنسانية,باسم محمد خطاب,10.21608/mjaf.2021.58602.2175,https://openalex.org/W3139384447,['المتحف'],arab,0,article
ar,تحديات استثمار التراث الأثري في مخطط التنمية بالمغرب: حالة إقليم تازة - المغرب,2024,مجلة العلوم الإنسانية و الإجتماعية,يونس العزوزي,10.26389/ajsrp.y200124,https://openalex.org/W4393354663,"['التراث الثقافي', 'السياحة الثقافية']",arab,0,article
ar,تجليات الحجاج في التراث البلاغي العربي,2021,مجلة اللغة الوظيفية,خالد عماري; أنيسة بن تريدي,10.54295/2201-008-002-015,https://openalex.org/W4412143403,['التراث'],arab,0,article
ar,"الموروث الثقافي إبان الاستعمار:, التعليم في الجزائر في الفترة ما بين 1925-1961 نموذجا",2023,مجلة المعيار,عبدالله رزوقي; مسعودي العلمي,10.54191/2320-014-002-044,https://openalex.org/W4411775773,['الموروث الثقافي'],arab,0,article
ar,العلاقات الإقليمية والدولية للمملكة المتوكلية اليمنية في عهد الإمام يحيي (1337 - ١٣٦٧ه) / (1918- 1948م),2025,مجلة مرکز حضارات البحر المتوسط,مقبول غايب الرشيدي,10.21608/midcul.2025.426890,https://openalex.org/W4410476215,['الضيافة'],arab,0,article
ar,عبادة سوتخ والآلهة الأجنبية في عصر الرعامسة,2025,Mağallaẗ Kulliyyaẗ Al-Adāb Ǧāmiʿaẗ Aswan,حمدي صبري موسي موسي,10.21608/mkasu.2025.355234.1429,https://openalex.org/W4407886158,['الضيافة'],arab,0,article
ar,أثر الحفاظ على الشعاب المرجانیة على استدامة سیاحة الغوص,2019,مجلة کلية السياحة والفنادق - جامعة مدينة السادات,عمرو شعیرة; عزة ماهر; دالیا مندور,10.21608/mfth.2019.71072,https://openalex.org/W3008945631,['السائحين'],arab,0,article
ar,المیثاق المهنی للمرشدین السیاحیین فی مصر: دراسة میدانیة,2019,المجلة الدولية للتراث والسياحة والضيافة,محمود طوسون; وحید عمران; تامر عیسى,10.21608/jihtha.2019.77508,https://openalex.org/W3012392595,['السائحين'],arab,0,article
ar,دور وسائل التواصل الاجتماعي في تسويق المواسم السياحية (دراسة ميدانية على زوار موسم الرياض),2023,Academic Journal of Research and Scientific Publishing,أستاذ مشارك، قسم الإدارة العامة، كلية الاقتصاد والإدارة، جامعة الملك عبد العزيز، المملكة العربية السعودية; حسن طيبة; معتز العتيبي; طالب ماجستير، قسم إدارة الفعاليات، كلية السياحة، جامعة الملك عبد العزيز، المملكة العربية السعودية; رائد المطيري; طالب ماجستير، قسم إدارة الفعاليات، كلية السياحة، جامعة الملك عبد العزيز، المملكة العربية السعودية; النعمي ريان; طالب ماجستير، قسم إدارة الفعاليات، كلية السياحة، جامعة الملك عبد العزيز، المملكة العربية السعودية,10.52132/ajrsp/v5.51.5,https://openalex.org/W4384024636,"['السائحين', 'السياحية']",arab,1,article
ar,أثر تطبیق استراتیجیة التسویق الاخضر فى قطاع الفنادق على التنمیة السیاحیة فى مصر,2017,المجلة العلمية لبحوث العلاقات العامة و الإعلان,وفاء صلاح عبد الرحمن,10.21608/sjocs.2017.88516,https://openalex.org/W3024905783,['الفندقة'],arab,0,article
ar,"""مجموعة مختارة من الطوابع التذكارية بمتحف البريد المصري "" دراسة تاريخية وصفية",2025,Journal of Association of Arab Universities for Tourism and Hospitality,Sara El Sayed Abdullah Ahmed; Asmaa Salama,10.21608/jaauth.2025.359929.1665,https://openalex.org/W4408625897,['المتاحف'],arab,0,article
ar,اثر السفر على الرجعة (دراسة مقارنة),2023,الرافدین للحقوق,نادیا خیر الدین عزیز استاذ مساعد; نجوى محمد سالم الدباغ,10.33899/alaw.2022.132479.1183,https://openalex.org/W4389856624,['السفر'],arab,0,article
ar,دراسة تحليلية لمضمون المقر ارت المشتركة بين األقسام العلمية,2019,المجلّة الليبية لبحوث الإعلام,د. سكينة بن عامر,10.37376/tljmr.vi1.134,https://openalex.org/W4390120979,['التبادل الثقافي'],arab,0,article
ar,التنظيم الـقــــانــوني لشرکات الــتـــمــــويـــــل الإستهلاکي في ضوء أحکام القانون رقم 18 لسنة2020 والقرار رقم 56 لسنة 2020 والقرار رقم 179 لسنة 2020 والقرار رقم 47 لسنة 2021,2022,Maǧallaẗ Rūḥ Al-Qawānīn /Maǧallaẗ Rūḥ Al-Qawānīn,ايهاب عبدالرحمن محمد اسماعيل,10.21608/las.2022.157276.1076,https://openalex.org/W4294100661,['السفر والسياحة'],arab,0,article
ar,الدوافع السیاحیة والتجربه السیاحیة للسائحیین المصریین الشباب,2020,المجلة العلمیة لکلیة السیاحة و الفنادق جامعة الأسکندریة,رحاب زویل; امنیه یاقوت,10.21608/thalexu.2020.29357.1014,https://openalex.org/W3038516702,"['السائحين', 'صناعة السياحة']",arab,0,article
ar,محمد فضالى اسهاماته فى التربیة البدنیة والریاضة والترویح على المستوى الوطنى والعربى والدولى,2021,المجلة العلمیة للتربیة البدنیة وعلوم الریاضة جامعة حلوان,أ.د. یحی محمد الجیوشى; بهاء الدین عبد الرحمن محمد,10.21608/jsbsh.2021.72409.1624,https://openalex.org/W3158035801,['السفر'],arab,0,article
ar,تحلیل واقع التدریب السیاحی فی الشرکات السیاحیة الصغیرة والمتوسطة (دراسة حالة للشرکات السیاحیة فی مدینة الاسکندریة),2016,المجلة العلمیة لکلیة السیاحة و الفنادق جامعة الأسکندریة,مهینور درویش، نرمین مرسی درویش، مرسی,10.21608/thalexu.2016.47702,https://openalex.org/W2974364170,['صناعة السياحة'],arab,0,article
ar,الموروث الثقافي التبسي ودوره في ترسيخ أحداث الثورة التحريرية الجزائرية 1954-1962 م. من خلال الشعر الشعبي لأولاد سيدي عبيد الشريف,2019,مجلة عصور,حورية طعبة; عبدالمالك بوعريوة,10.54239/2319-018-002-007,https://openalex.org/W2998332945,['الموروث الثقافي'],arab,0,article
ar,القطاع المحفوظ وسبل التنمية السياحية المستدامة في الجزائر,2020,مجلة الدراسات التاريخية و الاجتماعية,ارمولي بلال; محمد المصطفى فيلاح,10.36353/1515-000-043-011,https://openalex.org/W4411904136,"['التنمية السياحية', 'السياحية']",arab,0,article
ar,الأقصر كمتحف مفتوح ( مدخل لقراءة التراث المصری القدیم بین العمق الحضاری والاتساع العالمی ),2023,بحوث في التربية الفنية والفنون,می عبد المنعم نور; محمد یحیى محمد عبده,10.21608/seaf.2023.298261,https://openalex.org/W4376117116,['المتحف'],arab,0,article
ar,الاثار الاقتصادیة الناتجة عن النشاط السیاحی بالتطبیق علی جمهوریة مصر العربیة,2017,المجلة العلمية للإقتصاد و التجارة,مریم ولیم برسوم; منی فاروق حجاج,10.21608/jsec.2017.39750,https://openalex.org/W2965370609,['السائحين'],arab,0,article
ar,الأماكن السياحية في المدينة المنورة أثناء العهد العثماني,2023,Journal of Tikrit University for Humanities,حذيفة عبد الله عباس النعيمي,10.25130/jtuh.30.5.1.2023.14,https://openalex.org/W4394700154,['السياحية'],arab,0,article
ar,"آلیات تطویر سیاحة الکهوف فی مصر دراسة حالة على "" محمیة کهف وادی سنور "" بالصحراء الشرقیة"" دراسة فی جغرافیة السیاحة """,2021,مجلة کلية الآداب بقنا,ولاء محمد احمد نجیب,10.21608/qarts.2022.99395.1249,https://openalex.org/W4210704987,['السياحة الثقافية'],arab,0,article
ar,مقومات السياحة الصحراوية في الجزائر دراسة إقليم الأهقار – تمنراست-,2016,مجلة التنمية الاقتصادية,محمودي مليك; زروخي صباح,,https://openalex.org/W2788517361,['السياحة الصحراوية'],arab,0,article
ar,مبادرة الحزام والطريق الصينية والانفتاح الاقتصادى العالمى,2024,Maǧallaẗ Al-Buḥūṯ Al-Qānūniyyaẗ wa Al-Iqtiṣādiyyaẗ - Al-Munūfiyyaẗ,محمد خليفه المليجي المرسي,10.21608/jslem.2024.288353.1318,https://openalex.org/W4399015762,['مبادرة الحزام والطريق'],china,0,article
ar,الإطار القانوني للعقار السياحي في التشريع الجزائري,2019,مجلة الحقوق والعلوم السياسية,لخذاري عبدالحق; زغلامي حسيبة,,https://openalex.org/W2918959223,['السياحي'],arab,0,article
ar,تنمية السياحة البيئية في العراق,2015,,وهاب فهد الياسري,10.36317/0826-008-023-001,https://openalex.org/W2248713946,"['السياحة', 'السياحة البيئية']",arab,1,article
ar,تكنولوجيات الإعلام والإتصال والوسائط الجديدة وتثمين التراث الثقافي في الجزائر,2021,مجلة علوم الإنسان والمجتمع,عبدالنور بوصابة,10.37136/2000-010-003-026,https://openalex.org/W4412133370,['التراث الثقافي'],arab,0,article
ar,أثر الحرب الإسرائيلية (2008 / 2009) على قطاع السياحة والآثار في قطاع غزة، دراسة في جغرافية السياحة,2023,International Journal of Sustainable Development and Science,عبد القادر حماد,10.21608/ijsrsd.2023.297245,https://openalex.org/W4375946342,['السياحة'],arab,0,article
ar,التسويق المستدام كاتجاه حديث في صناعة الضيافة: مدخل نظري,2023,المجلة العربية لعلوم السياحة والضيافة والآثار,محمد عبدالفتاح زهري; طالب هادي طالب; شاكر الخزاعلة,10.21608/kjao.2023.317423,https://openalex.org/W4387040098,"['الضيافة', 'صناعة الضيافة']",arab,0,article
ar,"دور الوسيط للتماثل التنظيمي في العلاقة بين القوة التنظيمية والسمعة التنظيمية:, دراسة تطبيقية على شركات السياحة المصرية",2019,مجلة الباحث الإقتصادي,بسام سمير الرميدى,10.35391/1894-007-011-037,https://openalex.org/W2954539561,['السياحة'],arab,1,article
ar,Folklore and Cultural Identity in Saud Al-Sanousi's The Bamboo Stalk,2025,مجلة واسط للعلوم الانسانية,Asst. Lect. Ali kareem Hussein; Asst. Lect. Tabarak Sadiq Ali; Asst. Lect. Dheyaa Hameed Thabet,10.31185/wjfh.vol21.iss3.1018,https://openalex.org/W4412817507,['التراث الثقافي'],arab,0,article
ar,دور القطاع السياحي في النمو الإقتصادي (نظرة مستقبلية لدور السياحة في الأهوار العراقية في التنمية ),2019,Journal of Economics and Administrative Sciences,احمد مزهر عبد,10.33095/jeas.v24i108.1339,https://openalex.org/W2907419650,"['السياحة', 'السياحي']",arab,1,article
ar,علم التعمية في التراث العربي,2015,,البواب مروان,,https://openalex.org/W3134422210,['التراث'],arab,0,article
ar,"السياحة الصحراوية في الجزائر:, بين الماضي والحاضر: دراسة أنثروبولوجية بمنطقة بسكرة",2021,مجلة العلوم الانسانية,منيرة قوراري,10.37136/1003-021-002-004,https://openalex.org/W3213225123,['السياحة الصحراوية'],arab,0,article
ar,دور الضمائر في تحقيق التماسك النصي في سورة الحج,2019,مجلة الجامعة الإسلامية للبحوث الإنسانية,حمزة غازي عيسى,10.33976/iugjhr.v27i3.3786,https://openalex.org/W2952194295,['الحج'],arab,0,article
ar,دور الإعلام والاتصال في صناعة وتنمية السياحة دراسة ميدانية لعينة من وكالات السفر والسياحة في الجزائر العاصمة,2017,Economic Studies,شلوش نورة,,https://openalex.org/W2906001242,"['السفر', 'السفر والسياحة']",arab,0,article
ar,الانعكاسات الجغرافية السياسية والاقتصادية لمبادرة الحزام والطريق على مستقبل العراق,2022,Al-Adab Journal,Adnan Abdullah Hamadi,10.31973/aj.v1i143.3899,https://openalex.org/W4312132173,['مبادرة الحزام والطريق'],both,0,article
ar,السياحة الحلال في المقصد السياحي المصري: الفرص والتحديات,2024,مجلة کلية السياحة والفنادق - جامعة مدينة السادات,عمرو عيد السكرمي; محمود رمضان العزب; محمود عبد المنعم عبداللاه,10.21608/mfth.2024.347464,https://openalex.org/W4394613583,"['السائحين', 'السفر', 'السياحة الحلال', 'صناعة السياحة']",arab,0,article
ar,تأثير تطبيق إدارة جودة الخدمة على أداء المؤسسات السياحية (دراسة حالة شركات الحج والعمرة فى جمهورية مصر العربية) The impact of the application of service quality management on the performance of tourism enterprises(A case study of Hajj and Umrah companies in the Arab Republic of Egypt).,2023,Mağallaẗ Al-Maʿhad Al-ʿālī Lil Dirāsāt Al-Nawʿiyyaẗ /Mağallaẗ Al-Maʿhad Al-ʿālī Lil Dirāsāt Al-Nawʿiyyaẗ,سوزان السيد عبد السلام كتات,10.21608/hiss.2024.302860,https://openalex.org/W4380193615,['الحج والعمرة'],arab,0,article
ar,الفحص السيرولوجي للكشف عن الإصابة بفيروس حمى الضنك بين الحجاج أثناء موسم الحج 1432هـ في مكة المكرمة,2013,,عادل جلال الشيمي,,https://openalex.org/W3023073621,['العمرة'],arab,0,article
ar,التنمية السياحية و أثرها على التنمية الشاملة : تقييم وضع السياحة في العالم و في الجزائر,2013,Mağallaẗ al-ḥikmaẗ li-l-dirāsāt al-iqtiṣādiyyaẗ,رشيد يوسفي; أمال قلبازة,10.12816/0005466,https://openalex.org/W2324078668,['التنمية السياحية'],arab,0,article
ar,واقع حماية التراث الثقافي العراقي في ضوء التدخل العسكري الأنفلوأمريكي,2013,revue critique de droit et sciences politiques,خلفان كريم,,https://openalex.org/W3096164947,['التراث الثقافي'],arab,0,article
ar,سؤال يبحث عن جواب هل مات ضمير الأمة العربية,2018,Qatar University QSpace (Qatar University),محمد صالح المسفر,,https://openalex.org/W2887747751,['الحج والعمرة'],arab,0,article
ar,"رقمنة التراث وأثره على السياحة المستدامة:, نماذج دولية وآفاقه في الجزائر",2020,المجلة الدولية للاتصال الاجتماعي,إيمان سوقال,10.53284/2120-007-003-004,https://openalex.org/W3044626347,['السياحة المستدامة'],arab,0,article
ar,أثر التغيرات الاجتماعية الحديثة على تنظيم الأسرة السعودية (دراسة مقارنة على عينة من محافظة الأحساء),2025,Academic Journal of Research and Scientific Publishing,طالب دكتوراه في علم الاجتماع، جامعة القصيم، المملكة العربية السعودية; عماد الخميس,10.52132/ajrsp/v7.73.2,https://openalex.org/W4410067966,['الموروث الثقافي'],arab,0,article
ar,جريمة سرقة الآثار والتراثدراسة تحليلية في ضوء أحكام قانون الآثار والتراث العراقي رقم 55 لسنة 2002,2010,,انس محمود خلف الجبوري; دلشاد عبدالرحمن يوسف البريفكاني,,https://openalex.org/W2800292572,['الآثار'],arab,0,article
ar,الأهمية والأثر الاقتصادي لصناعة السياحة في الجزائر,2020,مجلة الحوار المتوسطي,نسيبة سماعينى,10.54242/1702-011-001-023,https://openalex.org/W3017280209,['السياحة'],arab,0,article
ar,الثقافة السياحية ودورها في ترقية القطاع السياحي بالجزائر –دراسة تحليلية-,2022,مجلة التمكين الاجتماعي,Asma Lekiket,10.34118/sej.v4i4.2773,https://openalex.org/W4404623766,"['السائح', 'صناعة السياحة']",arab,0,article
ar,الدلالة السياحية ودورها في تنشيط السياحة الثقافية في الأردن,2021,Toubkal,طاهر محمد هارون الغنميين,10.83129/toubkal-19612,https://openalex.org/W7165958645,"['السياحة الثقافية', 'السياحية']",arab,0,other
ar,دور المتاحف الجامعية بالجامعات المصرية في التنمية والتعليم المستدام على ضوء خبرة متحف اليرموك الجامعي بالمملكة الأردنية,2025,مجلة البحث في التربية وعلم النفس,ام هاشم ابو عميره,10.21608/mathj.2025.369116.1526,https://openalex.org/W4409437410,"['المتاحف', 'المتحف']",arab,0,article
ar,توظيف تقنية الرؤية الحاسوبية في حفظ وتوثيق الألعاب التراثية: لعبة التحطيب نموذجا,2026,Al-Mağallah Al-ʿarabiyyaẗ Al-Dawliyyaẗ Li Tuknūlūğyā Al-Maʿlūmāt wa Al-Bayānāt,مروة عصام محمد الشوربجي,10.21608/aijtid.2025.420620.1147,https://openalex.org/W7118798931,['التراث الثقافي'],arab,0,article
ar,الحماية الجزائية لجوازات السفر في القانون الأردني: دراسة مقارنة,2019,دراسات - علوم الشريعة والقانون,ابراهيم سليمان زامل القطاونة,10.35516/0272-046-002-026,https://openalex.org/W3092783182,['السفر'],arab,0,article
ar,قراءة تحليلية سوسيولوجية لدور المؤسسات الدينية في الحفاض على الموروث الثقافي .,2019,Pensée méditerranéenne الفكر المتوسطي,أسامة باحمد,,https://openalex.org/W2795136513,['الموروث الثقافي'],arab,0,article
ar,الحفاظ على المباني التراثية في مدينة بغداد المدرسة المستنصرية انموذجا,2024,حوليات أداب عين شمس,رفل إبراهيم طالب; رشا محمد حسن,10.21608/aafu.2025.306996.1585,https://openalex.org/W4406702580,['الموروث الثقافي'],arab,0,article
ar,أثر الأوضاع السياسية على المقصد السياحي المصري,2025,مجلة کلية السياحة والفنادق جامعة المنصورة,إيمان علاء غريب العاصي; رياض محمد الرفاعى; دعاء سمير محمد حزه,10.21608/mkaf.2025.436882,https://openalex.org/W4412358540,"['السائحين', 'السياحي']",arab,0,article
ar,Conservation and Restoration of Human Archaeological Plastered Skull in Jordanian Heritage Museum-Yarmouk University : a Case Study = صيانة وترميم جمجمة بشرية محفوظة في متحف التراث الأردني-جامعة اليرموك : دراسة حالة.,2011,,Al-Ybroodi; Rasha; El-Serogy; Abd El-Rahman,,https://openalex.org/W2300310813,['التراث'],arab,1,dissertation
ar,الأوبئة وآثارها في التراث العربي,2022,Maǧallaẗ Ǧāmiʿaẗ Miṣr Lil Dirāsāt Al-Insāniyyaẗ /Maǧallaẗ Ǧāmiʿaẗ Miṣr Lil Dirāsāt Al-Insāniyyaẗ,محمود مهدي,10.21608/mjoms.2022.216135,https://openalex.org/W4210796215,['التراث'],arab,0,article
ar,مشروعات التعاون الإقليمي في آسيا في مجال الاقتصاد الأخضر,2025,Afāq Asyawiyyaẗ,أماني فوزى الجندي,10.21608/sis.2025.358013.1201,https://openalex.org/W4411821226,['مبادرة الحزام والطريق'],china,0,article
ar,"الموروث الثقافي الإسلامي من خلال إحدى جداريات متحف قصر أحمد باي قسنطينة :, دراسة تحليلية سيميائية لجدارية مدينة الإسماعيلية - مصر رحلة عودة أحمد باي من الحج (1818م)",2017,مجلة العلوم الإنسانية,نور الإسلام غدار,10.34174/0079-000-047-053,https://openalex.org/W2769269415,['الموروث الثقافي'],arab,0,article
ar,تقییم جودة الخدمات فى المنتجعات السیاحیة الاردنیة دراسة تطبیقیة,2010,المجلة العلمية للبحوث التجارية (جامعة المنوفية),مرزوق عاید القعید; عبد الباسط ابراهیم حسونة; سلطان محمد سعید سلطان فریحات,10.21608/sjsc.2010.117199,https://openalex.org/W4243603287,['المنتجعات'],arab,0,article
ar,أثر بیئة العمل على الرضا الوظیفی ونیة دوران العاملین بالمنتجعات المصریة,2022,مجلة کلية السياحة والفنادق - جامعة مدينة السادات,شریف جمال سلیمان; أحمد أنور السید; أحمد محمود إمام,10.21608/mfth.2023.270915,https://openalex.org/W4309806415,['المنتجعات'],arab,1,article
ar,مفهوما الحسن والجمال فی التراث العربی,2015,مجلة کلیة اللغة العربیة بالمنصورة,ظافر بن مشبب الکنانی,10.21608/jflm.2015.85619,https://openalex.org/W3019999485,['التراث'],arab,0,article
ar,آثر تحریر سعر صرف الجنیه المصری على الطلب السیاحی فی ظل المتغیرات الاقتصادیة الحدیثة,2021,مجلة کلية السياحة والفنادق جامعة المنصورة,هالة محمد احمد الادغم; رانیا محمد بهاء الدین; غادة على حمود,10.21608/mkaf.2021.213935,https://openalex.org/W4210754848,"['السائحين', 'صناعة السياحة']",arab,2,article
ar,دراسة فاعلیة التدریس التطبیقی لمقررات الأغذیة والمشروبات من وجهة نظر الطلاب بمؤسسات التعلیم الفندقی فوق المتوسط بمدینة الأسکندریة,2019,مجلة کلية السياحة والفنادق جامعة المنصورة,هالة علی محمد علی; محمد عبد الفتاح زهری,10.21608/mkaf.2019.106991,https://openalex.org/W3073378190,['الفندقة'],arab,0,article
ar,الحیاة الاجتماعیة على طریق الحج من خلال مخطوطة (حجاز خاطره سى= ذکرى الحجاز) لحسین وصاف,2021,صحيفة الألسن,مصطفى زهران,10.21608/salsu.2021.204079,https://openalex.org/W3212734945,['الحج'],arab,0,article
ar,دور التنمیة المستدامة للمناطق الساحلیة فی جذب السیاح : دراسة حالة لبحیرة ینبع الصناعیة,2023,المجلة العربية لعلوم السياحة والضيافة والآثار,مرام سعید مقبل العروی,10.21608/kjao.2023.286090,https://openalex.org/W4322739588,['السائحين'],arab,0,article
ar,"العلاقات العربية الصينية ومبادرة أحياء طريق الحرير:, دراسة تاريخية",2020,مجلة كلية المأمون,غازي فيصل غدير,10.36458/1253-000-035-001,https://openalex.org/W4248953138,['طريق الحرير'],both,0,article
ar,"التراث الثقافي الجزائري المغربي "" القرن 11 ه/ 17 م أنموذجا """,2019,مجلة المعارف للبحوث والدراسات التاريخية,بيض القول تركية,,https://openalex.org/W3192988945,['التراث الثقافي'],arab,0,article
ar,الزخرفة الإسلامية في الفن التشكيلي بالجزائرأنموذج الفنان الجزائري التشكيلي عامر هاشمي,2024,Dépôt Institutionnel de lUniversité de Tlemcen,شيماء أوغرب,,https://openalex.org/W7135263382,['التراث الثقافي'],arab,0,dissertation
ar,ترقية القطاع السياحي الجزائري,2011,دراسات إقتصادية,مسدوي دليلة,,https://openalex.org/W3111561664,['السياحي'],arab,0,article
ar,تحديات الحوار الحضاري ودور الدعوة الإسلامية في مواجهتها,2024,حولية کلية الدعوة الإسلامية بالقاهرة,عبد الرحمن محمد زكي الدين حفني,10.21608/bfdc.2024.401416,https://openalex.org/W4405958941,['التبادل الثقافي'],arab,0,article
ar,"الإعلام السياحي ودوره في الترويج للسياحة البيئية في الجزائر:, دراسة حالة عينة من زبائن المنتج السياحي الجزائري",2021,,نجود حمري; كلثوم ألبز,10.37136/0504-015-002-006,https://openalex.org/W4411835565,['السياحي'],arab,0,article
ar,العلاقات الصينية العراقية في ضوء مبادرة الحزام والطريق China–Iraq relations within the context of the Belt and Road Initiative,2022,Risālaẗ Al-Mašriq,لاو لينغ Lao Ling لينغ Ling,10.21608/rmshreq.2022.259805,https://openalex.org/W4297921079,['مبادرة الحزام والطريق'],both,0,article
ar,وصف المدينة المنورة في النصف الأول من القرن الثامن الهجري (14م) من خلال رحلة البلوي,2016,University of Sharjah (UoS) Journal of Humanities and Social Sciences,نواف الجحمة,10.36394/jhss/13/2/5,https://openalex.org/W4292581766,['السائح'],arab,0,article
ar,قياس أثر محددات الطلب السياحي على أداء القطاع السياحي لدولة الإمارات للفترة 1995-2019,2021,Tikrit Journal of Administrative and Economic Sciences,أوهام سعدالله صالح,10.25130/tjaes.17.55.3.5,https://openalex.org/W4391910743,['السياحي'],arab,0,article
ar,"بعض التقنيات الافتراضية وأثرها على المجتمع العالم الافتراضي "" الميتافرس "" أنموذجا تطبيقيا",2024,Maǧallaẗ al-azhar/Maǧallaẗ Al-Zahrāʼ,نرمين إبراهيم أحمد شاهين,10.21608/zjac.2024.423876,https://openalex.org/W4409863635,['الحج والعمرة'],arab,0,article
ar,التقييم الجيوبيئي للمواقع السياحية في منطقة البادية الشمالية / المملكة الأردنية الهاشمية باستخدام نظم المعلومات الجغرافية والاستشعار عن بعد,2024,مجلة کلیة الآداب القاهرة,ميسون الزغول; خالد حمد أبا الزمات,10.21608/jarts.2024.254132.1428,https://openalex.org/W4391731386,['السائح'],arab,0,article
ar,آفاق التعاون الثنائي بين الصين ومصر,2025,Afāq Asyawiyyaẗ,Marwa ragheb Elmaghalawy,10.21608/sis.2025.446297.1248,https://openalex.org/W4416849293,['مبادرة الحزام والطريق'],both,0,article
ar,"إحياء العرض المتحفي لأعمال التصوير باستخدام برامج التكنولوجيا الحديثة لتحقيق الأهداف المستقبلية للتنمية المستدامة ""رؤية مصر 2030""",2023,Al-Dawriyyaẗ Al-ʿilmiyyaẗ Li Kulliyyaẗ Al-Funūn Al-Ǧamīlaẗ/Al-Dawriyyaẗ Al-ʿilmiyyaẗ Li Kulliyyaẗ Al-Funūn Al-Ǧamīlaẗ ,سماح حسن داود,10.21608/sjfa.2023.184415.1016,https://openalex.org/W4322740101,['المتاحف'],arab,0,article
ar,"تاريخ المتحف وأهميته:, دراسة سوسيولوجية: متحف أحمد زبانة بوهران الجزائر أنموذجا",2020,,زواوي بن كروم,10.33953/0381-003-006-019,https://openalex.org/W4411837387,['المتحف'],arab,0,article
ar,التراث الثقافي ودوره في تحقيق التنمية السياحية المستدامة في الجزائر,2020,مجلة الاستراتيجية والتنمية,نوال زبشي; رشيدة عبدالله بن سلوى,10.34276/1822-010-995-009,https://openalex.org/W3177652066,"['التراث الثقافي', 'التنمية السياحية']",arab,0,article
ar,التأثيرات المصرية في الحجر (مدائن صالح) في الفترة منذ عام 9ق.م حتى نهاية القرن الثاني الميلادي- دراسة في ضوء المكتشفات الأثرية- Egyptian Influences in Al-Hijr (Madain Salih) from 9 BC to the End of the Second Century AD: A Study in Light of Archaeological Discoveries,2026,مجــلة کلیة اللغة العربیة بأســیوط,عهود جبران علي سحاري,10.21608/jfla.2026.474751.1805,https://openalex.org/W7163895970,['التبادل الثقافي'],arab,0,article
ar,التحول الرقمی فی السیاحة المصریة (المفهوم- التحدیات– المتطلبات),2019,المجلة الدولية للتراث والسياحة والضيافة,غادة على محمد,10.21608/jihtha.2019.77566,https://openalex.org/W3010659358,['صناعة السياحة'],arab,0,article
ar,مؤشر راحة الإنسان لاختيار المواقع السياحية في شمال العراق,2018,Al-Adab Journal,انتصار سكر خيون,10.31973/aj.v1i123.152,https://openalex.org/W2906838871,['السائح'],arab,0,article
ar,رحلة العائلة المقدسة لمصر والمصادر الشفهیة,2018,مجلة کلية السياحة والفنادق جامعة المنصورة,راندا عمر کاظم بلیغ,10.21608/mkaf.2018.215424,https://openalex.org/W4210657690,['السياحة الدينية'],arab,0,article
ar,"تقييم إمكانيات وفرص نجاح قطاع السياحة الليبي في تطوير البيئة المحلية على ضوء معطيات التنافس الدولي "" السلبيات والعلاج""",2015,المجلة العربية للعلوم و نشر الأبحاث,د. ناصر عبد الكريم الغزواني,10.26389/ajsrp.m15316,https://openalex.org/W3163194898,"['التنمية السياحية', 'السياحة']",arab,1,article
ar,مجلة حوليات التراث العدد الثالث,2013,DOAJ (DOAJ: Directory of Open Access Journals),Annales du patrimoine,,https://openalex.org/W4405174131,['التراث'],arab,0,article
ar,مستقبل التراث في الخطاب العربي المعاصر,2021,,محمد أمين عميرات,10.37168/1957-005-002-041,https://openalex.org/W4412111915,['التراث'],arab,0,article
ar,صورة الأنا في عيون الآخر : الجزائر في الرحلات التونسية خلال الربع الأول من القرن العشرين,2018,,مراد مزعاش,10.36058/1110-000-021-004,https://openalex.org/W2920935087,['الرحلات'],arab,0,article
ar,نشأة متاحف الفن بالجزائر خلال الفترة الفرنسیة,2020,المجلة العربية لعلوم السياحة والضيافة والآثار,آسیة مقشوش; عائشة حنفی,10.21608/kjao.2020.116866,https://openalex.org/W3186823837,['المتحف'],arab,0,article
ar,نحو رؤية تنموية للنهوض بالسياحة الريفية في محافظة الفيوم,2016,"International Journal of Heritage, Tourism, and Hospitality",غاده محمد وفيق; مروه صلاح قاعود,,https://openalex.org/W2593999054,['السياحة الريفية'],arab,0,article
ar,الطبيعة القانونية لعقد السياحة وفق القانون الأردني,2023,The Jordanian Journal of Law and Political Science,Dena Alalwan,10.35682/jjlps.v15i3.500,https://openalex.org/W4387227180,['السياحة'],arab,1,article
ar,دراسة ونشر لمجموعة من الخزف الإسلامى محفوظة بمتحف مدینة آزوف للآثار والحفریات بروسیا,2012,The Conference Book of the General Union of Arab Archaeologists/The Conference Book of the General Union of Arab Archaeologists,Waleed Ali Mohamed,10.21608/cguaa.2012.35928,https://openalex.org/W2960035117,['المتحف'],arab,0,conference-abstract
ar,الآثار الاجتماعية و النفسية للبطالة على خريجي الجامعات في المجتمع الفلسطيني : دراسة ميدانية على عينة من خريجي الجامعات و الكليات المتوسطة في الضفة الغربية,2015,مجلة جامعة القدس المفتوحة للأبحاث والدراسات التربوية والنفسية,محمد إبراهيم عكة,10.12816/0027441,https://openalex.org/W2516070407,['الآثار'],arab,2,article
ar,دور السياحة في تعزيز أهداف التنمية المستدامة وفقا لتقارير منظمة السياحة العالمية : إشارة لحالة الجزائر = The Role of Tourism for Achieving the Sustainable Development Goals in World Tourism Organization Reports : The Case of Algeria,2018,Global Journal of Economic and Business,مسعود بن مويزة,10.12816/0048517,https://openalex.org/W2893893939,['السياحة المستدامة'],arab,0,article
ar,العجائبي في أدب الرحلات العربية,2018,,سميرة مداح,10.34277/1454-000-015-013,https://openalex.org/W2977953175,['الرحلات'],arab,0,article
ar,رياح التغيير في السياسة السعودية,2015,,فهمي هويدي,,https://openalex.org/W2785694160,['العمرة'],arab,0,article
ar,شواهد القبور القبطية بين القرنين الرابع والسابع الميلاديين,2021,University of Sharjah (UoS) Journal of Humanities and Social Sciences,دعاء بهي الدين,10.36394/jhss/18/1b/3,https://openalex.org/W3210928058,['المتحف'],arab,0,article
ar,بعض المظاهر الاقتصادية ببلاد الحجاز من خلال الرحلات المغربية من ق 11 هـ / 17 م,2021,مجلة الدراسات التاريخية و الاجتماعية,فوزية كرراز,10.36353/1515-000-050-001,https://openalex.org/W3203757014,['الرحلات'],arab,0,article
ar,توظيف الواقع الافتراضي والواقع المعزز في تعزيز التسويق السياحي بمصر: دراسة شبه تجريبية,2025,المجلة العربية لبحوث الاعلام والاتصال,لامان محمد أحمد; وائل إسماعيل عبدالباري; إيناس عبدالحميد الخريبي,10.21608/jkom.2025.467525,https://openalex.org/W4416849922,['التسويق السياحي'],arab,0,article
ar,دراسات حول المنظمات العامة المستدامة,2018,Naif University Press eBooks,Amer Khudair Al-Kubaisy,10.26735/mnvi2278,https://openalex.org/W4387019102,['السياحة المستدامة'],both,0,book
ar,تسوية ملف العقار السياحي كرهان لفتح أبواب الاستثمار السياحي في الجزائر,2017,مجلة جيل الأبحاث القانونية المعمقة,محمد يوسفي; مزيان محمد أمين,10.33685/1545-000-014-004,https://openalex.org/W2954189679,['السياحي'],arab,0,article
ar,المتغيرات الجيوستراتيجية في البحر الأحمر وانعكاساتها على الاستقرار السياسي والاقتصادي,2025,المجلة العلمية للبحوث والدراسات التجارية,السيد خضر محمد محمد إسماعيل,10.21608/sjrbs.2025.420986.2212,https://openalex.org/W4417236504,['مبادرة الحزام والطريق'],both,0,article
ar,أهمية المشاريع المقاولية ضمن إطار استراتيجية التسويق السياحي وتحقيق التنمية المستدامة: دراسة تطبيقية لولاية بشار الجزائر,2018,مجلة مجاميع المعرفة,منصورية زعفران; فاطمة لعلمي,10.37166/2058-000-006-009,https://openalex.org/W2997648065,['التسويق السياحي'],arab,0,article
ar,توسیط إمتنان ورضا العمیل فی العلاقة بین المشارکة فی خلق القیمة والنوایا السلوکیة الإیجابیة لعملاء الفنادق بمصر: الدور المعدل للعدالة المدرکة لسعر الخدمة,2021,مجلة جامعة الإسکندرية للعلوم الإدارية,محمد عبد النبی خشان,10.21608/acj.2021.146601,https://openalex.org/W3130808960,"['الضيافة', 'صناعة الضيافة']",arab,0,article
ar,تأثير التحديات البيئية على جاذبية المقصد السياحي المصري,2023,Mağallaẗ Al-Maʿhad Al-ʿālī Lil Dirāsāt Al-Nawʿiyyaẗ /Mağallaẗ Al-Maʿhad Al-ʿālī Lil Dirāsāt Al-Nawʿiyyaẗ,مران خالد,10.21608/hiss.2023.316407,https://openalex.org/W4386571446,"['السائح', 'السياحة الثقافية', 'السياحي']",arab,0,article
ar,الإبجرامات الشعرية في التراث العربي,2021,,آيت العسري عادل بن علال,10.37163/2031-009-002-006,https://openalex.org/W4412115483,['التراث'],arab,0,article
ar,طرق اكتساب العقار السياحي في القانون الجزائري,2019,مجلة الاجتهاد للدراسات القانونية والاقتصادية,تقار مختار; مصطفى عبدالنبى,10.36540/1914-008-002-012,https://openalex.org/W3093180224,['السياحي'],arab,0,article
ar,الصيد والقنص في الآثار العربية,2021,Al-Adab Journal,صلاح حسين العبيدي,10.31973/aj.v0i30.2411,https://openalex.org/W4317039232,['الآثار'],arab,0,article
ar,السياحة الرقمية كأحد تطبيقات التكنولوجيا في السياحة (بالإشارة إلى المتاحف الرقمية),2023,Maǧallaẗ Rūḥ Al-Qawānīn /Maǧallaẗ Rūḥ Al-Qawānīn,مصطفى عبدالمجيد عبدالحميد,10.21608/las.2023.344087,https://openalex.org/W4392614594,"['السائحين', 'السياحة', 'السياحة المستدامة', 'المتاحف']",arab,0,article
ar,السياحة الدينية في المدينة المنورة وإمکانات تنميتها مستقبلا - دراسة جغرافية باستخدام نظم المعلومات الجغرافية,2019,المجلة العربية للدراسات الجغرافية,باسمة يحيا الطالب,10.21608/jasg.2019.54060,https://openalex.org/W3158936143,['السياحة الدينية'],arab,0,article
ar,دور قناة الشمالية في الترويج السياحي في الولاية الشمالية,2024,مجلة ابن خلدون للدراسات والأبحاث,عبد الفتاح إبراهيم,10.56989/benkj.v4i7.1095,https://openalex.org/W4403756370,['السياحي'],arab,1,article
ar,النموذج الإعلامي الأمثل لتنمية السياحة الدينية بين العراق وإيران وفق منهجية كيو,2025,مجلة الكلية الإسلامية الجامعة,إبراهيم عناد راضي البديري; سيد مرتضي إسمعيلي طباء; داود صفا,10.51837/0827-000-084-002,https://openalex.org/W4414959155,['السياحة الدينية'],arab,0,article
ar,العقار السياحي في الجزائر والمنازعات الإدارية المرتبطة به,2019,مجلة الحقوق والعلوم الانسانية,حميش محمد,,https://openalex.org/W2998124322,['السياحي'],arab,0,article
ar,حماية المعالم الطينية الأثرية بالجزائر - مباني ليشانة ببسكرة,2024,مجلة التراث والتصميم,رقية عبد الصمد,10.21608/jsos.2024.269627.1493,https://openalex.org/W4393154118,['المعالم الأثرية'],arab,0,article
ar,لوحة iwi-n.f بالمتحف المصري رقم 20340,2025,"Mağallaẗ Kulliyyaẗ Al-Adāb, Ǧāmiʿaẗ Al-Iskandariyyaẗ/Mağallaẗ Kulliyyaẗ Al-Adāb, Ǧāmiʿaẗ Al-Iskandariyyaẗ",نوال الصافى سعد إبراهيم اليمني,10.21608/bfalex.2025.407519,https://openalex.org/W4407077624,['المتحف'],arab,0,article
ar,دراسة تحلیلیة لتأثیر قیمة وجودة الخدمات السیاحیة على ولاء السائحین للمقصد السیاحى المصرى,2019,المجلة الدولية للتراث والسياحة والضيافة,سمر طلعت; سوزان حسن; محمد سلیمان,10.21608/jihtha.2019.41495,https://openalex.org/W2964734863,"['السائح', 'السائحين']",arab,0,article
ar,"تأثير أبعاد القيادة الخادمة على أبعاد الملكية النفسية: ""دراسة كمية ميدانية على الموظفين بقطاع الحج والعمرة بالمملكة العربية السعودية""",2026,Mağallaẗ Ǧāmi'aẗ  El-Ṣāliḥiyyaẗ El-Ǧadīdaẗ Lil-ʿulūm Al-Idāriyyaẗ wa Al-Iqtiṣādiyyaẗ.,حنين الشريف,10.21608/jsasc.2026.485975.1046,https://openalex.org/W7172305960,['الحج والعمرة'],arab,0,article
ar,المهمة المستحيلة في بلاد مملكة سبأ، حكاية مهندس في شبوة 1974م–1975م: مشروع حماية المواقع والقطع الأثرية في منطقة الجوف,2020,Centre français de recherche de la péninsule Arabique eBooks,إيف ايجيل,10.4000/books.cefas.2566,https://openalex.org/W3013664261,['السفر'],arab,0,book-chapter
ar,جوازات السفر الجزائرية لدول بحر الشمال 1583-1830,2020,مجلة العلوم الإنسانية,إسماعيل توتة; عبدالقادر فكاير,10.35395/1728-007-002-002,https://openalex.org/W3111404349,['السفر'],arab,0,article
ar,جهود مصر فی تنظیم الرقابة الصحیة على الحج,2019,حولیة کلیة اللغة العربیة بالزقازیق – جامعة الأزهر,عبدالمنعم عبدالمجید,10.21608/bfla.2019.69142,https://openalex.org/W3003178117,['الحج'],arab,0,article
ar,"مكانة شمال افريقيا في مبادرة الحزام والطريق الصينية:, مصر انموذجا",2022,مجلة المستنصرية للدراسات العربية والدولية,مصطفى إبراهيم سلمان الشمري,10.35155/0965-000-077-003,https://openalex.org/W4411784443,['مبادرة الحزام والطريق'],both,0,article
ar,"التنمية السياحية المستدامة في الجزائر:, المؤشرات والرهانات ""المخطط التوجيهي للتهيئة السياحية بالجزائر 2030 نموذجا""",2019,مجلة جامعة الحسين بن طلال للبحوث,سمير بن عياش; الهام عالم,10.36621/0397-005-990-003,https://openalex.org/W3093150081,"['التنمية السياحية', 'السياحية']",arab,0,article
ar,Style In Arabic: An Idiosyncrasy,2025,اداب الرافدین,Sabhan ChChan Toqan; Sanna Sabih Othman,10.33899/radab.2025.154889.2260,https://openalex.org/W4410915708,['التراث الثقافي'],arab,0,article
ar,حجاجية الصورة في الخطاب الإشهاري السياحي الجزائري,2021,,عبدالرحمان عبدالدايم,10.54246/1548-014-003-004,https://openalex.org/W4411903734,['السياحي'],arab,0,article
ar,اثر السياحة علي التنمية الاقتصادية والتسويق السياحي,2023,Mağallaẗ Al-Buḥūṯ wa Al-Dirāsāt Al-Ifrīqiyyaẗ wa Duwal Ḥūḍ Al-Nīl/Mağallaẗ Al-Buḥūṯ wa Al-Dirāsāt Al-Ifrīqiyyaẗ wa Duwal Ḥūḍ Al-Nīl,حسين حسن على آدم,10.21608/mbddn.2023.217607.1056,https://openalex.org/W4385846922,"['السياحة', 'السياحة المستدامة', 'السياحي', 'صناعة السياحة']",arab,1,article
ar,دور الأرشيفات ومراكز الوثائق والمتاحف الوطنية بالسودان في ظل التقنيات الذكية: ( رؤية مستقبلية ),2023,Al-Mağallah Al-ʿarabiyyaẗ Al-Dawliyyaẗ Li Dirāsāt Al-Maktabāt wa Al-Maʿlūmāt,فائزة إبراهيم أحمد صديق,10.21608/aijli.2023.282423,https://openalex.org/W4318768095,['المتاحف'],arab,0,article
ar,إستراتيجية التسويق السياحي المنتهجة لتحقيق التنمية الاقتصادية المستدامة في الجزائر، تونس والمغرب - دراسة مقارنة خلال الفترة (2000-2017)-,2021,مجلة المنهل الاقتصادي,أحمد طلحة; علي العبسي,,https://openalex.org/W3205862698,['التسويق السياحي'],arab,0,article
ar,مدينة زبيد اليمنية وتحصيناتها,2019,Ḏākiraẗ Al-ʿarab,عبد الله عبد السلام الحداد,10.21608/zarab.2019.377704,https://openalex.org/W4402444715,['التراث الثقافي'],arab,0,article
ar,واقع ومستقبل السياحة الصحراوية في الجزائر - ولاية بسكرة نموذجا-,2021,Economic Studies,نور الدين بلغلام; حدة رايس,,https://openalex.org/W3191443201,['السياحة الصحراوية'],arab,0,article
ar,جرائم التعدي على التراث الثقافي المنقول في التشريع الجزائري,2020,مجلة الدراسات الحقوقية,آمال فكيرى,10.35777/1799-007-003-007,https://openalex.org/W4411879347,['التراث الثقافي'],arab,0,article
ar,الدور التثقيفي للمتاحف الجزائرية دراسة نموذجية للمتاحف الوطنية,2014,Dépôt Institutionnel de lUniversité de Tlemcen,Abderahim Laama,,https://openalex.org/W7135324259,['المتاحف'],arab,0,dissertation
ar,"الاستثمار السياحي في الجزائر:, رهانات وآفاق",2023,مجلة العلوم الإدارية والمالية,سامية معتوق; غنية بن حركو,10.37644/1939-007-001-020,https://openalex.org/W4412149481,['السياحي'],arab,0,article
ar,ثقافة التعامل مع السائح فی مدینة الغردقة من منظور جغرافی,2021,المجلة الجغرافية العربية,مریان نشات فرح عبد الشهید,10.21608/agj.2021.162873,https://openalex.org/W3176420508,"['السائح', 'السائحين']",arab,0,article
ar,لوحة حسو ببى @sw bbi رقم ( CG 20626 ) ( المتحف المصرى ),2017,مجلة الإتحاد العام للآثاريين العرب,أحمد عبدالرحمن,10.21608/jguaa.2017.4742,https://openalex.org/W2780324441,['المتحف'],arab,0,article
ar,تأثیر جودة الخدمات المقدمة فی شرکات السیاحة المصریة على رضاء السائح,2021,المجلة الدولية للتراث والسياحة والضيافة,أشرف محمود عبد العزیز; سوزان بکرى; سالى خلیل; رغدة بدر الدین,10.21608/jihtha.2021.211732,https://openalex.org/W4205719125,"['السائح', 'السائحين']",arab,0,article
ar,توجهات مستخدمي السياحة الرقمية في ضوء التحول الوطني للمملكة العربية السعودية (جامعة حائل انموذجا),2020,"Journal of Arts, Literature, Humanities and Social Sciences",,10.33193/jalhss.62.2020.357,https://openalex.org/W3112788094,"['التسويق السياحي', 'صناعة السياحة']",arab,0,article
ar,السياسات الحكومية كممارسة خطابية: تحليل خطاب نقدي لتمثيلات حقوق المرأة في الصحافة النسائية المصرية والتونسية خلال الأزمات النظامية,2025,المجلة العربية لبحوث الاعلام والاتصال,أسماء أحمد أبو زيد علام,10.21608/jkom.2025.473885,https://openalex.org/W7117461429,['الموروث الثقافي'],arab,0,article
ar,من الحفظ إلى التعافي: تداعيات انفجار مرفأ بيروت على متحفين في بيروت,2025,Al-Mağallah Al-ʿarabiyyaẗ Al-Dawliyyaẗ Li Tuknūlūğyā Al-Maʿlūmāt wa Al-Bayānāt,روديكا العجيل,10.21608/aijtid.2025.376786.1131,https://openalex.org/W4412579741,['المتاحف'],arab,0,article
ar,"السياحة في ليبيا ""دراسة في جغرافية السياحة""",2024,المجلة الليبية العالمية,أ. احلام مصطفى مداوي,10.37376/glj.vi65.5821,https://openalex.org/W4399662204,['السياحة'],arab,0,article
ar,"سمات التعبير الأدبي في ديوان ""ليالي الحلم"" للأديبة الشاعرة أ.د أحلام الحسن",2023,Mağallaẗ Kulliyyaẗ Al-Dirāsāt Al-Islāmiyyaẗ wa Al-ʿarabiyyaẗ Lil Banāt Bil Sādāt,سيد فاروق أحمد محمد,10.21608/jfiags.2023.333062,https://openalex.org/W4390514116,['الموروث الثقافي'],arab,0,article
ar,الصناعات التقليدية الجزائرية والثقافة السياحية,2017,مجلة أنثروبولوجية الأديان,العربي بوحسون,,https://openalex.org/W2988915444,['السياحية'],arab,0,article
ar,العلاقات العامة الرقمية ودورها في دعم التسويق السياحي في المملكة العربية السعودية واتجاهات الجمهور نحوها,2025,Al-Mağallah Al-Dawliyyaẗ li Buḥūṯ Al-Iʿlām wa Al-Itiṣālāt,حسين حسين بن فايز بن شارع; عايدة السخاوي; هدى الدسوقي,10.21608/ijmcr.2025.453534,https://openalex.org/W4414294163,['التسويق السياحي'],arab,0,article
ar,"شخصية الغجري في المسرح المصري المعاصر قراءة في مسرحية ""الغجري"" للكاتب ""بهيج إسماعيل"" ومسرحية ""الغجرية والسنكوح"" للكاتب ""السيد حافظ "" The Gypsy Character in Contemporary Egyptian Theatre Reading the play ""The Gypsy"" by the writer ""Bahig Ismail"" and the play ""The Gypsy and the Sankoh"" by the writer ""Sayed Hafez""",2025,Al-Mağallah Al-ՙilmiyyaẗ Li ʿulūm Al-Tarbiyyaẗ Al-Nawʿiyyaẗ,أحلام محمود محمود,10.21608/sjsep.2025.396092.1305,https://openalex.org/W4413173618,['الموروث الثقافي'],arab,0,article
ar,Using augmented reality to improve tourism marketing effectiveness in Egypt: Theoretical Analysis and Conceptualization,2025,المجلة العلمية للدراسات التجارية والبيئية,Alaa Aggag; Wael Kortam,10.21608/jces.2025.457423,https://openalex.org/W4414885773,['التسويق السياحي'],arab,0,article
ar,واقع وآفاق حماية التراث الثقافي في المنطقة العربية,2021,Security Policy Paper,Fadel Belbish,10.26735/djff8984,https://openalex.org/W3156574434,['التراث الثقافي'],arab,0,article
ar,آفاق النشاط السياحي والمنظمات الفندقية في الجزائر,2016,مجلة تاريخ العلوم,إبراهيم الخليل بلعباس; مراد فرنانة,10.37613/1678-000-004-017,https://openalex.org/W2765142926,['السياحي'],arab,0,article
ar,تسویق المتاحف الأثریة فی مصر بالتطبیق على متحف الوادى الجدید,2020,المجلة الدولية للتراث والسياحة والضيافة,حسناء حسن حامد,10.21608/jihtha.2020.162508,https://openalex.org/W3155607818,['المتاحف'],arab,0,article
ar,الآثار القانونية لاعتراف الأمم المتحدة بالدولة الفلسطينية,2022,المجلة الأكاديمية للبحوث القانونية والسياسية,منير رياض عبدالهادي,10.52126/2238-006-002-037,https://openalex.org/W4412142184,['الآثار'],arab,0,article
ar,""" مساهمة المجتمع المحلي في التنمية السياحية المستدامة بالجزائر"" (دراسة استطلاعيةبولاية المسيلة)",2012,Economic Studies,بزة صالح,,https://openalex.org/W2964804184,['التنمية السياحية'],arab,0,article
ar,فاعلية الرحلات التخيلية في تدريس الدراسات الاجتماعيه في تنمية بعض القيم الاجتماعية لدى تلاميذ المرحلة المتوسطة بدولة الكويت,2026,مجلة کلية التربية (أسيوط),نوال راهى ذوقان غصن الضفيري,10.21608/mfes.2026.440374.2382,https://openalex.org/W7154893936,['الرحلات'],arab,0,article
ar,التسويق السياحي آلية لصناعة السياحة في الجزائر -بالإشارة للتجربة الماليزية,2018,recherches économiques,بلحسن بلال,,https://openalex.org/W2914946293,['التسويق السياحي'],arab,0,article
ar,واقع المدارس الثانوية الفنية الفندقية,2021,مجلة المناهج المعاصرة وتكنولوجيا التعليم,شيماء محسن عثمان عبد الهادي,10.21608/msite.2021.279881,https://openalex.org/W4320161309,"['السياحة الثقافية', 'السياحة الدينية']",arab,0,article
ar,نفقة محرم المراة في الحج الواجب,2024,Al-Mağallah Al-Miṣriyyaẗ Lil Buḥūṯ wa Al-Dirāsāt Al-Islāmiyyaẗ,وفاء محمد عبدالقادر مرسي,10.21608/sjrse.2024.279411.1029,https://openalex.org/W4399024979,['الحج'],arab,0,article
ar,توظيف برامج العلاقات العامة في الوطن العربي لرفع الوعي لدى الحجاج المعتمرين,2025,Journal of the Faculty of Arts and Media – Misurata University,مرتضى البشير الأمين,10.36602/famj.2021.11.4,https://openalex.org/W4411402624,['الحج والعمرة'],arab,0,article
ar,التفكر اللساني في التراث العربي,2012,مجلة الممارسات اللغوية,لخضر روبحي,10.35269/1452-000-012-003,https://openalex.org/W2191097870,['التراث'],arab,0,article
ar,دور المقومات السیاحیة الدینیة فی تنشیط الحرکة السیاحیة فی مصر بالتطبیق على محافظة جنوب سیناء,2018,المجلة الدولية للتراث والسياحة والضيافة,مروة حمزه; هناء فاید; مصطفى ابوحمد,10.21608/jihtha.2018.31478,https://openalex.org/W2945739352,['السياحة الدينية'],arab,0,article
ar,""" فاعلیة الرحلات المعرفیة عبر الویب ( ویب کویست ) لتعلم العلوم فی تنمیة بعض مهارات عملیات العلم لدى طالبات المرحلة المتوسطة """,2013,دراسات عربية في التربية و علم النفس,ماهر إسماعیل صبــــری; لیلى بنت عصام الجهنی,10.21608/saep.2013.50191,https://openalex.org/W3159585447,['الرحلات'],arab,0,article
ar,"لوحات ""محمود سعید"" کنصب تذکاری ملون فى مصر للذاکرة الجماعیة",2021,مجلة العمارة والفنون والعلوم الإنسانية,هالة ابراهیم محمد السید,10.21608/mjaf.2020.24709.1530,https://openalex.org/W3122111092,"['السائح', 'المتاحف']",arab,1,article
ar,"الطلب على ""الحمام"" في مصر المعاصرة",2014,Insaniyat / إنسانيات,دينا كمال الدين شهيب,10.4000/insaniyat.14673,https://openalex.org/W2600786932,['التراث الثقافي'],arab,0,article
ar,حصول أبناء المواطنة من أب أجنبي على الجنسية الإماراتية طبقا لتعديلات قانون الجنسية لسنة 2017,2022,مجلة جامعة الشارقة للعلوم القانونية,زياد العنزي,10.36394/jls.v18.i2.11,https://openalex.org/W4220683617,['السفر'],arab,1,article
ar,السياحة الإسلامية كخيار استراتيجي لتفعيل القطاع السياحي في الجزائر,2018,,صليحة فلاق,10.35156/0505-000-018-005,https://openalex.org/W2985560651,"['السياحة', 'السياحي']",arab,1,article
ar,استراتيجية التغلب علي الظواهر الاجتماعية السلبية المؤثرة علي تجربة السائح في مصر,2023,Mağallaẗ Al-Maʿhad Al-ʿālī Lil Dirāsāt Al-Nawʿiyyaẗ /Mağallaẗ Al-Maʿhad Al-ʿālī Lil Dirāsāt Al-Nawʿiyyaẗ,ايمان محمود احمد محمود,10.21608/hiss.2024.327897,https://openalex.org/W4389550835,"['السائح', 'السائحين']",arab,0,article
ar,سفر الزوج بين الإطلاق والتقييد دراسة فقهية مقارنة بقانون الأحوال الشخصية المصري,2023,DOAJ (DOAJ: Directory of Open Access Journals),عادل موسى عوض جاب الله,10.21608/jfsu.2023.183107.1094,https://openalex.org/W7162514683,['السفر'],arab,0,article
ar,الإعسار في القانون المدني القطري: بين غياب التنظيم التشريعي وترتيب بعض الآثار,2017,International Review of Law,باسم محمد ملحم,10.5339/irl.2017.2,https://openalex.org/W2604326151,['الآثار'],arab,2,article
ar,التأثيرات النفسية و الاجتماعية للطلاق على الأطفال : دراسة على عينة من الأطفال في دار الضيافة في اتحاد المرأة الأردنية,2012,Journal of humanities and social sciences,الغرايبة ، فاكر محمد; عليمات ، حمود سالم,,https://openalex.org/W2304789266,['الضيافة'],arab,0,article
ar,أدب الرحلات، وتمفصلات الفضاء الجغرافي.,2019,,ناصر بعداش,,https://openalex.org/W3128510753,['الرحلات'],arab,0,article
ar,"""فاعلية الاستراتيجية الاقتصادية في دعم السياحة البيئية للشعب المرجانية""",2022,Mağallaẗ Ǧāmiʿaẗ Ǧanūb Al-Wadī Al-Dawliyyaẗ Lil Buḥūṯ Al-Tiğāriyyaẗ,نشأت ادوارد ناشد جرجس,10.21608/mgsji.2023.223241.1010,https://openalex.org/W4386197350,['السياحة البيئية'],arab,0,article
ar,دور الأمن السياحي في دعم صناعة السياحة في الجزائر,2021,,Nabila Sassane; Leila Hlimi,,https://openalex.org/W3128180769,['صناعة السياحة'],arab,0,article
ar,التهيئة السياحية في ولاية المدية,2018,Revue Sciences Humaines (Université des Frères Mentouri Constantine 1),"صحراوي, محمد; أحسن بن ميسي",,https://openalex.org/W2952189112,"['التنمية السياحية', 'السياحية']",arab,0,article
ar,القدس تحيا في المتحف الفلسطيني,2018,مجلة الدراسات الفلسطينية,مهند عبد الحميد,10.12816/0046758,https://openalex.org/W2895683147,['المتحف'],arab,0,article
ar,دور الاستثمار العربي والأجنبي في تطوير السياحة.,2018,Journal of Legal and Political Studies,بن زيد فتحي,,https://openalex.org/W2951226611,['السياحة'],arab,0,article
ar,"تأثير التسويق الحسي على مردود صناعة السياحة الداخلية الليبية:, معوقات التأثير",2021,,ناصر عبد الكريم الغزواني; ياسين فتحي النفاتي,10.47173/2134-004-001-003,https://openalex.org/W4205692848,"['التسويق السياحي', 'صناعة السياحة']",arab,0,article
ar,تنامي نفوذ الصين في الشرق الأوسط وتداعياته على العلاقات الأمريكية,2024,المجلة العربية للعلوم و نشر الأبحاث,خلدون عبد الصمد,10.26389/ajsrp.k080624,https://openalex.org/W4400228097,['مبادرة الحزام والطريق'],both,0,article
ar,تنشیط سیاحة المهرجانات و أثرها على النشاط السیاحی فى مصر,2017,مجلة کلية السياحة والفنادق جامعة المنصورة,محمد إبراهیم حسن السید السید; مروة علی عبد الوهاب; نرمین الشحات نصر,10.21608/mkaf.2017.106924,https://openalex.org/W3059219650,['السائحين'],arab,0,article
ar,السلامة في المنشآت السياحية,2016,Naif University Press eBooks,Muhammed Naser Al-Beshi,10.26735/foqp9762,https://openalex.org/W2336945500,['السياحية'],arab,0,book
ar,"واقع الحكومة الإلكترونية في الجزائر من وجهة نظر العاملين بالمصلحة المكلفة بإصدار بطاقات التعريف وجوازات السفر البيومترية:, دراسة حالة المقاطعة الإدارية تقرت",2019,,محمد الصادق غطاس; عبد الرحمان بن سانية,10.35156/1433-006-002-010,https://openalex.org/W3000024206,['السفر'],arab,0,article
ar,تطبیق إدارة التنوع فی الجهاز السیاحی الحکومی وأثره فی الأداء التنظیمی,2017,المجلة الدولية للتراث والسياحة والضيافة,رانیا عبد الرحمن; دعاء حزٌه,10.21608/jihtha.2017.43091,https://openalex.org/W2969901597,['صناعة السياحة'],arab,0,article
ar,تحديات تدبير الموارد المائية وتأثيرها على فرص تنويع الأنشطة الاقتصادية في المناطق الجبلية: حالة الجماعة الترابية أيت السبع لجروف بالأطلس المتوسط الأوسط الشمالي,2025,PRSM,Houda Bouhlal; Menir SAdki,10.34874/prsm.rejsd-vol1iss2.5655,https://openalex.org/W7125838557,['السياحة الريفية'],arab,0,article
ar,الآثار البيئية للصناعة النفطية في العراق,2018,العلوم الاقتصادية,ندوة هلال جودة; هدير نبيل جعفر,10.33762/0672-013-051-002,https://openalex.org/W2949988835,['الآثار'],arab,1,article
ar,السياحة المستدامة كاستراتيجية لتحقيق التنمية السياحية بالمغرب دراسة تحليلية (من 2000 إلى 2017),2019,مجلة الباحث للدراسات الأكاديمية,تقرارت يزيد,,https://openalex.org/W2947566159,"['التنمية السياحية', 'السياحة المستدامة']",arab,0,article
ar,مقومات النشاط السياحي في سلطنة عمان,2022,المجلة العلمیة لکلیة الآداب-جامعة دمياط,سهام محمد محمد محمد بصل,10.21608/artdau.2023.120333.1072,https://openalex.org/W4320910278,['السياحي'],arab,0,article
ar,"الحكاية الشعبية، الأبعاد والقيم : ""بقرة اليتامى"" أنموذجا",2023,Insaniyat / إنسانيات,مختار حسيني,10.4000/insaniyat.28655,https://openalex.org/W4384569191,['التراث الثقافي'],arab,0,article
ar,اوهام السائح الهروي (ت٦١١ه) في كتابه الإشارات الى معرفة الزيارات الشام ومصر انموذجا,2024,مجلة واسط للعلوم الانسانية,سوسن فاضل كاظم,10.31185/wjfh.vol20.iss56.514,https://openalex.org/W4391912170,['السائح'],arab,0,article
ar,الاهمية السياحية لشواخص الديانة المسيحية في قضاء عين التمر,2024,Journal of Administration and Economics,اسراء وائل رشيد; زينب صادق مصطفى,10.31272/jae.i144.1246,https://openalex.org/W4402612671,"['السياحة الثقافية', 'السياحية']",arab,0,article
ar,انعكاسات السياحة العلمية على العلاقات الاقتصادية الدولية,2024,المجلة العربية لعلوم السياحة والضيافة والآثار,نشأت ادوارد ناشد; حورية بن علو,10.21608/kjao.2024.346269,https://openalex.org/W4393165703,['السياحة'],arab,0,article
ar,المعالجة التصميمية للمراكز الاستشفائية لمرضى ثنائي القطب بالمملكة العربية السعودية,2024,مجلة العمارة والفنون والعلوم الإنسانية,هبة ابراهيم سيد علي; سدين عادل الأحمدي,10.21608/mjaf.2024.248874.3271,https://openalex.org/W4391719112,['المنتجعات'],arab,0,article
ar,أثر الرقمنة على طريق الحرير - الآفاق و التحديات,2024,Mağallaẗ Al-Maʿhad Al-ʿālī Lil Dirāsāt Al-Nawʿiyyaẗ /Mağallaẗ Al-Maʿhad Al-ʿālī Lil Dirāsāt Al-Nawʿiyyaẗ,نوران عمرو; Ahmed Ismail,10.21608/hiss.2024.296152.1360,https://openalex.org/W4400043442,"['طريق الحرير', 'مبادرة الحزام والطريق']",both,0,article
ar,آفاق ترقية قطاع السياحة في الاقتصاد الجزائري,2015,Economic Studies,بوثلجة عائشة,,https://openalex.org/W2914031072,['السياحة'],arab,0,article
ar,من مجموعة إدوارد فريدهايم الفنية إلى افتتاح متحف الفنون الجميلة في الإسكندرية: دراسة تاريخية لتراث الفنون بالإسكندرية ودوره في تعزيز السياحة ا لثقافية,2025,مجلة کلية السياحة والفنادق - جامعة مدينة السادات,إسلام عاصم عبد الكريم بيومي,10.21608/mfth.2025.469627,https://openalex.org/W4417235929,"['السياحة الثقافية', 'المتاحف']",arab,0,article
ar,فرص وتحديات التنمية السياحية المستدامة في الجزائر,2018,مجلة البحوث و الدراسات التجارية,شريط صلاح الدين; نجاعي مليكة,,https://openalex.org/W2947597914,"['التنمية السياحية', 'السياحية']",arab,0,article
ar,التنمية السياحية المستدامة فى مصر: الفرص والتحديات,2024,Mağallaẗ Rāyaẗ Al-Dawliyyaẗ Lil ʿulūm Al-Tiğāriyyaẗ,د محمد أيمن الجوجرى,10.21608/rijcs.2024.322665.1171,https://openalex.org/W4403873581,"['التنمية السياحية', 'السياحية']",arab,0,article
ar,الاستفادة من استخدام برامج التصميم في تحويل الأواني الوظيفية إلى اعمال خزفية,2023,Al-academy,الاء عبدالله الجحدلي; منال صالح عثمان الصالح,10.35560/jcofarts1186,https://openalex.org/W4389855454,['الموروث الثقافي'],arab,0,article
ar,أثر الهوية الثقافية لمقدمي الخدمة السياحية في بناء العلامة التجارية لمصر - وجهة نظر السائح,2023,Al-Maǧallaẗ Al-Akādīmiyyaẗ Lil Buḥūṯ Al-Tiğāriyyaẗ Al-Muʿāṣiraẗ,شهيرة علي صيام; هــالـة محمد لبيب عنبة,10.21608/ajcjc.2023.304693,https://openalex.org/W4383107811,['السائح'],arab,0,article
ar,السياسات المناخية والسلوك المستدام في وكالات السفر المصرية: الدور الوسيط للثقافة التنظيمية الخضراء والأثر المعدل للتنسيق ا لحكومي,2025,مجلة کلية السياحة والفنادق - جامعة مدينة السادات,احمد محروس خضير,10.21608/mfth.2025.452632,https://openalex.org/W4414311020,['السفر'],arab,0,article
ar,دراسة حالة,2016,Dépôt Institutionnel de lUniversité de Tlemcen,Rachida Si Tayeb,,https://openalex.org/W7135286004,['المتحف'],arab,0,dissertation
ar,جماليات الأعمال التشكيلية ودورها في توثيق التراث الثقافي غير المادي في دولة الكويت- أعمال الفنان أيوب حسين نموذجا,2026,المجلة المصرية للدراسات المتخصصة,ريهام فهد ناصر الرغيب,10.21608/ejos.2026.479345,https://openalex.org/W7125777624,['التراث الثقافي'],arab,0,article
ar,الآثار السلبية لهجرة الأدمغة علي الجامعة الجزائرية,2018,مجلة الناقد للدراسات السياسية,بزرل كبير عبدالكريم,10.37136/1999-000-002-011,https://openalex.org/W3009495995,['الآثار'],arab,0,article
ar,Recruitment Methods at the Travel Agencies in Egypt: Risks and Costs,2017,مجلة کلية السياحة والفنادق - جامعة مدينة السادات,Soha Bahgat,10.21608/mfth.2017.26086,https://openalex.org/W2915204897,['السفر'],arab,0,article
ar,مقومات صیاغة السیاسة التعلیمیة فی مصر وعلاقتها بآلیات المجتمع الافتراضی,2021,مجلة شباب الباحثين في العلوم التربوية لكلية التربية جامعة سوهاج,فیصل الراوى رفاعى; رجب صدیق سلطان; احمد خلیفة خلیفة حماد,10.21608/jyse.2021.149366,https://openalex.org/W3135643386,['السفر'],arab,0,article
ar,دور السياحة المستدامة في التنمية المحلية,2021,International Journal on Humanities and Social Sciences,م.م. نوال محمد سلمان,10.33193/ijohss.25.2021.315,https://openalex.org/W4200124053,"['السياحة', 'السياحة المستدامة']",arab,0,article
ar,المتاجرة في الآثار بين الحظر والتقييد دراسة قانونية,2020,مجلة دراسات قانونية,د. فرج سليمان حموده,10.37376/jols.vi26.1078,https://openalex.org/W4390149712,"['الآثار', 'الموروث الثقافي']",arab,0,article
ar,تطبیق إدارة الجودة المتکاملة وأثره على الحرکة السیاحیة الوافدة إلى منطقة شرم الشیخ,2018,مجلة کلية السياحة والفنادق جامعة المنصورة,شیماء أبو خنجر محمد عبد الله; أسماء علی إبراهیم شجاع,10.21608/mkaf.2018.106923,https://openalex.org/W3071124099,"['التنمية السياحية', 'السائحين']",arab,0,article
ar,دور المتاحف المتخصصة في حفظ و عرض المقتنيات الاثرية - متحف العملة بتونس أنموذجا -,2018,مجلة البحوث والدراسات,لخضر سليم قبوب; رشيدة سي الطيب; بن شرقي حليلي,,https://openalex.org/W2889565537,['المتاحف'],arab,0,article
ar,نوازل الاستطاعة فی الحج الخاصة بالمرأة,2017,مجلة البحوث الفقهية والقانونية,د/ نورة احمد سید,10.21608/jlr.2017.30000,https://openalex.org/W2937754452,['الحج'],arab,0,article
ar,اهمية عناصر المزيج الثقافي والميزة التنافسية على جذب السائحين الاجانب ذوي التوجه الثقافي الي مصر,2023,Mağallaẗ Al-Maʿhad Al-ʿālī Lil Dirāsāt Al-Nawʿiyyaẗ /Mağallaẗ Al-Maʿhad Al-ʿālī Lil Dirāsāt Al-Nawʿiyyaẗ,وليد عباس محمود محمد اباظة,10.21608/hiss.2023.294769,https://openalex.org/W4366975371,"['السائح', 'السائحين']",arab,0,article
ar,طرق الحج البرية ورکب الحجاج في العهد الإسلامي من اليمامة والبحرين إلى الحرمين الشريفين,2021,دورية کان التاريخية,ربيعة أحمد عمران المداح,10.21608/kan.2021.231369,https://openalex.org/W4285453348,['الحج'],arab,0,article
ar,تأثیر الاتصالات الاداریه علی کفاءه اداره الازمه اثناء حدوثها,2018,المجلة العلمية للدراسات التجارية والبيئية,نورهان السید محمد عبد الغفار; نسمه قمر,10.21608/jces.2018.51327,https://openalex.org/W2980822466,['المنتجعات'],arab,0,article
ar,مفهوم العلم في التراث العربي الإسلامي,2013,الدليل,,10.12816/0003137,https://openalex.org/W4234029338,['التراث'],arab,0,article
ar,استكشاف فرص الواقع الافتراضي متعدد الحواس في تسويق المقاصد السياحية,2024,مجلة کلية السياحة والفنادق - جامعة مدينة السادات,أحلام محمد سلام; عزة ماهر خليل; محمود رمضان العزب,10.21608/mfth.2024.385770,https://openalex.org/W4403654055,['التسويق السياحي'],arab,0,article
ar,أثر الاستثمار السياحي على التنمية الإقتصادية في الجزائر,2017,recherches économiques,حيزية حاج الله,,https://openalex.org/W2788080801,['السياحي'],arab,0,article
ar,التنمیة السیاحية للكهوف فی اقلیم كوردستان العراق,2022,The Journal of The University of Duhok,Shirwan Omer Rashid; Bahri Salem Fatah; Himen Nasradeen Muhammed Ameen,10.26682/hjuod.2022.25.1.28,https://openalex.org/W4285047732,['السائحين'],arab,0,article
ar,أثر الحوكمة على تطوير الشراكات النوعية في وزارة الحج والعمرة: دراسة استشرافية بعام 2022م,2023,مجلة العلوم الإنسانية و الإجتماعية,رانيه خالد الجهني,10.26389/ajsrp.u280523,https://openalex.org/W4391726516,"['الحج', 'الحج والعمرة']",arab,0,article
ar,تأثير انعدام الأمن الوظيفي على الأداء الوظيفي للعاملين في قطاعي الضيافة والسياحة: دور الاغتراب في العمل,2024,مجلة کلية السياحة والفنادق - جامعة مدينة السادات,رانيا السيد إبراهيم أبو; محمد هاني عبد الهادى; إسماعيل محمد حسين; محمد عزت حشاد,10.21608/mfth.2024.333017,https://openalex.org/W4390497218,"['السفر', 'الضيافة', 'صناعة السياحة']",arab,0,article
ar,التحليل المكاني لإنتاج نخيل التمر في منطقة المدينة المنورة بالمملكة العربية السعودية: باستخدام تقنيات الاستشعار عن بعد ونظم المعلومات الجغرافية,2023,مجلة کلية الآداب بقنا,ماهر حامد سعداوي سليمان; إيمان محمود رمزي عبدالرازق,10.21608/qarts.2023.231505.1749,https://openalex.org/W4386575937,['العمرة'],arab,0,article
ar,"الوصف في الخطاب السردي التاريخي رواية ""زرياب""، لمقبول العلوي نموذجا",2025,المجلة العلمية بکلية الآداب,أسماء صالح الزهراني,10.21608/jartf.2025.462404,https://openalex.org/W4415911667,['الموروث الثقافي'],arab,0,article
ar,تنمیة السیاحیة البیئیة فی أربیل بشمال العراق,2020,مجلة کلية السياحة والفنادق جامعة المنصورة,سعد رمیض جسام; أحمد عادل حماد; رانیا محمد بهاء الدین بدر الدین,10.21608/mkaf.2020.125638,https://openalex.org/W3110904564,"['السياحة البيئية', 'المنتجعات']",arab,0,article
ar,واقع وآفاق الاستثمار السياحي في الجزائر,2018,معالم للدراسات القانونية والسياسية,منصوري المبروك; لغنج امباركة,,https://openalex.org/W2944825351,['السياحي'],arab,0,article
ar,دور الصيانة والترميم في الحفاظ على التراث الفني التشكيلي الأردني The Role of Conservation and Restoration in Preserving the Jordanian Plastic Art Heritage,2022,Jordan Journal of the Arts,,10.47016/15.1.23,https://openalex.org/W4220887958,['المتاحف'],arab,0,article
ar,رؤية تربوية مقترحة لتنمية وعي طلاب التعليم قبل الجامعي بالتراث الثقافي المصري غير المادي,2024,المجلة التربوية لکلية التربية بسوهاج,وفاء أحمد محمد حسن أبوزيد,10.21608/edusohag.2024.287185.1474,https://openalex.org/W4401188401,['التراث الثقافي'],arab,0,article
ar,مستوى تنفیذ استراتیجیات التسویق بالعلاقات فی فنادق شمال الصعید المصری,2020,مجلة کلية السياحة والفنادق - جامعة مدينة السادات,محمد عبدالموجود; محمد علی; محمد زکی,10.21608/mfth.2020.150022,https://openalex.org/W3133241436,['الضيافة'],arab,0,article
ar,الانعكاسات الإيجابية لدور السياحة في تحقيق التنمية الاقتصادية والاجتماعية في العراق,2022,Al-Adab Journal,Muslim Ali Al-Shamri,10.31973/aj.v1i142.1821,https://openalex.org/W4295925529,"['السياحة الدينية', 'المعالم الأثرية']",arab,0,article
ar,"بين جزيرة ""تاروت"" وما يليها: دراسة تاريخية حضارية أثرية.",2013,مجلة دراسات الخليج والجزيرة العربية.,أماني عطية سلامة,10.34120/jgaps.v39i149.2197,https://openalex.org/W4399805355,['المتحف'],arab,0,article
ar,دعائم ترقية السياحة الصحراوية نموذج منطقة بني عباس بالجنوب الغربي الجزائري,2014,Dirassat Journal Economic Issue,Mohamed Kouidri; Souad Daouli,10.34118/djei.v5i1.545,https://openalex.org/W4299825163,['السياحة الصحراوية'],arab,0,article
ar,أوانی من طراز ریتون (Rhyton) بالمتحف المصری بالقاهرة,2013,The Conference Book of the General Union of Arab Archaeologists/The Conference Book of the General Union of Arab Archaeologists,hala nada,10.21608/cguaa.2013.31834,https://openalex.org/W2949745546,['المتحف'],arab,0,conference-paper
ar,الفكر العربي وآفاقه المستقبلية,2017,Tishreen University Journal- Arts and Humanities Sciences Series,ابراهيم رزوق; عقيل حسن,,https://openalex.org/W2943390956,['التراث الثقافي'],arab,0,article
ar,دور التسويق الرقمي في الترويج لسياحة المتاحف بالجزائر,2023,مجلة أنسنة للبحوث و الدراسات,إيمان بومعيزة; جمال بن زروق,10.46217/1065-014-002-012,https://openalex.org/W4411810449,['المتاحف'],arab,0,article
ar,المزيج الترويج وأهميته في تنشيط السياحة العلاجية بالجزائر حالة مؤسسة التسيير السياحي لحمام ريغة,2014,مجلة معهد العلوم الاقتصادية,زايد مراد,10.54244/1902-000-029-017,https://openalex.org/W2909518559,['السياحة العلاجية'],arab,0,article
ar,التحليل المكاني لمواقع السياحة الدينية في مدينتي النجف وكربلاء المقدستين,2023,Kufa Journal of Arts,وهاب الياسري; اسراء الياسري,10.36317/kaj/2023/v1.i56.11601,https://openalex.org/W4379011607,"['السائحين', 'السياحة الدينية']",arab,0,article
ar,"The Tulul Al-Baqarat and Eduu Projects : Archaeological Research , Education and Cultural Heritage Enhancement",2018,Al-Adab Journal,Carlo Lippolis; Jacopo Bruno; Eleonora Quirico; Ali Taha; Hasinean Mohammed; Haydar Taha,10.31973/aj.v1i125.36,https://openalex.org/W2906933520,['التراث الثقافي'],arab,1,article
ar,"تغطية شبكة قناة الجزيرة لموضوع مبادرة ""الحزام والطريق"": دراسة تحليلية باستخدام أنموذج LDA الموضوعي",2024,"Mağallaẗ Kulliyyaẗ Al-Adāb, Ǧāmiʿaẗ Al-Iskandariyyaẗ/Mağallaẗ Kulliyyaẗ Al-Adāb, Ǧāmiʿaẗ Al-Iskandariyyaẗ",سو تشو تينغ,10.21608/bfalex.2024.370485,https://openalex.org/W4401186418,['مبادرة الحزام والطريق'],china,0,article
ar,الرواية والتاريخ الماهية والعلاقة,2010,الخطاب,بوجمعة شتوان,,https://openalex.org/W2202223456,['السائح'],arab,0,article
ar,الأطعمة النباتية في الموروث الثقافي الغذائي بالمجتمع المحلي لمنطقة الأوراس - الجزائر,2025,مجلة الأكاديمية للدراسات الاجتماعية والإنسانية,مسيكة مرادي,10.33858/0500-017-001-007,https://openalex.org/W4411762392,['الموروث الثقافي'],arab,0,article
ar,إعادة الاعتبار للتراث العمراني في إطار تظاهرة قسنطينة عاصمة الثقافة العربية 2015 و أثره على التنمية السياحية بمدينة قسنطينة,2014,مجلة التراث,وليد بن الشيخ الحسين,10.12816/0009823,https://openalex.org/W4237626883,['التنمية السياحية'],arab,0,article
ar,تفعيل السياحة بالجزائر بالتركيز على السياحة الدينية ومقوماتها,2019,khazzartech الاقتصاد الصناعي,سميرة عبد الصمد; فوزية برسولي,,https://openalex.org/W3012423418,"['السياحة', 'السياحة الدينية']",arab,0,article
ar,دور استخدام التطبيقات الذكية في تنمية مستقبل السياحة الرقمية في مدينة نيوم الذكية من وجهة نظر المواطن السعودي,2023,مجلة کلية التربية (أسيوط),وصفي الكساسبة; إسماعيل أبو شلفه; خلف الحسين,10.21608/mfes.2023.317121,https://openalex.org/W4387065603,"['السائحين', 'السفر', 'السياحة']",arab,1,article
ar,الإعلام السياحي ودوره في دعم الاقتصاد الوطني - السياحة الطبيعية والأثرية (أنموذج الفعل السياحي),2021,مجلة التراث والتصميم,ناصر السلطني,10.21608/jsos.2021.142752,https://openalex.org/W3121154330,"['السياحي', 'المعالم الأثرية']",arab,0,article
ar,ظواهر الأسلوبیة فی سورة الحج,2018,,عزت ملاابراهیمی; بایزید تاند,10.22059/jal-lq.2018.217813.637,https://openalex.org/W2884402257,['الحج'],arab,0,article
ar,واقع و تحديات السياحة الصحراوية في الجزائر و دورها في التنمية الاقتصادية و الاجتماعية,2013,Revue des Economies financières bancaires et de management,رايس مبروك,,https://openalex.org/W3120745016,['السياحة الصحراوية'],arab,0,article
ar,عزل الفطريات من حشرة الصرصور الأمريكي (Periplaneta americana) المحفوظة في متحف الحشرات بقسم وقاية النبات,2021,AL-MUKHTAR JOURNAL OF SCIENCES,فتحية سعيد حامد; Zahra Ibrahim El-Gali,10.54172/mjsc.v36i4.578,https://openalex.org/W4205454310,['المتاحف'],arab,0,article
ar,دور سیاحة المغامرات کنمط سیاحی جدید فى تنمیة الجذب السیاحی لجمهوریة مصر العربیة,2020,المجلة العلمية لعلوم وفنون الرياضة,أسامة رجب عبدالمعبود سعودی,10.21608/ijssaa.2020.29354.1097,https://openalex.org/W3086048723,"['السائح', 'السائحين']",arab,0,article
ar,استخدام التقنيات الذكية في الأرشفة الإلكترونية بمعرض عمارة المسجد النبوي: نموذج مقترح,2025,Al-Mağallah Al-ʿarabiyyaẗ Al-Dawliyyaẗ Li Tuknūlūğyā Al-Maʿlūmāt wa Al-Bayānāt,وعد الهدباني; ليلى اليوبي,10.21608/aijtid.2024.327735.1102,https://openalex.org/W4406286128,['المتاحف'],arab,0,article
ar,Socio-Economic Role of the Site Museums for Visitors and Local Communities An Applied Study on Memphis Site Museum (Mit Rahina),2022,مجلة کلیة الآداب جامعة بورسعید,Fatma Ahmed Soliman,10.21608/jfpsu.2021.72482.1077,https://openalex.org/W4225988816,"['المتاحف', 'المتحف']",arab,0,article
ar,البنية الاقتصادية والاجتماعية لبلاد الحجاز إبان القرن الحادي عشر من خلال نماذج من الرحلات الحجية المغربية,2025,دورية کان التاريخية,محمد مزيان,10.21608/kan.2025.362105.1210,https://openalex.org/W4414294070,['الرحلات'],arab,0,article
ar,دور توظيف التعابير الإصطلاحية لدى المرشد السياحي – تلمسان,2017,Dépôt Institutionnel de lUniversité de Tlemcen,بشرى عاشور أول; زهيرة دايخ,,https://openalex.org/W7135331438,"['التراث الثقافي', 'السياحي', 'الموروث الثقافي']",arab,0,dissertation
ar,"التسويق السياحي للحضائر الوطنية في المواقع الإلكترونية الجزائرية:, دراسة على عينة من المواقع السياحية (ONT, Visitalgeria, Algerie-Monde, PPCA)",2021,المجلة الدولية للاتصال الاجتماعي,عبدالكريم بن عيشة; إسماعيل بن دبيلي,10.53284/2120-008-004-009,https://openalex.org/W4205965790,['التسويق السياحي'],arab,0,article
ar,أثر قدم الرسول ومقارنتها بلوحات الأقدام في الإسکندرية وغيرها من المدن المصرية,2013,دورية کان التاريخية,عائشة محمود عبد العال,10.21608/kan.2013.105895,https://openalex.org/W3202880548,['المتاحف'],arab,0,article
ar,التفاعل بين استراتيجية الرحلات المعرفية عبر الويب وأنماط التفكير والتعلم فى تنمية الاستيعاب المفاهيمى لدي طلاب المرحلة الثانوية فى مادة الفيزياء.,2025,مجلة تطوير الأداء الجامعى,حنان محمود المتولي يونس; عايدة عبد الحميد على السيد; محمد رشدى ابو شامة احمد,10.21608/jpud.2024.336166.1255,https://openalex.org/W4407886565,['الرحلات'],arab,0,article
ar,استخدام الإنزيمات في تنظيف وتقوية الآثار الرخامية,2024,Mağallaẗ Al-Maʿhad Al-ʿālī Lil Dirāsāt Al-Nawʿiyyaẗ /Mağallaẗ Al-Maʿhad Al-ʿālī Lil Dirāsāt Al-Nawʿiyyaẗ,محمد رجب إمام عبدالحميد; أ.د.شعبان محمد محمود عبدالعال; أ.د.محمد مصطفي عبدالمجيد,10.21608/hiss.2024.272738.1310,https://openalex.org/W4394626033,['الآثار'],arab,0,article
ar,دور الذكاء الاصطناعي في جودة خدمات السياحة: رؤى من الموظفين,2024,مجلة کلية السياحة والفنادق - جامعة مدينة السادات,اسراء سامي شعلان; هبة الله علي جعفر; بسام سمير الرميدي; عبدالفتاح سليمان شوالي,10.21608/mfth.2024.392509,https://openalex.org/W4404776894,"['السفر', 'السياحة', 'صناعة السياحة']",arab,2,article
ar,نصوص اكدية غير منشورة من المتحف العراقي,2026,مجلة دراسات في التاريخ والآثار,م.د. رنا وليد فتحي,10.65074/1z63e562,https://openalex.org/W7124762261,['المتحف'],arab,0,article
ar,تقييم الأنشطة المتحفية الخاصة بالمناهج المدرسية للحلقتين الأولى والثانية في دولة الإمارات,2024,Al-Adab Journal,مريم النقبي; منذر جمحاوي; أحمد سكر,10.31973/xnm8cj24,https://openalex.org/W4399703864,"['المتاحف', 'المتحف']",arab,0,article
ar,كتبة البردية الهيراطيقية رقم (JE 96274; CG 40020; SR 4/ 1532) في المتحف المصري بالقاهرة وسماتهم الخطية,2022,Abīdūs /Abīdūs,مصطفي طلعت شمس الدين; خالد حسن عبدالعزيز; أحمد على الأنصاري,10.21608/abidus.2023.173430.1004,https://openalex.org/W4361015963,['المتحف'],arab,0,article
ar,اهمية السياحة فى الاقتصاد العمانى.,2019,مجلة الفکر القانوني والاقتصادي,,10.21608/mfqa.2019.241022,https://openalex.org/W4293163756,['السياحة'],arab,0,article
ar,إعادة الإعتبار للتراث العمراني في إطار تظاهرة قسنطينة عاصمة الثقافة العربية 2015 وأثره على التنمية السياحية بمدينة قسنطينة,2015,مجلة الحوار الثقافي,ابن الشيخ الحسين وليد,10.37140/1701-004-002-017,https://openalex.org/W2570306696,['التنمية السياحية'],arab,0,article
ar,تحلیل دور الإدارة المحلیة فى عملیة دعم استغلال الموارد السیاحیة (بالتطبیق على محافظة الاسکندریة),2016,المجلة العلمیة لکلیة السیاحة و الفنادق جامعة الأسکندریة,سمیر علی,10.21608/thalexu.2016.47083,https://openalex.org/W2973790633,['التنمية السياحية'],arab,0,article
ar,الشراكة بین مصر وأوكرانیا على الصعید السیاحی,2021,المجلة الدولية للتراث والسياحة والضيافة,غادة علی حمود; غادة مجدی خلیل,10.21608/jihtha.2021.280447,https://openalex.org/W4317827082,"['السائح', 'السائحين', 'صناعة السياحة']",arab,0,article
ar,تأثير التسويق الأخضر الزائف على نوايا المستهلكين السلبية للشراء الأخضر: دراسة لشركات السياحة المصرية,2025,مجلة کلية السياحة والفنادق - جامعة مدينة السادات,ولاء مصطفى محمد الوردانى,10.21608/mfth.2025.423729,https://openalex.org/W4409863821,['صناعة السياحة'],arab,0,article
ar,المؤشرات التخطیطیة لتنمیة مواقع السیاحة الصحراویة البیئیة (منتزه الحجر الصحراوى بإقلیم العلا بالمملکة العربیة السعودیة -کدراسة حاله),2017,Journal of Al-Azhar University Engineering Sector,إبراهیم إبراهیم شرف الدین,10.21608/auej.2017.19263,https://openalex.org/W2901498730,"['السياحة البيئية', 'السياحة الصحراوية', 'السياحة المستدامة']",arab,0,article
ar,توظيف تطبيقات الذكاء الاصطناعي في تجريد الزخارف المصرية القديمة لتصميم تذكارات سياحية معاصرة تعزز الهوية البصرية,2026,مجلة بحوث التربية النوعية,وفاء محمد محمد سماحة; أميرة عبدالله نورالدين,10.21608/mbse.2026.504568.1748,https://openalex.org/W7203676901,"['السائح', 'السائحين']",arab,0,article
ar,دور مكاتب السياحة و السفر في ترويج الخدمات السياحية في الجزائر دراسة ميدانية بالتطبيق على مكاتب السياحة والسفر بالجزائر العاصمة,2012,مجلة الإقتصاد الجديد,عـداد رشيـدة,,https://openalex.org/W2954142311,['السفر'],arab,0,article
ar,توظيف الموارد السياحية في السودان,2022,,علي محمد عثمان العراقي,10.46673/1311-000-046-005,https://openalex.org/W4411915447,['السياحية'],arab,0,article
ar,تقییم رضا السائحین عن الجهود التسویقیة المبذولة لمصر کمقصد لسیاحة التراث,2019,المجلة الدولية للتراث والسياحة والضيافة,دولت عز الدین; هناء فاید; نانسى فوزى; محمد عبد الرؤوف,10.21608/jihtha.2019.77515,https://openalex.org/W3012419319,"['السائح', 'السائحين']",arab,0,article
ar,سیاحه الافلام کأحد محددات ادراک المقصد السیاحى,2022,مجلة کلية السياحة والفنادق - جامعة مدينة السادات,هبة الفخرانی,10.21608/mfth.2022.252474,https://openalex.org/W4290017424,"['السائح', 'السفر']",arab,0,article
ar,الآثار الباقیة من جامع السیدة المندثر فی مدینة الجزائر العثمانیة (دراسة تاریخیة وأثریة),2014,The Conference Book of the General Union of Arab Archaeologists/The Conference Book of the General Union of Arab Archaeologists,لطیفـة بورابـة,10.21608/cguaa.2014.43267,https://openalex.org/W2969533969,['المتحف'],arab,0,conference-paper
ar,سياحة المواطنة العلمية في اهوار العراق,2024,مجلة واسط للعلوم الانسانية,الباحث زياد وهاب احمد; الباحث ماهر عبد المجيد عبد الرزاق; الباحث اوين داربيشاير; الباحث رحيم حميد عبد,10.31185/wjfh.vol20.iss3.538,https://openalex.org/W4404425350,['السياحة المستدامة'],arab,0,article
ar,التشكيل الفني و الالعاب الشعبية التراثية في احتفالية الوعدة بمنطقة مغنية الفنان آير ميمون انموذجا,2023,Dépôt Institutionnel de lUniversité de Tlemcen,فضيلة بوحوص,,https://openalex.org/W7135251957,['التراث الثقافي'],arab,0,dissertation
ar,تأثير العمليات المورفومناخية على مدينة نيبور (نفر) الحضارية,2022,Journal of Tikrit University for Humanities,Marwah A. Hasan; Falah H. Abed; Sarhan Al-Khafaji,10.25130/jtuh.29.11.1.2022.11,https://openalex.org/W4309028724,['المعالم الأثرية'],arab,1,article
ar,التنمية السياحية المستدامة للمدن الأثرية الساحليةدراسة تطبيقية: (مدينة القصير - محافظة البحر الأحمر),2020,Architecture and Planning Journal (APJ),علاء الدين عادل الألفي,10.54729/2789-8547.1125,https://openalex.org/W3119339023,"['التنمية السياحية', 'السائحين', 'السياحية']",arab,1,article
ar,مقبض سيف على هيئة نسر محفوظ في المتحف اليوناني الروماني بالإسكندرية,2024,Luxor International Journal of Archaeological Studies,Nagwa Abdelnaby Abdelrahma Ibrahim,10.21608/lijas.2024.287747.1037,https://openalex.org/W4400042995,['المتحف'],arab,0,article
ar,تنافسية الصناعة السياحية في الجزائر وتحديات تطويرها,2018,مجلة التنمية والاقتصاد التطبيقي,بن مرزوق نبيل; سراي صالح,,https://openalex.org/W2989467677,['السياحية'],arab,0,article
ar,ثقافه الکاتب فی التراث النقدی,2019,مجلة مرکز الخدمة للاستشارات البحثية واللغات,فتحی علی عبده,10.21608/jocr.2019.127831,https://openalex.org/W4237724834,['التراث'],arab,0,article
ar,التراث في القرآن الكريم وفي الحديث,2021,,مظفر أحمد شيخ,,https://openalex.org/W3206552317,['التراث'],arab,0,article
ar,الحق في السفر كأحد الحقوق الدستورية، وعلاقته بحقوق الإنسان الأخرى (دراسة مقارنة),2022,Al-Mağallaẗ Al-ʿarabiyyaẗ lil Ādāb wa Al-Dirāsāẗ Al-Insāniyyat,أنس أحمد عبد الله بن لجدم,10.21608/ajahs.2022.266186,https://openalex.org/W4307114262,['السفر'],arab,0,article
ar,الآثار تقوض المشروع الصهيوني,2010,,أحمد الدبش,,https://openalex.org/W159657784,['الآثار'],arab,0,article
ar,العلاقة بين القيادة الريادية والسلوك الإبداعي للموظفين في قطاعي الضيافة والسياحة: دور الرشاقة التنظيمية,2023,مجلة کلية السياحة والفنادق - جامعة مدينة السادات,محمد هاني عبد الهادى; أحمد أحمد عبد السلام سعيد; إسماعيل محمد حسين; رانيا السيد إبراهيم أبو,10.21608/mfth.2023.320563,https://openalex.org/W4387622061,"['السفر', 'الضيافة', 'صناعة السياحة']",arab,0,article
ar,واقع التنافسية السياحية في الدول العربية,2023,مجلة دفاتر اقتصادية,مسكين عبدالحفيظ,10.36530/1661-014-001-031,https://openalex.org/W4411899066,['السياحية'],arab,0,article
ar,الروابط التاريخية والتفاعلات الثقافية بين العرب واليابان,2024,Afāq Asyawiyyaẗ,نيرفانا حسين محمد الصبرى,10.21608/sis.2024.291486.1156,https://openalex.org/W4399535056,['التراث الثقافي'],arab,0,article
ar,دراسة تحليلية لواقع القطاع السياحي الجزائري وإمكانياته,2016,معارف,عرابة رابح; دلهوم جهيدة,,https://openalex.org/W2949609845,['السياحي'],arab,0,article
ar,الجدوى الإقتصادیة من تنظیم الإتحاد المصری لکرة القدم لکأس الأمم الأفریقیة لکرة القدم 2019 م ( التکالیف / الأرباح ),2019,المجلة العلمیة للتربیة البدنیة وعلوم الریاضة جامعة حلوان,طه محمود طه بخیت,10.21608/jsbsh.2019.58286,https://openalex.org/W2990579533,['الضيافة'],arab,0,article
ar,صور من تهوید التراث الفلسطینی,2010,The Conference Book of the General Union of Arab Archaeologists/The Conference Book of the General Union of Arab Archaeologists,Faraj Allah A.Yousef,10.21608/cguaa.2010.37348,https://openalex.org/W2958006765,['التراث'],arab,0,conference-paper
ar,تصميم وتنفيذ نماذج لتذكارات مقتبسة من التراث الديني والملبسي والمعماري كجزء من السياحة الدينية في المملكة العربية السعودية.,2014,مجلة دراسات الخليج والجزيرة العربية.,أروى داود خميس,10.34120/jgaps.v40i153.2245,https://openalex.org/W4399805556,"['السائح', 'السياحة الدينية']",arab,0,article
ar,واقع آفاق تطوير قطاع السياحة في العراق وفق أهداف التنمية المستدامة,2022,Al-Ghary Journal of Economic and Administrative Sciences,بيداء جواد كاظم; زهراء علي جبري; زهراء فاضل عباس,10.36325/ghjec.v18i00.14410,https://openalex.org/W4399713255,['التنمية السياحية'],arab,0,article
ar,فن الطفل في الجزائر,2018,Dépôt Institutionnel de lUniversité de Tlemcen,يوسف رقاد,,https://openalex.org/W7135313153,['المتاحف'],arab,0,dissertation
ar,التسويق السياحي وأثره في تحقيق التنمية المستدامة دراسة حالة تونس 2010-2019,2021,مجلة النمو الاقتصادي والمقاولاتية,فتحي بن عمر; حاج بلقاسم فرحات,,https://openalex.org/W3120219263,['التسويق السياحي'],arab,0,article
ar,تمثيلات الأنباط في التراث العربي,2022,Arts for Linguistic & Literary Studies,ميّ عبد العزيز الوثلان,10.53286/arts.v1i15.896,https://openalex.org/W4320066506,['التراث'],arab,0,article
ar,قراءات وظيفية في التراث اللساني العربي,2015,مجلة الاداب واللغات,أمينة حسني,,https://openalex.org/W3190633455,['التراث'],arab,0,article
ar,"المعرض الأثري ""ظلال ابن سينا"" رؤية تقويمية في ضوء المعايير الدولية المنظمة للمعارض المتحفية المعارة",2025,Bulletin of the Center Papyrological Studies,فاطمة الرفاعي,10.21608/bcps.2025.435478,https://openalex.org/W4411822026,['المتاحف'],arab,0,article
ar,التحليل السيميائي للصور الصحفية المصاحبة لموضوعات التنمية السياحية المستدامة في الصحف الإلكترونية المصرية,2024,Mağallaẗ Kulliyyaẗ Al-Adāb Ǧāmiʿaẗ Aswan,مي سامي,10.21608/mkasu.2024.286074.1303,https://openalex.org/W4400922997,['التنمية السياحية'],arab,0,article
ar,الآثار المحاسبية لتطبيق محاسبة التضخم على القوائم المالية,2022,Al-Ghary Journal of Economic and Administrative Sciences,عماد غفوري عبود; سامي حاتم مطر,10.36325/ghjec.v18i2.13926,https://openalex.org/W4390338347,['الآثار'],arab,0,article
ar,تنوع التراث اللامادي ثراء السياحة في الجزائر,2022,,يامن بلمرداسي; صليحة عشي; سهام العقون,10.54528/1549-007-001-017,https://openalex.org/W4411901564,['السياحة'],arab,0,article
ar,توظيف زخارف التراث السعودي وجمالياته في إثراء منتجات نفعية معاصرة باستخدام التطريز اليدوي,2024,مجلة بحوث التربية النوعية,FATMA MOHAMED,10.21608/mbse.2024.295771.1488,https://openalex.org/W4402443993,['الموروث الثقافي'],arab,0,article
ar,النمذجة الإحصائية لقياس أثر السياحة على التنمية المستدامة دراسة حالة الجزائر,2015,Dépôt Institutionnel de lUniversité de Tlemcen,Rabia Mellal,,https://openalex.org/W2609421866,['السياحة المستدامة'],arab,0,dissertation
ar,مدى أهمية المشاريع العمومية في تحقيق تنمية السياحة البيئية PARC CITADIN دراسة حالة مشروع بولاية تلمسان,2017,Dépôt Institutionnel de lUniversité de Tlemcen,Saliha Ghourzi; Safia Djellouli,,https://openalex.org/W7135252405,['السياحة البيئية'],arab,0,other
ar,"صورة المغرب في الرحلات الألمانية ""جيرهارد رولفس"" Gerhard Rohlfs أنموذجا : دراسة و ترجمة",2018,Toubkal,مفتاح مؤنس,10.83129/toubkal-25089,https://openalex.org/W7166177280,['الرحلات'],arab,0,other
ar,أثر استخدام الخدمات الإلکترونية في تحقيق القدرة التنافسية للسياحة في المملکة العربية السعودية (دراسة حالة على فنادق الخمس نجوم في مدينة الرياض),2022,المجلة العملیة التجارة والتمویل,خالد بن عمير العتيبي,10.21608/caf.2022.239042,https://openalex.org/W4281563709,['صناعة السياحة'],arab,0,article
ar,التراث العلمي لمكة في عصر الراشدين,2023,تراثيات,صلاح الدين علي عاشور,10.21608/tars.2023.375451,https://openalex.org/W4402092961,['التراث'],arab,0,article
ar,متاحف البيوت التراثية في العراق,2024,مجلة الشرق الأوسط للعلوم الإنسانية والثقافية,أ.د. هديب حياوي; د. فوزية المالكي,10.56961/mejhss.v4i4.785,https://openalex.org/W4405858430,['التراث الثقافي'],arab,0,article
ar,صناعة الحدود النحوية في التراث النحوي,2024,مجلة الألسن للغات والعلوم الإنسانية,أسامة سيد المطراوي,10.21608/maks.2024.269961.1050,https://openalex.org/W4392096382,['التراث'],arab,0,article
ar,"تداعيات الأزمة الخليجية الجيوسياسية:, الآثار والمخاطر والحلول",2020,مجلة القلم,أحمد مناع سحيم الهاجرى; بحر الدين ابن شيبة; أمير عبدالوهاب مرشد,10.35695/1946-000-017-015,https://openalex.org/W4389437821,['الآثار'],arab,0,article
ar,أثر لون الملصقة الإعلانية على سلوك السائح الجزائري,2015,Revue de Recherches et Etudes Scientifiques,إسطمبولي أسماء,,https://openalex.org/W2912822312,['السائح'],arab,0,article
ar,موقف الشباب من عمل المرأة في القطاع السياحي : دراسة حالة الطلبة في الجامعة الأردنية = Youth Attitudes towards Women's Work in Tourism Sector : Case Study : The University of Jordan,2015,Jordan Journal of Social Sciences,رزان فلاح الزعبي; أمل محمد علي الخاروف,10.12816/0019994,https://openalex.org/W2338291363,['السياحي'],arab,2,article
ar,المظاهر الحضارية في أدب الرحلات الأندلسية ابن جبير نموذجا,2022,Dépôt Institutionnel de lUniversité de Tlemcen,زوليخة مجاهدي,,https://openalex.org/W7135348272,['الرحلات'],arab,0,dissertation
ar,تقییم التسهیلات والتجهیزات اللازمة للسیاحة الریاضیة بجنوب سیناء,2020,المجلة الدولية للتراث والسياحة والضيافة,غادة عبد الله محمد; نیفین جلال عید; رشا أحمد خلیل; إیمان رضا السحیلى,10.21608/jihtha.2020.140596,https://openalex.org/W3121927507,['السائحين'],arab,0,article
ar,مبادرة الحزام والطریق واثرها على السیاحة الصینیة المغادرة: دراسة جغرافیة,2021,المجلة الجغرافية العربية,عدلی انیس سلیمان,10.21608/agj.2021.211672,https://openalex.org/W4206078371,"['طريق الحرير', 'مبادرة الحزام والطريق']",both,0,article
ar,دور النقل السياحي في تنشيط وتفعيل القطاع السياحي بالجزائر لتحقيق التنمية,2017,مجلة الأصيل للبحوث الاقتصادية والإدارية,سعودي عبد الصمد; سعودي بلقاسم; ولد لغواطي سعيدة,,https://openalex.org/W2943040503,['السياحي'],arab,0,article
ar,العولمة السياحية -الإمارات العربية المتحدة نموذجا-,2017,مجلة افاق علوم الادارة والاقتصاد,صبيحي شهيناز,,https://openalex.org/W2950520257,['السياحية'],arab,0,article
ar,"استخدام إدراك المستهلك الجزائري لأنشطة التسويق السياحي عبر مواقع التواصل الاجتماعي كمدخل للتأثير على اتجاهاته نحو السياحة الداخلية:, دراسة ميدانية",2025,مجلة الأكاديمية للدراسات الاجتماعية والإنسانية,شراف براهيمي; فاتح مجاهدي; عبدالرحيم زديوي,10.33858/0500-017-001-010,https://openalex.org/W4411762410,['التسويق السياحي'],arab,0,article
ar,طبيعة العلاقات السعودية الصينية بعد 2015,2025,Al-Rafidain Journal of Political Science,خليل سبهان مهوس; صباح صالح محمد,10.33899/rjps.v1i1.21941,https://openalex.org/W4412913956,['مبادرة الحزام والطريق'],both,0,article
ar,إحیاء التراث المصری لحرفة الفضة الیدویة,2022,مجلة کلية السياحة والفنادق - جامعة مدينة السادات,إیمان نبیل خلاف; دینا محمد عز الدین; ریهام أحمد خیرى الشیوى,10.21608/mfth.2022.285574,https://openalex.org/W4320909838,['التراث الثقافي'],arab,0,article
ar,إنتلجنسيا صناعة الصورة السياحية وإستراتيجيات الإتصال الحديثة,2017,مجلة الحوار الثقافي,صلاح فلاق شبرة,10.37140/1701-007-001-005,https://openalex.org/W2772462276,['السياحية'],arab,0,article
ar,الآثار العمرانية الإسبانية في الجزائر,2012,مجلة منبر التراث الأثري,عبد القادر فكاير,,https://openalex.org/W3158501798,['الآثار'],arab,0,article
ar,"""تقییم دور الإتحاد المصرى للغرف السیاحیة فی دعم النشاط الفندقى لمواجهة اثار فیروس کورونا المستجد""",2020,المجلة الدولية للتراث والسياحة والضيافة,هانى عاطف قزمال; محمد حسین عبد الجابر,10.21608/jihtha.2020.142226,https://openalex.org/W3125976365,['السائحين'],arab,0,article
ar,مراكز المعلومات والمكتبات المهددة بأخطار الحروب: حالة الكويت والعراق (اللغة الانجليزية).,2012,مجلة دراسات الخليج والجزيرة العربية.,تغريد القدسي جبرا,10.34120/jgaps.v38i147.2169,https://openalex.org/W4399805409,"['المتاحف', 'الموروث الثقافي']",arab,0,article
ar,أثر خصائص مؤثري إنستغرام من فئة الماكرو على نية السفر لدى سكان دولة قطر نحو الوجهات الأوروبية,2026,Mağallaẗ Al-Nīl Lilʿulūm Al-Tiğāriyyaẗ wa Al-Qānūniyyaẗ wa Nuẓum Al-Maʿlūmāt,أ. د. محمد حمدي الخصاونة; أ. عايشة احمد عبداللهي,10.21608/mnsli.2026.489430.1157,https://openalex.org/W7168096807,['السفر'],arab,0,article
ar,تحدیات وحلول لمشاكل الموارد البشریة التی تواجهها الشركات الصینیة فی السوق العربی,2022,مجلة کلية التربية بدمياط,شه لی,10.21608/jsdu.2022.265664,https://openalex.org/W4307275328,['التعاون الصيني العربي'],both,0,article
ar,السياحة الجزائرية بين التنمية والتقارير,2021,التكامل الاقتصادي,كمال بلحاج; محمد شكري قازي أول,,https://openalex.org/W3214375880,['السياحة'],arab,0,article
ar,المتاحف ودورها فى نشر الثقافة السیاحیة وجذب السائحین إلى مصر - دراسة حالة على المتحف المصرى,2017,المجلة الدولية للتراث والسياحة والضيافة,منال توفیق; علاء الدین عبد اللطیف,10.21608/jihtha.2017.28084,https://openalex.org/W2919175546,"['التنمية السياحية', 'السائح', 'السائحين', 'السياحة الثقافية', 'المتاحف', 'المتحف']",arab,2,article
ar,السياحة البيئية كآلية لدعم تحقيق تنمية سياحية مستدامة - ايضاءات على بعض التجارب العربية –,2016,مجلة التنمية الاقتصادية,بوعكريف زهير; بوحبيلة إلهام,,https://openalex.org/W2786842213,['السياحة البيئية'],arab,0,article
ar,فاعلية استراتيجية التدريس المعتمدة على الرحلات المعرفية (Web Quest) في تنمية مهارات التفكير الناقد في النصوص الأدبية وبقاء أثر تعلمها,2020,Jordan Journal of Educational Sciences,,10.47015/16.2.2,https://openalex.org/W4246697818,['الرحلات'],arab,0,article
ar,العامل الثقافي ودوره في التنمية السياحية المستدامة في مدينة خانقين,2025,Journal of the College of Education for Girls for Humanities,زياد اسماعيل; علا مهدي,10.36327/ewjh.v1i33.14744,https://openalex.org/W4406822645,['التنمية السياحية'],arab,0,article
ar,مناهج الدراسة اللغوية في التراث العربي,2017,,Walfajri Walfajri,,https://openalex.org/W2953914039,['التراث'],arab,0,article
ar,مشكلات مهارة الكلام لدى طلبة اللغة العربية في الجامعة الإسلامية العالمية بماليزيا واستراتيجياتهم في التغلب عليها = The problems of speaking skill among Arabic language students at International Islamic University Malaysia and their strategies to overcome them,2025,The International Islamic University Malaysia Repository (The International Islamic University Malaysia),Muhammad Hafidzi Airulhizan; Nashihul Murtadho; Radhwa Abu Bakar,,https://openalex.org/W7117941679,['السياحة المستدامة'],arab,0,article
ar,السیاحة التراثیة ودورها فی صناعة السیاحة وتفعیل عملیة استقطاب السائحین إلى الأردن,2017,المجلة الدولية للتراث والسياحة والضيافة,محمد الصرایره,10.21608/jihtha.2017.28078,https://openalex.org/W2920297675,"['التنمية السياحية', 'السائح', 'السائحين', 'السياحة التراثية', 'صناعة السياحة']",arab,0,article
ar,صناعة السياحة والعولمة واقع وتحديات دراسة حالة الجزائر,2012,Revue Les Cahiers du POIDEX,Abederahman Yassad; Djamila Ahssen,,https://openalex.org/W2954946986,['صناعة السياحة'],arab,0,article
ar,عقد الامتياز كآلية لاستغلال العقار السياحي في الجزائر,2019,مجلة العلوم الإنسانية,إلهام بعبع,10.34174/0079-000-052-041,https://openalex.org/W2998219752,['السياحي'],arab,0,article
ar,تحليل الظروف المناخية للفصول الاربعة النظرية باستخدام مؤشر(TCI) دراسة الحالة في العراق,2022,Journal of Education College Wasit University,ستار ترف رزاق القريشي; محمد محسن ولي الگوران,10.31185/eduj.vol48.iss3.3177,https://openalex.org/W4297147899,['صناعة السياحة'],arab,0,article
ar,تسويق وجهة الجزائر ضمن المخططات التوجيهية للتهيئة السياحية الولائية,2018,مجلة جامعة الأمير عبد القادر للعلوم الإسلامية,حسيبة سميرة,,https://openalex.org/W2882978999,['السياحية'],arab,0,article
ar,"دور سياسات التسويق السياحي في بناء اقتصاد سياحي منافس:, حالة دبي",2018,مجلة أرصاد للدراسات الاقتصادية والإدارية,عز الدين بوحبل; إيمان منيب; سارة بوحبل,10.52863/2261-000-001-011,https://openalex.org/W4256347450,['التسويق السياحي'],arab,0,article
ar,"""نحو سیاسات واستراتیجیات جدیدة لإدارة وحفظ السیاحة الثقافیة فی مصر - حالة دراسة: مدینة الفیوم""",2021,مجلة العمارة والفنون والعلوم الإنسانية,سارة ساهر رأفت الخریبی; مدحت سمره,10.21608/mjaf.2020.46456.1953,https://openalex.org/W3122092493,"['السياحة الثقافية', 'صناعة السياحة']",arab,0,article
ar,"السياحة والتنمية المستدامة في الجزائر:, دراسة تحليلية",2020,مجلة الإدارة والتنمية للبحوث والدراسات,حميد فشيت; صوفيا حديبي,10.51991/2230-009-002-009,https://openalex.org/W3116078537,['السياحة'],arab,0,article
ar,دراسة لأحد الطرز النقدیة للإمبراطور هادریانوس (من خلال نشر قطعتین نقدیتین من المتحف المصرى بالقاهرة),2020,مجلة الإتحاد العام للآثاريين العرب,مروه فاروق بدوى,10.21608/jguaa.2020.27015.1080,https://openalex.org/W3032938481,['المتحف'],arab,0,article
ar,الجن في التراث العربي دراسة ببلوجرافية,2024,Mağallaẗ Kulliyyaẗ Al-Adāb Ǧāmiʿaẗ Aswan,عبدالله الدريس,10.21608/mkasu.2024.270396.1285,https://openalex.org/W4393159137,['التراث'],arab,0,article
ar,"دور التخطيط السياحي في تحقيق أهداف التنمية السياحية المستدامة:, حالة الجزائر في إطار المخطط التوجيهي للتنمية السياحية 2030",2021,مجلة العلوم الانسانية,فضيلة بوطورة; نوفل سمايلي,10.37136/1003-021-001-048,https://openalex.org/W3169330038,"['التنمية السياحية', 'السياحية']",arab,0,article
ar,الدروس العقدية من صلح الحديبية,2019,Journal of King Abdulaziz University Arts and Humanities,مريم علي الحوشاني مريم علي الحوشاني,10.4197/art.27-3.4,https://openalex.org/W3007839258,['العمرة'],arab,0,article
